stg_row_id,source_table,ride_id,rideable_type,started_at,ended_at,start_station_name,start_station_id,end_station_name,end_station_id,start_lat,start_lng,end_lat,end_lng,member_casual
500,tripdata_1,F58995632AC890D0,electric_bike,"2026-05-02 18:17:18.624","2026-05-02 18:25:02.292","Monroe St & Tompkins Ave",4434.06,"Patchen Ave & Bainbridge St",4261.03,40.686203,-73.944694,40.68143,-73.92565,casual
1000,tripdata_1,22721486EA3BAB37,electric_bike,"2026-05-08 19:06:43.094","2026-05-08 19:13:33.268","Monroe St & Classon Ave",4336.01,"Monroe St & Tompkins Ave",4434.06,40.6845683,-73.95881081,40.686203,-73.944694,member
1500,tripdata_1,3354E991671FC7EE,classic_bike,"2026-05-11 18:02:36.706","2026-05-11 18:19:14.915","Riverside Dr & W 82 St",7388.1,"Amsterdam Ave & W 73 St",7260.09,40.78720869,-73.98128127,40.77966809007312,-73.98093044757842,member
2000,tripdata_1,02150F4F1572D396,electric_bike,"2026-05-07 17:44:10.078","2026-05-07 18:03:00.087","Adams St & Prospect St",4821.1,"Union Ave & Jackson St",5300.06,40.700763083261506,-73.98869812488556,40.7160751,-73.952029,member
2500,tripdata_1,B09307ED050354D9,electric_bike,"2026-05-13 16:16:43.553","2026-05-13 16:37:49.884","Driggs Ave & S 2 St",5235.1,"St Marks Ave & Ralph Ave",4031.05,40.712628,-73.960575,40.67372,-73.92199,member
3000,tripdata_1,B0FCDBFBF19ED32C,electric_bike,"2026-05-02 13:09:11.786","2026-05-02 13:13:29.157","50 St & Northern Blvd",6511.03,"57 St & 43 Ave",6158.06,40.753441,-73.912402,40.74324,-73.908,member
3500,tripdata_1,16383A12427C7378,classic_bike,"2026-05-05 08:12:09.414","2026-05-05 08:14:39.509","W 50 St & 10 Ave",6890.06,"8 Ave & W 49 St",6747.07,40.764734200065185,-73.99194359779358,40.76171227910671,-73.98655101656914,member
4000,tripdata_1,EBD3B91BDDA4A95A,electric_bike,"2026-05-12 06:14:11.258","2026-05-12 06:25:00.249","E 2 St & Ave C",5476.03,"1 Ave & E 44 St",6379.03,40.7208736,-73.98085795,40.75001986,-73.96905301,member
4500,tripdata_1,2D49BEEDB35DEE1E,electric_bike,"2026-05-10 18:32:52.879","2026-05-10 18:48:32.704","Franklin St & W Broadway",5430.08,"S 4 St & Wythe Ave",5204.05,40.71911552,-74.00666661,40.71285887,-73.96590294,member
5000,tripdata_1,FC9880D97D0F8CD6,electric_bike,"2026-05-08 13:49:03.612","2026-05-08 13:54:37.713","West End Ave & W 60 St",7059.08,"Amsterdam Ave & W 73 St",7260.09,40.77237,-73.99005,40.77966809007312,-73.98093044757842,member
5500,tripdata_1,5291F8ED2913597D,electric_bike,"2026-05-06 13:40:50.387","2026-05-06 13:47:27.260","11 Ave & W 41 St",6726.01,"8 Ave & W 49 St",6747.07,40.76030096,-73.99884222,40.76171227910671,-73.98655101656914,member
6000,tripdata_1,41EAB7673329FD67,electric_bike,"2026-05-11 17:03:47.898","2026-05-11 17:11:52.942","E 8 St & Beverley Rd",3080.01,"Bedford Ave & Maple St",3625.04,40.64369,-73.97163,40.66035,-73.95679,member
6500,tripdata_1,E2E835529D19050F,electric_bike,"2026-05-05 18:08:40.404","2026-05-05 18:51:09.591","Central Park S & 6 Ave",6876.04,"Central Park S & 6 Ave",6876.04,40.76590936,-73.97634151,40.76590936,-73.97634151,casual
7000,tripdata_1,516604741D30180E,electric_bike,"2026-05-11 12:15:06.342","2026-05-11 13:00:50.922","Central Park S & 6 Ave",6876.04,"Central Park S & 6 Ave",6876.04,40.76590936,-73.97634151,40.76590936,-73.97634151,casual
7500,tripdata_1,C1E961B86ED7D1BC,electric_bike,"2026-05-03 10:33:05.333","2026-05-03 10:57:42.411","Roosevelt Island Tramway",6599.01,"Roosevelt Island Tramway",6599.01,40.757284,-73.9536,40.757284,-73.9536,casual
8000,tripdata_1,0E7FE53D25520920,electric_bike,"2026-05-09 12:11:25.701","2026-05-09 12:18:28.824","Bushwick Ave & Dekalb Ave",4680.05,"Myrtle Ave & Marcy Ave",4707.03,40.69502,-73.92825,40.69539817,-73.94954908,member
8500,tripdata_1,CD2EE492A73950FF,electric_bike,"2026-05-07 15:29:02.570","2026-05-07 15:36:36.941","Driggs Ave & N Henry St",5542.04,"Berry St & N 8 St",5379.09,40.72325,-73.94308,40.7190095,-73.95852515,member
9000,tripdata_1,4C6D190C0B471AA3,electric_bike,"2026-05-06 09:27:17.554","2026-05-06 09:44:06.702","Gramercy Park N & Gramercy Park E",6013.12,"E 63 St & 3 Ave",6830.02,40.73795,-73.98509,40.763954,-73.9646,member
9500,tripdata_1,3C08828B1ECD6B3F,electric_bike,"2026-05-14 08:49:18.629","2026-05-14 08:54:24.392","President St & Nostrand Ave",3839.02,"Pacific St & Nostrand Ave",4140.03,40.66811,-73.9505,40.6776,-73.94963,casual
10000,tripdata_1,6609541DF33E233E,electric_bike,"2026-05-13 10:43:15.482","2026-05-13 10:51:26.025","Amory Ct & Metropolitan Ave",5217.03,"Irving Ave & DeKalb Ave",4898.02,40.71301,-73.90968,40.7027,-73.92095,member
10500,tripdata_1,314CC50A38433CAD,electric_bike,"2026-05-11 18:00:07.705","2026-05-11 18:03:02.109","Central Ave & Starr St",4792.03,"Irving Ave & DeKalb Ave",4898.02,40.700003,-73.92834,40.7027,-73.92095,member
11000,tripdata_1,7EFEA3F97B939889,electric_bike,"2026-05-08 06:14:34.839","2026-05-08 06:24:05.963","10 Ave & W 207 St",8613.09,"W 168 St & Fort Washington Ave",8226.07,40.864632,-73.918598,40.84210236102173,-73.9422395825386,member
11500,tripdata_1,12D4EE584D4EAD1F,electric_bike,"2026-05-06 23:05:15.540","2026-05-06 23:11:06.926","E 182 St & Grand Concourse",8494.07,"Grand Ave & W Fordham Rd",8571.02,40.85591,-73.90051,40.86288,-73.90316,casual
12000,tripdata_1,628447BA0DCCE7C7,electric_bike,"2026-05-14 18:42:55.478","2026-05-14 18:46:45.151","E 2 St & Ave B",5515.02,"Columbia St & Rivington St",5365.02,40.72217444,-73.98368779,40.71739973,-73.98016555,casual
12500,tripdata_1,C074AFCCC4F44955,electric_bike,"2026-05-04 08:41:17.621","2026-05-04 08:44:04.793","N Henry St & Norman Ave",5656.03,"Norman Ave & Leonard St",5666.11,40.7277,-73.94395,40.725819,-73.950815,member
13000,tripdata_1,C92981E3F6D83F59,electric_bike,"2026-05-06 17:34:57.483","2026-05-06 17:44:57.531","Myrtle Ave & St Edwards St",4659.02,"Johnson St & Gold St",4668.08,40.69327018,-73.97703874,40.69474881,-73.98362464,member
13500,tripdata_1,8312960B755447F2,electric_bike,"2026-05-08 10:03:27.209","2026-05-08 10:13:47.711","64 St & Woodbine St",5057.09,"Knickerbocker Ave & George St",4979.07,40.70809,-73.89549,40.704425,-73.92836,member
14000,tripdata_1,98D6BF49AD4F07A6,electric_bike,"2026-05-07 19:44:05.416","2026-05-07 19:54:55.130","Broadway & Kosciuszko St",4608.01,"Pacific St & Nostrand Ave",4140.03,40.69329,-73.92852,40.6776,-73.94963,member
14500,tripdata_1,F0DB8DBC626E95B4,classic_bike,"2026-05-10 13:19:37.240","2026-05-10 13:27:59.159","Classon Ave & St Marks Ave",4074.14,"Wyckoff St & 3 Ave",4290.06,40.676513,-73.959431,40.6827549,-73.98258555,member
15000,tripdata_1,EE48F03084999F9D,electric_bike,"2026-05-01 08:33:19.729","2026-05-01 08:37:54.491","Bergen St & Troy Ave",4048.03,"Pacific St & Nostrand Ave",4140.03,40.67524,-73.93596,40.6776,-73.94963,casual
15500,tripdata_1,AF45CFB462A23515,electric_bike,"2026-05-14 15:49:22.755","2026-05-14 15:55:12.290","Broadway & W 160 St",8157.06,"W 145 St & Amsterdam Ave",7997.08,40.835775,-73.9434,40.825244,-73.947257,casual
16000,tripdata_1,F4BE1E987FAF630F,electric_bike,"2026-05-14 08:07:43.631","2026-05-14 08:17:10.983","E 1 St & 1 Ave",5593.01,"E 33 St & 1 Ave",6197.08,40.72335597960796,-73.98864984512329,40.74322681432173,-73.97449783980846,member
16500,tripdata_1,B4861478F426B535,electric_bike,"2026-05-02 15:45:11.017","2026-05-02 15:54:31.232","Columbia St & Rivington St",5365.02,"Columbia St & Rivington St",5365.02,40.71739973,-73.98016555,40.71739973,-73.98016555,member
17000,tripdata_1,171E7410F665D3BA,electric_bike,"2026-05-11 10:36:22.848","2026-05-11 11:04:07.971","57 St & 1 Ave",3178.02,"Prospect Park SW & Vanderbilt St",3457.03,40.646377,-74.023087,40.65482,-73.973217,member
17500,tripdata_1,0BC8626888631962,classic_bike,"2026-05-11 19:02:17.881","2026-05-11 19:26:59.968","Schermerhorn St & Court St",4565.07,"Prospect Park SW & Vanderbilt St",3457.03,40.6910363748993,-73.99201065301895,40.65482,-73.973217,member
18000,tripdata_1,13078714412A4FE3,classic_bike,"2026-05-06 09:12:35.836","2026-05-06 09:24:57.206","W 39 St & 9 Ave",6644.04,"E 33 St & 1 Ave",6197.08,40.75645824,-73.99372222,40.74322681432173,-73.97449783980846,member
18500,tripdata_1,400F1BBB2092223D,classic_bike,"2026-05-04 17:49:11.705","2026-05-04 17:54:22.343","W 30 St & 10 Ave",6459.07,"W 20 St & 7 Ave",6182.02,40.752694,-74.002353,40.74238787,-73.99726235,member
19000,tripdata_1,33752685D22D9EA3,electric_bike,"2026-05-06 06:29:52.810","2026-05-06 06:36:15.932","E 15 St & 3 Ave",5863.07,"E 33 St & 1 Ave",6197.08,40.734232,-73.986923,40.74322681432173,-73.97449783980846,member
19500,tripdata_1,E04FC960E00C2844,electric_bike,"2026-05-04 13:00:10.389","2026-05-04 13:25:58.283","Underhill Ave & Lincoln Pl",4042.08,"Wyckoff St & 3 Ave",4290.06,40.6740123,-73.9671457,40.6827549,-73.98258555,casual
20000,tripdata_1,69FB1F9CD4E2822F,classic_bike,"2026-05-05 18:57:58.671","2026-05-05 19:06:49.725","Milton St & Franklin St",5752.07,"Norman Ave & Leonard St",5666.11,40.72906,-73.95779,40.725819,-73.950815,member
20500,tripdata_1,A596F3037414F45B,classic_bike,"2026-05-13 17:48:56.878","2026-05-13 17:51:32.093","Bergen St & Flatbush Ave",4281.08,"Wyckoff St & 3 Ave",4290.06,40.680944723477296,-73.97567331790923,40.6827549,-73.98258555,member
21000,tripdata_1,4AE8E9CFFAEA3CC9,electric_bike,"2026-05-10 15:05:14.129","2026-05-10 15:31:54.401","Broadway & W 25 St",6173.08,"Norman Ave & Leonard St",5666.11,40.74286877312112,-73.98918628692627,40.725819,-73.950815,casual
21500,tripdata_1,F25D96C111A98466,electric_bike,"2026-05-08 00:16:05.035","2026-05-08 00:36:17.401","Adam Clayton Powell Blvd & W 126 St",7738.04,"W 145 St & Amsterdam Ave",7997.08,40.809495347779475,-73.94776493310928,40.825244,-73.947257,member
22000,tripdata_1,934CFB34DB54B3F1,electric_bike,"2026-05-07 06:44:42.430","2026-05-07 06:49:58.325","E 35 St & Madison Ave",6398.08,"E 33 St & 1 Ave",6197.08,40.74848023448579,-73.98255586624146,40.74322681432173,-73.97449783980846,member
22500,tripdata_1,615DD70178693AD1,electric_bike,"2026-05-14 14:36:07.076","2026-05-14 14:58:40.646","Murray St & West St",5329.08,"8 Ave & W 55 St",6884.06,40.71503,-74.01246,40.765591,-73.983846,member
23000,tripdata_1,9887011932F72200,electric_bike,"2026-05-07 20:02:21.037","2026-05-07 20:10:12.921","Central Ave & Starr St",4792.03,"Amory Ct & Metropolitan Ave",5217.03,40.700003,-73.92834,40.71301,-73.90968,member
23500,tripdata_1,1C440E2FE2D57915,electric_bike,"2026-05-06 18:03:04.437","2026-05-06 18:13:33.677","S 4 St & Roebling St",5195.06,"Knickerbocker Ave & George St",4979.07,40.710709,-73.959724,40.704425,-73.92836,member
24000,tripdata_1,23B26AF3A79D3072,electric_bike,"2026-05-11 06:06:55.848","2026-05-11 06:47:57.655","1 Ave & E 110 St",7522.02,"Taylor St & Bedford Ave",4982.02,40.7923272,-73.9383,40.705774,-73.963252,member
24500,tripdata_1,20D8AB9CCEB4F840,classic_bike,"2026-05-14 17:11:21.070","2026-05-14 17:18:02.609","9 Ave & W 33 St",6492.08,"W 20 St & 7 Ave",6182.02,40.752568,-73.996765,40.74238787,-73.99726235,member
25000,tripdata_1,4C6BF76BFB219326,electric_bike,"2026-05-06 18:56:32.779","2026-05-06 19:04:21.496","14 St & 5 Ave",3771.06,"Prospect Park SW & Vanderbilt St",3457.03,40.666287,-73.98895053,40.65482,-73.973217,member
25500,tripdata_1,ABDFEF9E57AAB0D0,electric_bike,"2026-05-07 16:10:01.719","2026-05-07 16:22:59.097","Lenox Ave & W 111 St",7602.05,"W 145 St & Amsterdam Ave",7997.08,40.7987859,-73.9523,40.825244,-73.947257,member
26000,tripdata_1,33E913813BF82ABB,electric_bike,"2026-05-09 10:04:37.716","2026-05-09 10:24:55.435","5 Ave & E 87 St",7323.09,"E 33 St & 1 Ave",6197.08,40.78232260730881,-73.95987510681152,40.74322681432173,-73.97449783980846,casual
26500,tripdata_1,CA4BE77E678EB139,electric_bike,"2026-05-12 16:59:23.336","2026-05-12 17:12:49.899","E 43 St & 2 Ave",6422.08,"W 20 St & 7 Ave",6182.02,40.75022392,-73.97121414,40.74238787,-73.99726235,member
27000,tripdata_1,B49EE69A9F639CA5,electric_bike,"2026-05-04 11:20:02.445","2026-05-04 11:28:58.393","Riverside Dr & W 104 St",7623.13,"Amsterdam Ave & W 82 St",7360.1,40.8013434,-73.9711457439,40.78524672,-73.97667321,member
27500,tripdata_1,59B8E3ED1EAC4585,electric_bike,"2026-05-09 22:10:30.562","2026-05-09 22:13:58.196","W 87 St & West End Ave",7484.05,"Amsterdam Ave & W 82 St",7360.1,40.789622,-73.97757,40.78524672,-73.97667321,member
28000,tripdata_1,24BECE089B0F341E,electric_bike,"2026-05-03 14:16:29.128","2026-05-03 14:27:46.147","West Drive & Prospect Park West",3651.04,"Lincoln Rd & Ocean Ave",3633.08,40.6610633719006,-73.97945255041122,40.6605,-73.9626,casual
28500,tripdata_1,C8CD37D35853FC90,electric_bike,"2026-05-02 00:09:18.079","2026-05-02 00:16:45.818","Centre St & Chambers St",5207.01,"Centre St & Chambers St",5207.01,40.71273266,-74.0046073,40.71273266,-74.0046073,casual
29000,tripdata_1,2A3295AACA38B9C1,electric_bike,"2026-05-12 12:27:50.353","2026-05-12 12:31:21.061","Greenwich Ave & 8 Ave",6072.06,"W 20 St & 8 Ave",6224.05,40.7390169121,-74.0026376103,40.74345335,-74.00004031,member
29500,tripdata_1,336DCCA48FBF344C,classic_bike,"2026-05-02 17:09:23.806","2026-05-02 17:28:05.261","Gramercy Park N & Gramercy Park E",6013.12,"W 20 St & 8 Ave",6224.05,40.73795,-73.98509,40.74345335,-74.00004031,member
30000,tripdata_1,F48DEF2052C075DF,classic_bike,"2026-05-10 12:33:17.055","2026-05-10 12:41:49.589","Allen St & Rivington St",5414.06,"Bleecker St & Crosby St",5679.08,40.72019576,-73.98997825,40.72615604980408,-73.99510189890862,member
30500,tripdata_1,AEFBF99DADB8A020,electric_bike,"2026-05-12 17:15:05.692","2026-05-12 17:18:41.444","Amsterdam Ave & W 73 St",7260.09,"Amsterdam Ave & W 82 St",7360.1,40.77966809007312,-73.98093044757842,40.78524672,-73.97667321,member
31000,tripdata_1,A40CAB54B1D31EAB,electric_bike,"2026-05-03 08:58:00.919","2026-05-03 09:06:22.661","Schermerhorn St & Court St",4565.07,"Sands St & Jay St",4821.03,40.6910363748993,-73.99201065301895,40.700119,-73.9862,member
31500,tripdata_1,037C1C94557775D9,classic_bike,"2026-05-01 17:57:26.205","2026-05-01 18:12:00.797","Bergen St & 4 Ave",4322.06,"6 Ave & 9 St",3803.09,40.68256425759694,-73.9798977971077,40.668127,-73.98377641,member
32000,tripdata_1,3C1B9935F3A0761E,electric_bike,"2026-05-07 09:22:33.747","2026-05-07 09:25:34.219","Murray St & Greenwich St",5288.12,"Centre St & Chambers St",5207.01,40.71485150526251,-74.01122331619263,40.71273266,-74.0046073,member
32500,tripdata_1,7C8B76489E801C22,electric_bike,"2026-05-12 20:20:56.705","2026-05-12 20:50:23.400","6 Ave & W 33 St",6364.07,"Sands St & Jay St",4821.03,40.74901271,-73.98848395,40.700119,-73.9862,member
33000,tripdata_1,0E2F008F1FC53F41,electric_bike,"2026-05-05 12:31:51.673","2026-05-05 12:36:55.950","Ovington Ave & 3 Ave",2793.07,"6 Ave & 60 St",2912.08,40.63487,-74.02625,40.638196,-74.013821,member
33500,tripdata_1,4AD3A0EE33DF13E5,electric_bike,"2026-05-14 07:26:55.880","2026-05-14 07:35:57.116","Maiden Ln & Pearl St",5065.1,"Bleecker St & Crosby St",5679.08,40.70706456,-74.00731853,40.72615604980408,-73.99510189890862,member
34000,tripdata_1,A2BC9D679A6C9F63,electric_bike,"2026-05-11 18:23:12.249","2026-05-11 18:33:19.617","Warren St & W Broadway",5288.09,"Cadman Plaza E & Tillary St",4677.01,40.71473993,-74.00910627,40.69597683,-73.99014892,member
34500,tripdata_1,5D5A2AF4E156EFAE,classic_bike,"2026-05-02 19:20:24.978","2026-05-02 19:29:11.945","Concord St & Bridge St",4781.03,"Sands St & Jay St",4821.03,40.69766564,-73.98476437,40.700119,-73.9862,member
35000,tripdata_1,C8BAED2ED45168C0,classic_bike,"2026-05-04 19:15:39.113","2026-05-04 19:20:30.854","Kenmare St & Elizabeth St",5453.06,"Stanton St & Chrystie St",5523.02,40.72054,-73.9949,40.72229346,-73.99147535,member
35500,tripdata_1,AFC8B7FFE0CA160A,electric_bike,"2026-05-08 20:57:52.465","2026-05-08 21:03:09.401","Grand St & Elizabeth St",5382.06,"Bleecker St & Crosby St",5679.08,40.718822,-73.99596,40.72615604980408,-73.99510189890862,member
36000,tripdata_1,F477749CBE8D7541,classic_bike,"2026-05-12 11:03:28.526","2026-05-12 11:08:29.223","E 2 St & Ave B",5515.02,"Bleecker St & Crosby St",5679.08,40.72217444,-73.98368779,40.72615604980408,-73.99510189890862,member
36500,tripdata_1,5E9D3AC05F3015E6,classic_bike,"2026-05-09 10:51:15.437","2026-05-09 11:00:35.519","W 34 St & Hudson Blvd E",6535.04,"W 20 St & 8 Ave",6224.05,40.75516719072139,-74.00059908628464,40.74345335,-74.00004031,member
37000,tripdata_1,02D105DF8BB9CDD4,electric_bike,"2026-05-01 01:12:17.050","2026-05-01 01:26:20.660","E 7 St & Ave A",5626.07,"W 20 St & 8 Ave",6224.05,40.72621788,-73.98379855,40.74345335,-74.00004031,casual
37500,tripdata_1,3FA6020BB7881D4C,classic_bike,"2026-05-03 09:34:41.190","2026-05-03 09:56:11.998","Maiden Ln & Pearl St",5065.1,"W 20 St & 8 Ave",6224.05,40.70706456,-74.00731853,40.74345335,-74.00004031,member
38000,tripdata_1,F7B8CF0A2979AE9F,electric_bike,"2026-05-03 15:31:59.085","2026-05-03 16:16:03.465","10 Ave & W 14 St",6157.04,"Amsterdam Ave & W 82 St",7360.1,40.741981599940225,-74.00831580162048,40.78524672,-73.97667321,casual
38500,tripdata_1,74331CF119555852,electric_bike,"2026-05-05 07:40:43.998","2026-05-05 07:57:12.054","Clermont Ave & Lafayette Ave",4461.01,"Cadman Plaza E & Tillary St",4677.01,40.68764484,-73.96968902,40.69597683,-73.99014892,casual
39000,tripdata_1,49997F5CE8F91064,classic_bike,"2026-05-05 16:35:29.162","2026-05-05 16:42:43.174","W 67 St & Broadway",7116.04,"Amsterdam Ave & W 82 St",7360.1,40.77492513,-73.98266566,40.78524672,-73.97667321,casual
39500,tripdata_1,4948437049C43A6E,classic_bike,"2026-05-12 18:05:35.399","2026-05-12 18:26:37.113","S 2 St & Kent Ave",5276.04,"Prospect Pl & Vanderbilt Ave",4157.15,40.714731,-73.966612,40.67767534,-73.96902144,member
40000,tripdata_1,330A9542A377F07E,electric_bike,"2026-05-06 15:19:16.514","2026-05-06 15:28:17.413","Columbus Ave & W 59 St",6986.07,"Amsterdam Ave & W 82 St",7360.1,40.76931,-73.98464,40.78524672,-73.97667321,member
40500,tripdata_1,A6E98105320CDBCB,classic_bike,"2026-05-05 15:01:00.212","2026-05-05 15:14:47.707","W 20 St & 7 Ave",6182.02,"W 20 St & 8 Ave",6224.05,40.74238787,-73.99726235,40.74345335,-74.00004031,member
41000,tripdata_1,2032209DFD73D5AC,electric_bike,"2026-05-02 17:14:45.090","2026-05-02 17:23:30.438","Bushwick Ave & Linden St",4600.09,"Beaver St & Fayette St",4840.06,40.69146,-73.92146,40.70099,-73.93921,member
41500,tripdata_1,BFD0EB5ECB7D438F,electric_bike,"2026-05-01 12:07:16.222","2026-05-01 12:42:39.797","61 St & Queens Blvd",6116.03,"Amsterdam Ave & W 82 St",7360.1,40.74091,-73.90273,40.78524672,-73.97667321,member
42000,tripdata_1,558BAFD79635371D,electric_bike,"2026-05-05 07:38:16.185","2026-05-05 07:43:04.926","E 2 St & Ave B",5515.02,"Bleecker St & Crosby St",5679.08,40.72217444,-73.98368779,40.72615604980408,-73.99510189890862,member
42500,tripdata_1,9ACA7D35DE137951,electric_bike,"2026-05-04 21:46:57.498","2026-05-04 21:59:20.909","3 Ave & E Tremont Ave",8315.03,"E 156 St & Courtlandt Ave",7940.04,40.84649,-73.89616,40.82123860172,-73.9173299074173,member
43000,tripdata_1,FCC64C591DE41BFE,electric_bike,"2026-05-10 16:17:46.956","2026-05-10 16:23:18.260","Lincoln Ave & E 138 St",7744.06,"Willis Ave & Bruckner Blvd",7691.05,40.810893,-73.927311,40.805701,-73.925177,member
43500,tripdata_1,B44C47D4B17353C8,electric_bike,"2026-05-03 13:49:32.032","2026-05-03 13:56:17.129","Broadway & W 61 St",7014.12,"Amsterdam Ave & W 82 St",7360.1,40.77003010255044,-73.9819684624672,40.78524672,-73.97667321,casual
44000,tripdata_1,80B43759A43A8A72,electric_bike,"2026-05-02 17:38:06.651","2026-05-02 17:44:00.466","Columbus Ave & W 72 St",7175.05,"Amsterdam Ave & W 82 St",7360.1,40.7770575,-73.97898475,40.78524672,-73.97667321,member
44500,tripdata_1,8448BD6CBC5153CF,electric_bike,"2026-05-06 02:25:32.188","2026-05-06 02:46:25.462","Division St & Bowery",5311.08,"Beaver St & Fayette St",4840.06,40.71419,-73.99673,40.70099,-73.93921,member
45000,tripdata_1,C476DD415CE5B6FD,classic_bike,"2026-05-01 15:16:50.703","2026-05-01 15:36:55.134","Broadway & Moylan Pl",7823.03,"Amsterdam Ave & W 82 St",7360.1,40.8143256,-73.9590255,40.78524672,-73.97667321,casual
45500,tripdata_1,7B6A6BE784A44D6D,electric_bike,"2026-05-04 18:25:52.560","2026-05-04 18:46:43.417","Henry St & Middagh St",4861.05,"Centre St & Chambers St",5207.01,40.7003,-73.991581,40.71273266,-74.0046073,casual
46000,tripdata_1,8144C8AC89436FEB,classic_bike,"2026-05-01 11:30:04.755","2026-05-01 11:45:29.891","1 Ave & E 16 St",5779.08,"W 20 St & 8 Ave",6224.05,40.73221853,-73.98165557,40.74345335,-74.00004031,member
46500,tripdata_1,3E82D78D2872C3C3,electric_bike,"2026-05-09 17:23:21.075","2026-05-09 17:26:20.242","Pier 61 at Chelsea Piers",6233.04,"W 20 St & 8 Ave",6224.05,40.746872,-74.00821,40.74345335,-74.00004031,member
47000,tripdata_1,DFD5C3EF0FCADEB3,electric_bike,"2026-05-06 10:33:17.582","2026-05-06 10:45:22.984","E Houston St & Columbia St",5436.11,"Bleecker St & Crosby St",5679.08,40.71978635452822,-73.97871628403664,40.72615604980408,-73.99510189890862,member
47500,tripdata_1,430CD94C1AAA8FB2,electric_bike,"2026-05-13 10:49:04.190","2026-05-13 11:04:31.763","Carroll St & Smith St",4225.14,"Centre St & Chambers St",5207.01,40.680611,-73.99475825,40.71273266,-74.0046073,member
48000,tripdata_1,804C6F5BF9C31F2F,electric_bike,"2026-05-04 20:08:33.039","2026-05-04 20:12:30.354","E 10 St & 2 Ave",5746.02,"Stanton St & Chrystie St",5523.02,40.72970805644994,-73.9865979552269,40.72229346,-73.99147535,member
48500,tripdata_1,48BF8F1AA150F651,classic_bike,"2026-05-08 11:44:47.817","2026-05-08 11:50:57.765","Cleveland Pl & Spring St",5492.05,"Suffolk St & Stanton St",5445.02,40.722103786686034,-73.99724900722504,40.72066442,-73.98517977,member
49000,tripdata_1,99F176AE47C5EC5E,electric_bike,"2026-05-10 18:47:21.495","2026-05-10 19:02:00.306","N 10 St & Berry St",5450.01,"Greene Ave & Throop Ave",4510.04,40.720253,-73.957082,40.6894932,-73.942061,member
49500,tripdata_1,510DEE4ED94E3807,electric_bike,"2026-05-06 09:00:36.717","2026-05-06 09:22:56.005","Scholes St & Lorimer St",5076.04,"E 44 St & 2 Ave",6422.09,40.708323,-73.948732,40.75118387463277,-73.97138714790344,member
50000,tripdata_1,880A7EE75E6E568E,electric_bike,"2026-05-04 22:13:14.282","2026-05-04 22:17:46.012","Lorimer St & Calyer St",5709.04,"Berry St & N 8 St",5379.09,40.72795,-73.95414,40.7190095,-73.95852515,casual
50500,tripdata_1,564D7F7C18B99EF2,electric_bike,"2026-05-07 17:31:06.756","2026-05-07 17:43:43.987","E 188 St & Creston Ave",8566.05,"Arthur Ave & E Tremont Ave",8293.12,40.861669,-73.898589,40.84616,-73.89322,member
51000,tripdata_1,F834E0E06DD65F0C,electric_bike,"2026-05-08 17:55:54.321","2026-05-08 17:58:06.538","W 100 St & Broadway",7580.01,"W 95 St & Broadway",7541.01,40.7973721,-73.97041192,40.7937704,-73.971888,member
51500,tripdata_1,419831517E336993,electric_bike,"2026-05-05 16:16:24.706","2026-05-05 16:26:20.955","Amsterdam Ave & W 73 St",7260.09,"W 95 St & Broadway",7541.01,40.77966809007312,-73.98093044757842,40.7937704,-73.971888,member
52000,tripdata_1,37BAB2770638F4B6,electric_bike,"2026-05-11 18:13:55.796","2026-05-11 18:24:15.015","Norfolk St & Broome St",5374.01,"Berry St & N 8 St",5379.09,40.7172274,-73.98802084,40.7190095,-73.95852515,member
52500,tripdata_1,FA2C793A7E259A94,electric_bike,"2026-05-03 17:35:43.818","2026-05-03 17:48:53.463","Canal St & Rutgers St",5303.08,"Grand St & Wythe Ave",5348.1,40.71427487,-73.98990025,40.71575,-73.96433,casual
53000,tripdata_1,A89DF3F092CC7581,electric_bike,"2026-05-07 12:43:38.004","2026-05-07 12:47:14.868","W 22 St & 8 Ave",6224.03,"W 26 St & 10 Ave",6382.05,40.74475148,-73.99915362,40.749717753,-74.002950346,member
53500,tripdata_1,869C25A8E7622B00,electric_bike,"2026-05-09 17:18:43.567","2026-05-09 17:23:01.873","8 Ave & W 52 St",6816.07,"W 43 St & 10 Ave",6756.01,40.76370739,-73.9851615,40.76009437,-73.99461843,member
54000,tripdata_1,377FACF270DFEB5A,electric_bike,"2026-05-06 16:57:44.084","2026-05-06 17:03:52.691","India St Pier",5794.05,"Berry St & N 8 St",5379.09,40.731734785883454,-73.9612390102593,40.7190095,-73.95852515,member
54500,tripdata_1,F3B9DDBF6172FCEA,classic_bike,"2026-05-13 10:44:34.624","2026-05-13 11:16:16.323","W 100 St & Manhattan Ave",7538.14,"E 58 St & 1 Ave (NW Corner)",6723.1,40.795,-73.9645,40.759125,-73.962658,member
55000,tripdata_1,3A6ED5EA58049864,electric_bike,"2026-05-04 11:04:31.776","2026-05-04 11:10:36.750","Washington Pl & Greene St",5755.15,"Suffolk St & Stanton St",5445.02,40.72980619180496,-73.99546380915461,40.72066442,-73.98517977,member
55500,tripdata_1,292D0D9FEA50542E,electric_bike,"2026-05-04 06:32:08.484","2026-05-04 06:42:08.730","W 87 St & Amsterdam Ave",7458.03,"W 43 St & 10 Ave",6756.01,40.78839,-73.9747,40.76009437,-73.99461843,member
56000,tripdata_1,C90ABA43A90F2344,electric_bike,"2026-05-13 13:49:09.172","2026-05-13 14:09:06.471","E 58 St & 3 Ave",6762.02,"W 26 St & 10 Ave",6382.05,40.76095756,-73.96724467,40.749717753,-74.002950346,casual
56500,tripdata_1,46182F5A5BE5B9AA,classic_bike,"2026-05-03 17:22:28.100","2026-05-03 17:25:31.728","Central Park W & W 76 St",7253.04,"Central Park W & W 76 St",7253.04,40.77896784,-73.97374737,40.77896784,-73.97374737,casual
57000,tripdata_1,ED6F7DA329A2F8A1,electric_bike,"2026-05-14 10:15:13.873","2026-05-14 10:17:28.477","W 25 St & 8 Ave",6297.08,"W 26 St & 10 Ave",6382.05,40.74649996333341,-73.99732626293645,40.749717753,-74.002950346,member
57500,tripdata_1,4C5688853DB28E89,electric_bike,"2026-05-03 12:45:42.612","2026-05-03 12:52:20.971","Calyer St & West St",5676.04,"Berry St & N 8 St",5379.09,40.72693,-73.95863,40.7190095,-73.95852515,member
58000,tripdata_1,4444B5A0039D4810,electric_bike,"2026-05-06 19:39:05.005","2026-05-06 19:42:42.707","W 27 St & 7 Ave",6257.06,"W 26 St & 10 Ave",6382.05,40.74665,-73.99392,40.749717753,-74.002950346,member
58500,tripdata_1,6B27F7909F09C1F7,classic_bike,"2026-05-07 18:30:30.406","2026-05-07 18:50:46.087","Prospect Park SW & Greenwood Ave",3385.06,"Atlantic Ave & Fort Greene Pl",4354.07,40.652563,-73.972573,40.68382604,-73.97632328,member
59000,tripdata_1,FB995CC2259A06DC,classic_bike,"2026-05-14 14:19:05.124","2026-05-14 14:36:41.145","Carroll St & Smith St",4225.14,"Atlantic Ave & Fort Greene Pl",4354.07,40.680611,-73.99475825,40.68382604,-73.97632328,member
59500,tripdata_1,E47FE261AC9E5D55,classic_bike,"2026-05-02 13:43:11.101","2026-05-02 14:27:18.528","W 94 St & Central Park W",7453.08,"Suffolk St & Stanton St",5445.02,40.790431,-73.965894,40.72066442,-73.98517977,member
60000,tripdata_1,BD89CB10860796CF,electric_bike,"2026-05-13 22:57:09.174","2026-05-13 23:28:33.518","Grand St & Elizabeth St",5382.06,"Bergen St & Kingston Ave",4089.01,40.718822,-73.99596,40.6756,-73.9415,member
60500,tripdata_1,C6135E8925E1380B,electric_bike,"2026-05-09 10:50:15.247","2026-05-09 11:03:53.277","Washington Pl & Broadway",5755.01,"Suffolk St & Stanton St",5445.02,40.72903917,-73.99404649,40.72066442,-73.98517977,casual
61000,tripdata_1,D207427912A2CB84,classic_bike,"2026-05-08 08:26:28.420","2026-05-08 08:37:36.943","Amsterdam Ave & W 79 St",7311.02,"W 95 St & Broadway",7541.01,40.7829391,-73.9786517,40.7937704,-73.971888,member
61500,tripdata_1,004B02E2F0AC1716,electric_bike,"2026-05-09 12:34:30.688","2026-05-09 12:50:58.567","Broadway & W 53 St",6779.05,"W 95 St & Broadway",7541.01,40.76344058,-73.98268129,40.7937704,-73.971888,member
62000,tripdata_1,A952370F696AF365,classic_bike,"2026-05-02 16:10:08.771","2026-05-02 16:28:37.905","7 St & 5 Ave",3914.02,"Bergen St & Flatbush Ave",4281.08,40.6704922,-73.98541675,40.680944723477296,-73.97567331790923,member
62500,tripdata_1,26E04EB7DB62C1EC,classic_bike,"2026-05-08 20:12:05.434","2026-05-08 20:15:23.078","61 St & Woodside Ave",6191.06,"65 Pl & Woodside Ave",6149.02,40.74501,-73.9036,40.74334,-73.89903,member
63000,tripdata_1,9C51E4EE67B4847C,electric_bike,"2026-05-03 11:51:41.875","2026-05-03 12:02:03.569","E 14 St & 1 Ave",5779.1,"E 33 St & 1 Ave",6197.08,40.73139303364151,-73.98286700248718,40.74322681432173,-73.97449783980846,casual
63500,tripdata_1,6D4E50EC3B0D758F,classic_bike,"2026-05-13 21:45:49.105","2026-05-13 21:49:08.744","8 Ave & W 16 St",6072.11,"W 20 St & 7 Ave",6182.02,40.740983,-74.001702,40.74238787,-73.99726235,member
64000,tripdata_1,AFE2E8912EC5D13B,classic_bike,"2026-05-13 14:46:02.175","2026-05-13 15:09:29.466","Hudson Blvd W & W 36 St",6611.07,"8 Ave & W 55 St",6884.06,40.75676475086503,-73.99971440439913,40.765591,-73.983846,casual
64500,tripdata_1,86886E313EA338CA,electric_bike,"2026-05-04 13:17:46.624","2026-05-04 13:32:43.144","Pioneer St & Van Brunt St",4169.04,"Bergen St & Flatbush Ave",4281.08,40.679043,-74.011169,40.680944723477296,-73.97567331790923,casual
65000,tripdata_1,AF942A1E26536DB8,electric_bike,"2026-05-04 23:02:27.992","2026-05-04 23:09:35.901","14 St & 5 Ave",3771.06,"Bergen St & Flatbush Ave",4281.08,40.666287,-73.98895053,40.680944723477296,-73.97567331790923,member
65500,tripdata_1,AB1EA9DF5C6C3FD2,electric_bike,"2026-05-14 19:06:41.059","2026-05-14 19:19:58.200","E 2 St & Ave A",5553.1,"Columbia St & Rivington St",5365.02,40.72307749068673,-73.98583620786667,40.71739973,-73.98016555,casual
66000,tripdata_1,E17753B4E7385551,electric_bike,"2026-05-14 09:19:39.159","2026-05-14 09:52:57.106","Carlton Ave & Dean St",4199.12,"E 33 St & 1 Ave",6197.08,40.6809741,-73.9710097,40.74322681432173,-73.97449783980846,member
66500,tripdata_1,5DBB431A731784A8,electric_bike,"2026-05-13 06:50:45.319","2026-05-13 07:05:42.594","Frederick Douglass Blvd & W 117 St",7688.12,"W 168 St & Fort Washington Ave",8226.07,40.805159,-73.954692,40.84210236102173,-73.9422395825386,member
67000,tripdata_1,BA3039855D8F35A8,classic_bike,"2026-05-09 08:36:24.830","2026-05-09 08:47:53.145","Fulton St & Waverly Ave",4345.11,"Bergen St & Flatbush Ave",4281.08,40.683238654603414,-73.96599590778351,40.680944723477296,-73.97567331790923,member
67500,tripdata_1,48AA31D3E9583AA5,electric_bike,"2026-05-01 22:04:42.610","2026-05-01 22:40:15.270","Greenwich Ave & 8 Ave",6072.06,"Columbia St & Rivington St",5365.02,40.7390169121,-74.0026376103,40.71739973,-73.98016555,member
68000,tripdata_1,7ED030CE35D8D05A,electric_bike,"2026-05-04 15:35:03.463","2026-05-04 15:39:54.180","Bergen St & Vanderbilt Ave",4157.1,"Bergen St & Flatbush Ave",4281.08,40.6794388,-73.9680438,40.680944723477296,-73.97567331790923,casual
68500,tripdata_1,81F38233E3047AA6,electric_bike,"2026-05-05 08:56:18.954","2026-05-05 09:01:17.849","Berry St & N 8 St",5379.09,"Norman Ave & Leonard St",5666.11,40.7190095,-73.95852515,40.725819,-73.950815,member
69000,tripdata_1,9A56BD78583DE56F,electric_bike,"2026-05-02 18:07:30.091","2026-05-02 18:18:05.871","Lafayette St & Jersey St",5561.06,"Columbia St & Rivington St",5365.02,40.72456089,-73.99565293,40.71739973,-73.98016555,member
69500,tripdata_1,ADAD12C169B85396,electric_bike,"2026-05-06 09:56:56.329","2026-05-06 10:24:18.654","Canal St & Rutgers St",5303.08,"8 Ave & W 55 St",6884.06,40.71427487,-73.98990025,40.765591,-73.983846,member
70000,tripdata_1,875465C4822D6D5E,electric_bike,"2026-05-13 18:38:16.537","2026-05-13 19:05:47.776","Huron St & Franklin St",5869.04,"Wyckoff St & 3 Ave",4290.06,40.73266,-73.95826,40.6827549,-73.98258555,member
70500,tripdata_1,27BA692C14FE9B7C,electric_bike,"2026-05-11 17:51:51.222","2026-05-11 17:53:31.245","W Fordham Rd & Loring Pl N",8590.01,"Grand Ave & W Fordham Rd",8571.02,40.86295,-73.90741,40.86288,-73.90316,member
71000,tripdata_1,B7397203EE185853,classic_bike,"2026-05-05 18:18:28.269","2026-05-05 18:20:57.077","W 17 St & 8 Ave",6148.02,"W 20 St & 7 Ave",6182.02,40.74177603,-74.00149746,40.74238787,-73.99726235,member
71500,tripdata_1,46824F51AC5B8BE0,classic_bike,"2026-05-01 06:48:33.192","2026-05-01 07:08:27.705","Park Pl & Franklin Ave",4033.19,"Cedar St & Evergreen Ave",4721.01,40.67418106036449,-73.95655458212127,40.69671,-73.92807,member
72000,tripdata_1,43F610DE710CFDDD,classic_bike,"2026-05-12 22:26:24.457","2026-05-12 22:40:13.142","Fulton St & Clermont Ave",4386.05,"Pacific St & Nostrand Ave",4140.03,40.68415748,-73.96922273,40.6776,-73.94963,member
72500,tripdata_1,ABB10CF2AF1D4CB4,electric_bike,"2026-05-01 06:51:33.034","2026-05-01 06:58:34.116","E 4 St & 2 Ave",5593.04,"E 33 St & 1 Ave",6197.08,40.7262807,-73.98978041,40.74322681432173,-73.97449783980846,member
73000,tripdata_1,897E2A52A279E976,electric_bike,"2026-05-13 14:57:28.637","2026-05-13 15:14:35.692","Lispenard St & Broadway",5391.06,"W 20 St & 7 Ave",6182.02,40.71939226,-74.00247214,40.74238787,-73.99726235,member
73500,tripdata_1,62A8CEBF58D27EED,electric_bike,"2026-05-11 19:09:50.928","2026-05-11 19:18:44.029","E 58 St & 1 Ave (NW Corner)",6723.1,"E 33 St & 1 Ave",6197.08,40.759125,-73.962658,40.74322681432173,-73.97449783980846,member
74000,tripdata_1,ACF9F99CA1ED7B4F,electric_bike,"2026-05-04 07:19:17.304","2026-05-04 07:24:13.289","Engert Ave & McGuinness Blvd",5473.03,"Meserole Ave & Manhattan Ave",5666.04,40.72158,-73.94546,40.72708584,-73.95299117,member
74500,tripdata_1,8406AC48CB345FB9,classic_bike,"2026-05-11 18:54:36.013","2026-05-11 18:57:46.703","E 85 St & 3 Ave",7212.05,"E 91 St & 2 Ave",7286.01,40.77801203,-73.95407149,40.78115276427915,-73.94963040947914,casual
75000,tripdata_1,1954B26D113DFCC0,electric_bike,"2026-05-05 20:13:01.433","2026-05-05 20:42:32.661","Washington St & Barrow St",5847.08,"Old Fulton St",4903.08,40.73191132323174,-74.008769094944,40.70277159,-73.99383605,member
75500,tripdata_1,7CED167386B00B12,electric_bike,"2026-05-11 22:40:54.225","2026-05-11 22:44:52.355","Halsey St & Tompkins Ave",4319.07,"Marcy Ave & Lafayette Ave",4476.03,40.6823687,-73.944118,40.6900815,-73.947915,member
76000,tripdata_1,BFD27BD91F0DCB83,classic_bike,"2026-05-07 13:17:34.658","2026-05-07 13:19:34.287","9 Ave & W 22 St",6266.06,"W 20 St & 8 Ave",6224.05,40.7454973,-74.00197139,40.74345335,-74.00004031,member
76500,tripdata_1,540055E3E6D9F40E,electric_bike,"2026-05-06 07:51:40.568","2026-05-06 08:03:20.396","Bedford Ave & S 9 St",5093.01,"Bleecker St & Crosby St",5679.08,40.70853074,-73.96408963,40.72615604980408,-73.99510189890862,member
77000,tripdata_1,4C052795365C09BF,electric_bike,"2026-05-06 11:42:35.360","2026-05-06 11:50:56.591","Christopher St & Greenwich St",5847.01,"Stanton St & Chrystie St",5523.02,40.73291553,-74.00711384,40.72229346,-73.99147535,member
77500,tripdata_1,62730BC0F450B033,classic_bike,"2026-05-05 15:04:27.144","2026-05-05 15:10:14.457","Broadway & E 14 St",5905.12,"Bleecker St & Crosby St",5679.08,40.73454567,-73.99074142,40.72615604980408,-73.99510189890862,member
78000,tripdata_1,BACA5B3B7805431B,electric_bike,"2026-05-06 18:19:42.526","2026-05-06 18:35:32.911","Prospect Pl & Vanderbilt Ave",4157.15,"Lincoln Rd & Ocean Ave",3633.08,40.67767534,-73.96902144,40.6605,-73.9626,member
78500,tripdata_1,844AA0E536B3C039,electric_bike,"2026-05-01 17:48:00.696","2026-05-01 18:03:05.224","8 Ave & W 33 St",6450.12,"Bleecker St & Crosby St",5679.08,40.75156757136795,-73.99376901480953,40.72615604980408,-73.99510189890862,member
79000,tripdata_1,3AEABCE43C625F1D,electric_bike,"2026-05-13 14:38:32.018","2026-05-13 14:41:53.288","Forsyth St & Grand St",5382.07,"Stanton St & Chrystie St",5523.02,40.71779817737835,-73.99316132068634,40.72229346,-73.99147535,member
79500,tripdata_1,4589F654F7F6C81E,electric_bike,"2026-05-08 16:05:26.617","2026-05-08 16:11:08.496","5 Ave & E 87 St",7323.09,"Amsterdam Ave & W 82 St",7360.1,40.78232260730881,-73.95987510681152,40.78524672,-73.97667321,member
80000,tripdata_1,5C306BCD40062E7D,classic_bike,"2026-05-06 14:55:03.984","2026-05-06 15:01:14.570","Rivington St & Ridge St",5406.02,"Stanton St & Chrystie St",5523.02,40.71850211,-73.98329859,40.72229346,-73.99147535,member
80500,tripdata_1,EAD87CB3B2AC3856,electric_bike,"2026-05-08 20:08:24.963","2026-05-08 20:22:29.624","Franklin Ave & Quincy St",4410.02,"Knickerbocker Ave & Hancock St",4663.02,40.68636,-73.95678,40.69385,-73.90974,casual
81000,tripdata_1,5E80230FCD1203B9,electric_bike,"2026-05-08 20:37:57.014","2026-05-08 20:50:15.798","Bond St & Fulton St",4479.06,"6 Ave & 9 St",3803.09,40.6896218879,-73.9830426872,40.668127,-73.98377641,member
81500,tripdata_1,4563DCD3629F3018,electric_bike,"2026-05-05 03:04:10.543","2026-05-05 03:09:49.655","Goble Pl & Macombs Rd",8269.01,"Ogden Ave & W 164 St",8115.01,40.844075,-73.917256,40.832812,-73.929372,member
82000,tripdata_1,21CF216057B0ED72,electric_bike,"2026-05-07 18:58:02.992","2026-05-07 19:12:23.216","E 20 St & FDR Dr",5886.13,"W 20 St & 8 Ave",6224.05,40.733208626522426,-73.9756813647,40.74345335,-74.00004031,casual
82500,tripdata_1,82277D09F1399483,electric_bike,"2026-05-01 08:54:09.781","2026-05-01 09:06:38.440","Pearl St & Hanover Square",4993.02,"Bleecker St & Crosby St",5679.08,40.7047177,-74.00926027,40.72615604980408,-73.99510189890862,member
83000,tripdata_1,0858222B55113C8D,classic_bike,"2026-05-14 12:36:31.104","2026-05-14 12:39:13.825","E 12 St & 3 Ave",5788.12,"E 17 St & 2 Ave",5896.01,40.73223272,-73.98889957,40.73431166276575,-73.98372530937195,member
83500,tripdata_1,C4EED9A0EB98B4DA,classic_bike,"2026-05-13 18:06:28.289","2026-05-13 18:10:57.956","Washington Ave & Park Pl",4116.09,"Park Pl & Carlton Ave",4125.13,40.675832,-73.963308,40.677358,-73.97211,member
84000,tripdata_1,C43D1D20B1AB3268,electric_bike,"2026-05-02 15:19:34.040","2026-05-02 15:29:03.890","Hudson St & N Moore St",5470.13,"W 12 St & Hudson St",5997.1,40.719887998,-74.0086269379,40.73752993301071,-74.00558933615685,casual
84500,tripdata_1,F40EDAB28FE32611,electric_bike,"2026-05-08 19:26:19.030","2026-05-08 19:30:39.539","Central Park S & Grand Army Plaza",6839.15,"E 58 St & 3 Ave",6762.02,40.764555,-73.973473,40.76095756,-73.96724467,member
85000,tripdata_1,D25F4596ED8A1729,electric_bike,"2026-05-11 13:05:42.006","2026-05-11 13:28:54.174","Perry St & Greenwich Ave",5955.12,"Atlantic Ave & Furman St",4614.04,40.735918,-74.000939,40.69165183,-73.9999786,casual
85500,tripdata_1,12221CB12510D9F0,classic_bike,"2026-05-11 10:38:29.553","2026-05-11 10:42:02.511","31 Ave & 34 St",6819.15,"23 St & 31 Ave",6929.01,40.763154,-73.920827,40.76663971723091,-73.9286595582962,member
86000,tripdata_1,80FEF868BF11F9C7,classic_bike,"2026-05-05 10:26:23.815","2026-05-05 10:32:57.538","E 72 St & York Ave",6889.12,"E 63 St & 3 Ave",6830.02,40.76663814,-73.95348296,40.763954,-73.9646,member
86500,tripdata_1,84E0E4E739415847,electric_bike,"2026-05-05 19:19:26.254","2026-05-05 19:41:24.262","E 4 St & Ave B",5515.08,"Atlantic Ave & Furman St",4614.04,40.723346832180155,-73.98265913128853,40.69165183,-73.9999786,member
87000,tripdata_1,F835ED5374D2AEB3,electric_bike,"2026-05-01 17:34:05.368","2026-05-01 17:42:37.152","46 St & 28 Ave",6842.02,"48 St & Broadway",6629.06,40.763328,-73.908782,40.755763,-73.912715,member
87500,tripdata_1,ED0D0A8155C0BFC4,electric_bike,"2026-05-08 12:16:02.627","2026-05-08 12:37:41.415","7 Ave & 17 St",3660.07,"Bay Ridge Pkwy & 5 Ave",2615.05,40.66093779493168,-73.98680448532104,40.62967,-74.02275,member
88000,tripdata_1,BFCF843E23CF0EA9,electric_bike,"2026-05-04 18:42:43.343","2026-05-04 18:55:02.532","2 Ave & E 31 St",6197.11,"W 15 St & 6 Ave",5989.02,40.74299,-73.97711,40.738046142482766,-73.99642959237099,member
88500,tripdata_1,F543203232C47DC5,electric_bike,"2026-05-13 14:06:31.918","2026-05-13 14:41:08.632","Madison Ave & E 26 St",6131.12,"E 63 St & 3 Ave",6830.02,40.742684734875695,-73.98671329021454,40.763954,-73.9646,casual
89000,tripdata_1,AF329460A8354036,electric_bike,"2026-05-05 16:06:40.586","2026-05-05 16:17:43.629","Park Ave & E 41 St",6432.08,"E 63 St & 3 Ave",6830.02,40.751581,-73.97791,40.763954,-73.9646,member
89500,tripdata_1,97D55491A8D744CB,classic_bike,"2026-05-14 17:56:58.239","2026-05-14 18:10:26.496","Murray St & West St",5329.08,"Canal St & Rutgers St",5303.08,40.71503,-74.01246,40.71427487,-73.98990025,member
90000,tripdata_1,6BC885E859E5C468,classic_bike,"2026-05-01 13:48:49.308","2026-05-01 14:08:19.558","E 15 St & 3 Ave",5863.07,"Duane St & Hudson St",5359.12,40.734232,-73.986923,40.71703,-74.00925,member
90500,tripdata_1,FCE533D928AA6BAE,classic_bike,"2026-05-06 22:02:38.517","2026-05-06 22:09:46.020","W 31 St & 7 Ave",6331.01,"W 15 St & 6 Ave",5989.02,40.749156,-73.9916,40.738046142482766,-73.99642959237099,member
91000,tripdata_1,750AC7B02C1692AC,electric_bike,"2026-05-13 20:17:13.257","2026-05-13 20:21:29.540","23 Ave & 31 St",7082.08,"21 St & 21 Ave",7314.03,40.77423301703027,-73.91274864321404,40.782465,-73.914527,member
91500,tripdata_1,351BE01BD94B159A,electric_bike,"2026-05-08 11:13:55.808","2026-05-08 11:22:53.469","Kingston Ave & Herkimer St",4205.06,"Myrtle Ave & Lewis Ave",4729.01,40.67890679,-73.94142771,40.69681963,-73.93756926,member
92000,tripdata_1,81AA3632D4324169,electric_bike,"2026-05-09 00:46:44.522","2026-05-09 01:14:28.096","3 Ave & E 62 St",6830.04,"21 St & 21 Ave",7314.03,40.76313,-73.96527,40.782465,-73.914527,member
92500,tripdata_1,C36F76D200F009F6,electric_bike,"2026-05-05 05:50:06.322","2026-05-05 05:57:41.542","River Ter & Warren St",5368.03,"W 12 St & Hudson St",5997.1,40.71759894980997,-74.01587963104248,40.73752993301071,-74.00558933615685,member
93000,tripdata_1,B28781FE0FD50071,electric_bike,"2026-05-04 13:13:27.581","2026-05-04 13:27:03.807","Broadway & Morris St",5033.01,"Canal St & Rutgers St",5303.08,40.705945132708806,-74.01321887969969,40.71427487,-73.98990025,casual
93500,tripdata_1,C7023025942A505C,classic_bike,"2026-05-13 00:12:01.281","2026-05-13 00:16:10.813","University Pl & E 8 St",5755.14,"W 15 St & 6 Ave",5989.02,40.73143724085228,-73.99490341544151,40.738046142482766,-73.99642959237099,member
94000,tripdata_1,3EE2B51D5FAF3DBC,electric_bike,"2026-05-13 16:42:13.318","2026-05-13 16:50:35.732","Fulton St & Broadway",5175.08,"Canal St & Rutgers St",5303.08,40.711066,-74.009447,40.71427487,-73.98990025,casual
94500,tripdata_1,493984B13E5C6642,electric_bike,"2026-05-13 21:06:22.445","2026-05-13 21:17:39.962","E 30 St & Park Ave S",6206.08,"E 63 St & 3 Ave",6830.02,40.74444921,-73.98303529,40.763954,-73.9646,member
95000,tripdata_1,8574AEE2A00DDC0E,classic_bike,"2026-05-12 06:59:42.810","2026-05-12 07:03:07.576","50 St & 30 Ave",6735.03,"48 St & Broadway",6629.06,40.760083,-73.907107,40.755763,-73.912715,member
95500,tripdata_1,47C72A86E7E1BAC3,electric_bike,"2026-05-07 18:58:18.483","2026-05-07 19:02:33.828","E 47 St & Park Ave",6584.12,"E 54 St & 1 Ave",6608.09,40.75510267,-73.97498696,40.756265,-73.964179,casual
96000,tripdata_1,7AF9029E8A43AFB4,classic_bike,"2026-05-08 18:01:37.145","2026-05-08 18:04:13.841","1 Ave & E 16 St",5779.08,"E 17 St & 2 Ave",5896.01,40.73221853,-73.98165557,40.73431166276575,-73.98372530937195,member
96500,tripdata_1,9F0E6E251854D4DA,electric_bike,"2026-05-09 02:03:44.714","2026-05-09 02:12:14.333","E 10 St & 2 Ave",5746.02,"W 12 St & Hudson St",5997.1,40.72970805644994,-73.9865979552269,40.73752993301071,-74.00558933615685,member
97000,tripdata_1,2FFE95AC84E3A647,electric_bike,"2026-05-09 11:08:20.264","2026-05-09 11:30:57.395","E 88 St & 1 Ave",7235.13,"21 St & 21 Ave",7314.03,40.778301,-73.9488134,40.782465,-73.914527,casual
97500,tripdata_1,667787A140545E33,electric_bike,"2026-05-05 11:12:50.111","2026-05-05 11:16:55.024","W 13 St & 5 Ave",5947.04,"W 12 St & Hudson St",5997.1,40.735445,-73.99431,40.73752993301071,-74.00558933615685,member
98000,tripdata_1,CCF21EEC02EFD0A4,electric_bike,"2026-05-01 14:18:08.463","2026-05-01 14:21:38.590","Leonard St & Boerum St",5036.06,"Manhattan Ave & Devoe St",5219.05,40.70583339,-73.94644578,40.713532,-73.9459867,member
98500,tripdata_1,7F4DA52ADEE18852,electric_bike,"2026-05-01 10:02:09.177","2026-05-01 10:19:14.473","Macon St & Patchen Ave",4301.04,"Manhattan Ave & Devoe St",5219.05,40.68374,-73.9261,40.713532,-73.9459867,member
99000,tripdata_1,B1EA270928E9FFE6,electric_bike,"2026-05-05 18:21:43.550","2026-05-05 18:32:44.150","8 Ave & W 49 St",6747.07,"E 63 St & 3 Ave",6830.02,40.76171227910671,-73.98655101656914,40.763954,-73.9646,member
99500,tripdata_1,73D95AF7577F776C,electric_bike,"2026-05-14 17:54:26.743","2026-05-14 18:04:30.814","Nassau Ave & Russell St",5581.01,"Manhattan Ave & Devoe St",5219.05,40.72557,-73.94434,40.713532,-73.9459867,member
100000,tripdata_1,2674CBFA394C25F0,electric_bike,"2026-05-07 17:42:15.911","2026-05-07 17:52:35.618","8 Ave & W 49 St",6747.07,"E 63 St & 3 Ave",6830.02,40.76171227910671,-73.98655101656914,40.763954,-73.9646,member
100500,tripdata_1,00B9C94DBC96AEF5,electric_bike,"2026-05-07 08:03:29.830","2026-05-07 08:06:10.320","Broadway & E 19 St",5980.11,"E 17 St & 2 Ave",5896.01,40.73829,-73.99006,40.73431166276575,-73.98372530937195,member
101000,tripdata_1,91A477CD053A26F6,classic_bike,"2026-05-14 11:45:14.149","2026-05-14 11:51:07.572","Liberty St & Broadway",5105.01,"Duane St & Hudson St",5359.12,40.70905623,-74.01043382,40.71703,-74.00925,member
101500,tripdata_1,65A230B016C89C79,electric_bike,"2026-05-13 12:24:54.276","2026-05-13 12:29:46.152","Fulton St & Adams St",4637.06,"Atlantic Ave & Furman St",4614.04,40.692418292578466,-73.98949474096298,40.69165183,-73.9999786,member
102000,tripdata_1,3CE881F47CAD91CF,electric_bike,"2026-05-03 23:06:11.874","2026-05-03 23:18:50.174","W 133 St & 12 Ave",7925.04,"Wadsworth Ave & W 175 St",8299.03,40.820003,-73.959089,40.846052,-73.937648,member
102500,tripdata_1,7158F62F46263E9F,electric_bike,"2026-05-08 17:23:50.656","2026-05-08 17:30:21.760","Columbus Ave & W 59 St",6986.07,"E 58 St & 3 Ave",6762.02,40.76931,-73.98464,40.76095756,-73.96724467,casual
103000,tripdata_1,7AA47FAD4FD8FDE9,classic_bike,"2026-05-02 16:52:13.457","2026-05-02 16:55:53.963","W 17 St & 8 Ave",6148.02,"W 12 St & Hudson St",5997.1,40.74177603,-74.00149746,40.73752993301071,-74.00558933615685,member
103500,tripdata_1,A5A3AAE8D778F4CB,classic_bike,"2026-05-05 19:44:00.753","2026-05-05 19:56:01.692","Old Fulton St",4903.08,"Atlantic Ave & Furman St",4614.04,40.70277159,-73.99383605,40.69165183,-73.9999786,casual
104000,tripdata_1,AB924445573412CB,electric_bike,"2026-05-13 16:53:27.225","2026-05-13 17:09:20.280","W 35 St & 8 Ave",6526.01,"E 54 St & 1 Ave",6608.09,40.752762088742045,-73.99280458705107,40.756265,-73.964179,casual
104500,tripdata_1,EBD6304B84D320CC,classic_bike,"2026-05-09 11:57:14.752","2026-05-09 12:01:12.059","W 24 St & 7 Ave",6257.03,"W 12 St & Hudson St",5997.1,40.74487634,-73.99529885,40.73752993301071,-74.00558933615685,member
105000,tripdata_1,2BBE7278D05CED8B,electric_bike,"2026-05-07 12:56:38.070","2026-05-07 13:12:13.436","Verona Pl & Fulton St",4214.04,"Manhattan Ave & Devoe St",5219.05,40.6803560840434,-73.9476791024208,40.713532,-73.9459867,member
105500,tripdata_1,9B7F4A2B446DD4C8,electric_bike,"2026-05-10 08:23:03.233","2026-05-10 08:25:50.452","2 Ave & E 29 St",6122.09,"E 17 St & 2 Ave",5896.01,40.741723510974715,-73.97809267044067,40.73431166276575,-73.98372530937195,member
106000,tripdata_1,EBF6BC1D21F2FEAD,electric_bike,"2026-05-14 09:19:58.146","2026-05-14 09:32:12.227","Carmine St & 6 Ave",5763.03,"E 39 St & Lexington Ave",6389.09,40.73038599,-74.00214988,40.749498546025194,-73.97729203113158,member
106500,tripdata_1,E3023AA603B4E882,electric_bike,"2026-05-05 20:17:26.821","2026-05-05 20:28:29.074","Columbus Ave & W 72 St",7175.05,"E 74 St & 1 Ave",6953.08,40.7770575,-73.97898475,40.7689738,-73.95482273,member
107000,tripdata_1,3167AFB40158F0C3,electric_bike,"2026-05-07 08:00:12.262","2026-05-07 08:19:05.885","Riverside Dr & W 104 St",7623.13,"E 74 St & 1 Ave",6953.08,40.8013434,-73.9711457439,40.7689738,-73.95482273,casual
107500,tripdata_1,0E3A4CB9F06CED2B,electric_bike,"2026-05-04 23:10:17.339","2026-05-04 23:15:59.193","E 88 St & 1 Ave",7235.13,"E 74 St & 1 Ave",6953.08,40.778301,-73.9488134,40.7689738,-73.95482273,casual
108000,tripdata_1,3F5FE7BC2718822E,classic_bike,"2026-05-04 15:22:05.434","2026-05-04 15:28:59.721","Carmine St & 6 Ave",5763.03,"E 11 St & Broadway",5829.12,40.73038599,-74.00214988,40.73261787,-73.99158043,member
108500,tripdata_1,E43143A50CE536B3,classic_bike,"2026-05-10 00:20:18.495","2026-05-10 00:36:12.659","E 10 St & 2 Ave",5746.02,"W 10 St & Washington St",5847.06,40.72970805644994,-73.9865979552269,40.73342399437081,-74.00851495563984,casual
109000,tripdata_1,B1780BA163FC84E9,electric_bike,"2026-05-05 17:16:52.579","2026-05-05 17:31:33.441","Central Park S & Grand Army Plaza",6839.15,"E 88 St & 1 Ave",7235.13,40.764555,-73.973473,40.778301,-73.9488134,member
109500,tripdata_1,7C6DC1BE806445FF,electric_bike,"2026-05-08 18:28:23.867","2026-05-08 18:39:42.540","E 47 St & Park Ave",6584.12,"E 74 St & 1 Ave",6953.08,40.75510267,-73.97498696,40.7689738,-73.95482273,member
110000,tripdata_1,7BE3082F964222E1,electric_bike,"2026-05-04 14:03:43.522","2026-05-04 14:12:43.181","34 Ave & Vernon Blvd",6873.01,"31 Ave & Steinway St",6782.01,40.76535380385866,-73.93986314535141,40.7611488,-73.9170071,member
110500,tripdata_1,990C1D4640B5A37D,classic_bike,"2026-05-07 17:07:29.870","2026-05-07 17:14:46.118","Lexington Ave & E 120 St",7652.04,"Adam Clayton Powell Blvd & W 118 St",7670.09,40.8013066,-73.9398167,40.804372,-73.951475,member
111000,tripdata_1,AD8511A96BA52049,electric_bike,"2026-05-08 07:59:39.606","2026-05-08 08:03:58.907","E 85 St & York Ave",7146.04,"E 74 St & 1 Ave",6953.08,40.77536905,-73.94803392,40.7689738,-73.95482273,member
111500,tripdata_1,773B986A2704B306,electric_bike,"2026-05-09 20:00:27.374","2026-05-09 20:25:21.889","W 34 St & 11 Ave",6578.01,"E 88 St & 1 Ave",7235.13,40.75594159,-74.0021163,40.778301,-73.9488134,member
112000,tripdata_1,942847BB54465243,electric_bike,"2026-05-01 09:14:46.440","2026-05-01 09:33:48.298","Douglass St & 3 Ave",4217.02,"Liberty St & Nassau St",5105.09,40.6802133,-73.98432695,40.70858894,-74.00935482,member
112500,tripdata_1,B9933966DAA805A5,classic_bike,"2026-05-07 08:53:39.482","2026-05-07 09:02:21.877","W 51 St & 7 Ave",6779.07,"5 Ave & E 30 St",6248.08,40.76167,-73.98256,40.7459849,-73.98629487,member
113000,tripdata_1,BD9C9D8128530B8C,electric_bike,"2026-05-04 18:43:23.232","2026-05-04 18:50:57.493","University Pl & E 14 St",5905.14,"Washington St & Gansevoort St",6039.06,40.734814,-73.992085,40.739323,-74.008119,member
113500,tripdata_1,E1D906DD519760D7,classic_bike,"2026-05-07 20:29:16.471","2026-05-07 20:39:09.194","6 Ave & Broome St",5610.09,"Perry St & Greenwich Ave",5955.12,40.72431,-74.00473,40.735918,-74.000939,member
114000,tripdata_1,1288B58C207F2386,electric_bike,"2026-05-13 11:44:11.087","2026-05-13 11:55:23.206","University Pl & E 14 St",5905.14,"Hudson St & W 13 St",6115.06,40.734814,-73.992085,40.74005708567285,-74.0052741765976,casual
114500,tripdata_1,BB48A6BC6871D937,electric_bike,"2026-05-11 08:52:30.285","2026-05-11 08:55:19.093","9 Ave & W 33 St",6492.08,"W 26 St & 10 Ave",6382.05,40.752568,-73.996765,40.749717753,-74.002950346,member
115000,tripdata_1,C1CFA1B960611B5D,electric_bike,"2026-05-07 09:23:30.431","2026-05-07 09:29:04.723","N 12 St & Bedford Ave",5450.04,"Grand St & Wythe Ave",5348.1,40.72079821,-73.95484712,40.71575,-73.96433,casual
115500,tripdata_1,782403FD52CAEC93,classic_bike,"2026-05-11 09:31:30.133","2026-05-11 09:52:54.885","Bergen St & Troy Ave",4048.03,"Atlantic Ave & Fort Greene Pl",4354.07,40.67524,-73.93596,40.68382604,-73.97632328,member
116000,tripdata_1,B1BA4F7B1FABE54A,electric_bike,"2026-05-01 10:34:14.799","2026-05-01 10:46:20.276","W 82 St & Central Park W",7304.08,"W 43 St & 10 Ave",6756.01,40.78275,-73.97137,40.76009437,-73.99461843,member
116500,tripdata_1,45336C07AD4DC686,electric_bike,"2026-05-04 18:41:59.657","2026-05-04 18:45:50.682","W 87 St & West End Ave",7484.05,"W 95 St & Broadway",7541.01,40.789622,-73.97757,40.7937704,-73.971888,member
117000,tripdata_1,259FFEF20F6B987A,electric_bike,"2026-05-06 16:59:17.988","2026-05-06 17:01:59.310","9 Ave & W 22 St",6266.06,"W 26 St & 10 Ave",6382.05,40.7454973,-74.00197139,40.749717753,-74.002950346,member
117500,tripdata_1,5FD1E75580EAEA8A,electric_bike,"2026-05-12 17:57:40.393","2026-05-12 18:22:26.316","Greenwich St & Hubert St",5470.1,"E 58 St & 1 Ave (NW Corner)",6723.1,40.721319,-74.010065,40.759125,-73.962658,member
118000,tripdata_1,08B1B56336FD0602,classic_bike,"2026-05-02 11:46:55.799","2026-05-02 11:52:18.201","E 68 St & 3 Ave",6896.16,"E 58 St & 1 Ave (NW Corner)",6723.1,40.76712840349542,-73.96224617958069,40.759125,-73.962658,member
118500,tripdata_1,6F14C9E649F6FBA1,electric_bike,"2026-05-13 16:59:52.116","2026-05-13 17:24:35.463","E 16 St & Irving Pl",5938.11,"Berry St & N 8 St",5379.09,40.735367055605394,-73.98797392845154,40.7190095,-73.95852515,member
119000,tripdata_1,52DF2DE622E29188,electric_bike,"2026-05-02 16:57:17.385","2026-05-02 17:14:02.533","Metropolitan Ave & Bedford Ave",5308.04,"Grand St & Wythe Ave",5348.1,40.71534825,-73.96024116,40.71575,-73.96433,member
119500,tripdata_1,57C2520F5C5B40A2,electric_bike,"2026-05-04 09:01:14.423","2026-05-04 09:16:59.379","Howard St & Lafayette St",5422.04,"W 26 St & 10 Ave",6382.05,40.71910537,-73.99973337,40.749717753,-74.002950346,member
120000,tripdata_1,DE80C1A8B8607534,electric_bike,"2026-05-09 11:55:41.666","2026-05-09 12:05:32.170","Central Park W & W 103 St",7577.27,"W 95 St & Broadway",7541.01,40.79558954105342,-73.96188408136368,40.7937704,-73.971888,member
120500,tripdata_1,0031C11C9142F334,electric_bike,"2026-05-04 19:16:25.956","2026-05-04 19:21:26.403","Riverside Dr & W 82 St",7388.1,"Central Park W & W 76 St",7253.04,40.78720869,-73.98128127,40.77896784,-73.97374737,member
121000,tripdata_1,8E55AC3C20D5CDAC,electric_bike,"2026-05-04 19:17:27.216","2026-05-04 19:31:21.170","E 25 St & 2 Ave",6046.02,"Suffolk St & Stanton St",5445.02,40.73912601,-73.97973776,40.72066442,-73.98517977,member
121500,tripdata_1,F32DAB5C6984F8F0,electric_bike,"2026-05-04 23:14:00.511","2026-05-04 23:32:59.580","7 Ave S & Bleecker St",5805.07,"Berry St & N 8 St",5379.09,40.73213896287381,-74.00363802909851,40.7190095,-73.95852515,member
122000,tripdata_1,6AD21CAEEDE92AA4,electric_bike,"2026-05-07 20:08:22.923","2026-05-07 20:12:39.760","Calyer St & West St",5676.04,"Berry St & N 8 St",5379.09,40.72693,-73.95863,40.7190095,-73.95852515,member
122500,tripdata_1,3DF70AC5A7C9C764,electric_bike,"2026-05-04 17:56:59.411","2026-05-04 18:00:48.204","5 Ave & E 72 St",7100.07,"Central Park W & W 76 St",7253.04,40.77282817,-73.96685276,40.77896784,-73.97374737,member
123000,tripdata_1,779E0AB839CD327F,electric_bike,"2026-05-04 16:48:24.572","2026-05-04 17:20:56.771","W 42 St & Dyer Ave",6644.07,"W 43 St & 10 Ave",6756.01,40.75898481399634,-73.99379968643188,40.76009437,-73.99461843,member
123500,tripdata_1,729ED2DD78FA3C02,electric_bike,"2026-05-08 19:16:14.165","2026-05-08 19:22:43.101","E 40 St & 5 Ave",6474.11,"W 43 St & 10 Ave",6756.01,40.752062307,-73.9816324043,40.76009437,-73.99461843,member
124000,tripdata_1,F3F13264511B9115,electric_bike,"2026-05-04 18:41:39.583","2026-05-04 18:47:53.787","1 Ave & E 38 St",6230.02,"E 58 St & 1 Ave (NW Corner)",6723.1,40.746202,-73.971822,40.759125,-73.962658,member
124500,tripdata_1,E36290FD63274E7D,electric_bike,"2026-05-12 09:54:18.330","2026-05-12 10:09:48.728","Lexington Ave & Stuyvesant Ave",4500.07,"Berry St & N 8 St",5379.09,40.68973,-73.93353,40.7190095,-73.95852515,member
125000,tripdata_1,17590F058C6156BC,electric_bike,"2026-05-02 10:00:11.070","2026-05-02 10:15:55.336","University Ave & Macombs Rd",8344.09,"Louis Nine Blvd & Intervale Ave",8114.02,40.8496401,-73.9161206,40.831998,-73.892686,casual
125500,tripdata_1,4E7049AC7C677995,classic_bike,"2026-05-10 03:35:36.546","2026-05-10 03:47:36.566","Frederick Douglass Blvd & W 117 St",7688.12,"W 95 St & Broadway",7541.01,40.805159,-73.954692,40.7937704,-73.971888,member
126000,tripdata_1,A68FAA876842AB01,electric_bike,"2026-05-12 20:34:34.281","2026-05-12 20:38:03.739","W 50 St & 9 Ave",6854.05,"W 43 St & 10 Ave",6756.01,40.763604677958625,-73.98917958140373,40.76009437,-73.99461843,member
126500,tripdata_1,9DFB0311339AA1EB,electric_bike,"2026-05-14 16:04:23.250","2026-05-14 16:14:59.898","W 47 St & 6 Ave",6667.12,"E 58 St & 1 Ave (NW Corner)",6723.1,40.758154,-73.981957,40.759125,-73.962658,casual
127000,tripdata_1,11E4D619594A8D1D,classic_bike,"2026-05-06 08:19:10.515","2026-05-06 08:20:40.103","11 Ave & W 27 St",6425.04,"W 26 St & 10 Ave",6382.05,40.751396,-74.005226,40.749717753,-74.002950346,member
127500,tripdata_1,A5CF05B4151A1E8E,electric_bike,"2026-05-02 01:07:35.800","2026-05-02 01:24:08.415","Bayard St & Baxter St",5351.03,"Berry St & N 8 St",5379.09,40.71602118,-73.99974372,40.7190095,-73.95852515,member
128000,tripdata_1,CB9201730DD43ADA,classic_bike,"2026-05-05 17:40:45.411","2026-05-05 18:05:08.395","W 37 St & Broadway",6441.06,"Suffolk St & Stanton St",5445.02,40.75227093837409,-73.98770570755005,40.72066442,-73.98517977,member
128500,tripdata_1,B82A9E98863DA8E2,electric_bike,"2026-05-02 17:42:20.578","2026-05-02 18:00:59.394","5 Ave & E 103 St",7511.19,"Central Park W & W 76 St",7253.04,40.7922553,-73.95249933,40.77896784,-73.97374737,member
129000,tripdata_1,27888C6959A94563,electric_bike,"2026-05-03 17:22:51.601","2026-05-03 17:30:01.301","W 52 St & 6 Ave",6740.01,"W 43 St & 10 Ave",6756.01,40.76132983124814,-73.97982001304626,40.76009437,-73.99461843,member
129500,tripdata_1,B23B4C9ECD6D58CB,electric_bike,"2026-05-11 14:25:14.554","2026-05-11 14:33:49.187","W 54 St & 11 Ave",6955.05,"W 26 St & 10 Ave",6382.05,40.768333,-73.992573,40.749717753,-74.002950346,member
130000,tripdata_1,77F48464F0541266,electric_bike,"2026-05-11 14:53:40.686","2026-05-11 15:23:34.330","St Ann's Ave & Westchester Ave",7835.1,"Anthony Ave & E Tremont Ave",8356.04,40.815887,-73.911918,40.848793,-73.903178,member
130500,tripdata_1,B6DFB9881D234B37,electric_bike,"2026-05-10 03:04:58.000","2026-05-10 03:12:39.591","Lafayette Ave & St James Pl",4494.04,"Carlton Ave & Dean St",4199.12,40.68851534,-73.9647628,40.6809741,-73.9710097,member
131000,tripdata_1,96CE20E864E9FEF4,classic_bike,"2026-05-02 05:29:25.865","2026-05-02 05:31:28.761","5 Ave & E 63 St",6904.06,"E 66 St & Madison Ave",6969.08,40.766368,-73.971518,40.76800889305947,-73.96845281124115,member
131500,tripdata_1,820266A6B9FF330A,electric_bike,"2026-05-08 19:22:53.848","2026-05-08 19:43:11.127","Canal St & Rutgers St",5303.08,"Engert Ave & McGuinness Blvd",5473.03,40.71427487,-73.98990025,40.72158,-73.94546,member
132000,tripdata_1,CFAC9F14D4846391,electric_bike,"2026-05-07 08:57:52.756","2026-05-07 09:05:59.608","Johnson St & Gold St",4668.08,"Carlton Ave & Dean St",4199.12,40.69474881,-73.98362464,40.6809741,-73.9710097,member
132500,tripdata_1,8963D605DD630AB1,electric_bike,"2026-05-14 19:54:11.360","2026-05-14 20:02:54.313","Sands St & Jay St",4821.03,"Bergen St & 4 Ave",4322.06,40.700119,-73.9862,40.68256425759694,-73.9798977971077,member
133000,tripdata_1,BBE7E68C0E55C78B,classic_bike,"2026-05-07 17:13:35.160","2026-05-07 17:26:22.567","14 St & 7 Ave",3731.11,"Carlton Ave & Dean St",4199.12,40.663779,-73.98396846,40.6809741,-73.9710097,casual
133500,tripdata_1,7DE882A34DC0AE7E,classic_bike,"2026-05-11 21:48:55.972","2026-05-11 22:09:44.442","Pioneer St & Van Brunt St",4169.04,"Carlton Ave & Dean St",4199.12,40.679043,-74.011169,40.6809741,-73.9710097,member
134000,tripdata_1,D7FBC9B3B5083090,electric_bike,"2026-05-01 15:27:47.926","2026-05-01 15:30:34.823","King St & Varick St",5687.11,"6 Ave & Broome St",5610.09,40.72789701409023,-74.00536268949507,40.72431,-74.00473,casual
134500,tripdata_1,77D609CAACEDC499,electric_bike,"2026-05-06 18:43:43.846","2026-05-06 19:12:30.807","Broadway & W 25 St",6173.08,"Fulton St & Waverly Ave",4345.11,40.74286877312112,-73.98918628692627,40.683238654603414,-73.96599590778351,member
135000,tripdata_1,FF02E4FB94E2AB45,electric_bike,"2026-05-11 06:49:21.264","2026-05-11 06:55:44.941","E 85 St & 3 Ave",7212.05,"E 66 St & Madison Ave",6969.08,40.77801203,-73.95407149,40.76800889305947,-73.96845281124115,member
135500,tripdata_1,BB6D3E22969AA098,classic_bike,"2026-05-13 00:32:10.073","2026-05-13 00:50:19.008","Albany Ave & Fulton St",4237.02,"Albany Ave & Fulton St",4237.02,40.6800105,-73.938475,40.6800105,-73.938475,casual
136000,tripdata_1,F2C1FA933AC87D2F,classic_bike,"2026-05-01 20:07:32.650","2026-05-01 20:14:26.542","Greenwich Ave & Charles St",5914.08,"6 Ave & Broome St",5610.09,40.735238,-74.000271,40.72431,-74.00473,member
136500,tripdata_1,DF7B39D7CC4BF7E0,electric_bike,"2026-05-09 18:57:40.718","2026-05-09 19:06:56.420","96 St & Northern Blvd",6660.07,"82 St & 30 Ave",6748.04,40.75712,-73.8722,40.76109,-73.88632,member
137000,tripdata_1,DEA2EA2C7A0544B1,classic_bike,"2026-05-12 19:11:51.811","2026-05-12 19:14:42.107","Graham Ave & Conselyea St",5291.05,"Engert Ave & McGuinness Blvd",5473.03,40.715143,-73.944507,40.72158,-73.94546,casual
137500,tripdata_1,6211F91C11048705,classic_bike,"2026-05-14 15:36:19.475","2026-05-14 15:56:20.938","Marcy Ave & Rutledge St",4933.04,"Fulton St & Waverly Ave",4345.11,40.703681,-73.95427,40.683238654603414,-73.96599590778351,member
138000,tripdata_1,8AAE6C0410EB67CA,classic_bike,"2026-05-10 11:47:41.884","2026-05-10 11:50:19.012","Cambridge Pl & Gates Ave",4377.04,"Fulton St & Waverly Ave",4345.11,40.68488,-73.96304,40.683238654603414,-73.96599590778351,member
138500,tripdata_1,D65E1D6F5A40F115,electric_bike,"2026-05-05 09:31:44.066","2026-05-05 09:50:06.654","S 2 St & Kent Ave",5276.04,"6 Ave & Broome St",5610.09,40.714731,-73.966612,40.72431,-74.00473,member
139000,tripdata_1,A7EE06BD5C1A8108,electric_bike,"2026-05-06 19:33:35.857","2026-05-06 20:11:52.972","E 85 St & York Ave",7146.04,"E 85 St & York Ave",7146.04,40.77536905,-73.94803392,40.77536905,-73.94803392,member
139500,tripdata_1,029F678943DC5608,electric_bike,"2026-05-03 19:26:36.509","2026-05-03 19:29:20.214","Dean St & Hoyt St",4446.05,"Bergen St & 4 Ave",4322.06,40.6864442,-73.98759104,40.68256425759694,-73.9798977971077,member
140000,tripdata_1,B8500D4E625DD9CB,electric_bike,"2026-05-04 08:25:32.790","2026-05-04 08:54:40.854","W 37 St & 10 Ave",6611.02,"Adam Clayton Powell Blvd & W 115 St",7643.18,40.75660359,-73.9979009,40.802535,-73.9532423,member
140500,tripdata_1,53562FB000E464BF,electric_bike,"2026-05-13 16:29:45.277","2026-05-13 16:34:53.914","Greenpoint Ave & West St",5752.09,"Engert Ave & McGuinness Blvd",5473.03,40.729803,-73.959099,40.72158,-73.94546,member
141000,tripdata_1,DF1141872180A6D3,electric_bike,"2026-05-03 00:21:34.510","2026-05-03 00:43:11.264","Schermerhorn St & Court St",4565.07,"Myrtle Ave & Grove St",4816.05,40.6910363748993,-73.99201065301895,40.69905,-73.91516,casual
141500,tripdata_1,9F98D09B16CEE75E,electric_bike,"2026-05-10 14:05:41.779","2026-05-10 14:08:04.426","W 180 St & Fort Washington Ave",8358.03,"Fort Washington Ave & W 190 St",8496.01,40.849972,-73.938423,40.856906,-73.935662,member
142000,tripdata_1,F460D73D1E615ACB,electric_bike,"2026-05-05 08:30:23.862","2026-05-05 08:47:17.275","Washington Pl & 6 Ave",5838.09,"E 66 St & Madison Ave",6969.08,40.73224119,-74.00026394,40.76800889305947,-73.96845281124115,member
142500,tripdata_1,5B9B21788890B6F7,electric_bike,"2026-05-12 20:46:54.283","2026-05-12 20:49:38.705","Carlton Ave & Dean St",4199.12,"Bergen St & 4 Ave",4322.06,40.6809741,-73.9710097,40.68256425759694,-73.9798977971077,member
143000,tripdata_1,B595254D14D09D80,electric_bike,"2026-05-13 15:34:41.369","2026-05-13 16:04:53.499","Grand St & Havemeyer St",5267.08,"E 66 St & Madison Ave",6969.08,40.71286844,-73.95698119,40.76800889305947,-73.96845281124115,casual
143500,tripdata_1,A7A6F2AEC531B9A3,electric_bike,"2026-05-01 21:13:41.602","2026-05-01 21:25:43.501","Riverside Dr & W 145 St",8018.04,"Adam Clayton Powell Blvd & W 115 St",7643.18,40.827305,-73.951989,40.802535,-73.9532423,member
144000,tripdata_1,875BDD3A88731C2A,electric_bike,"2026-05-05 08:40:50.582","2026-05-05 08:47:26.423","Broadway & Madison St",4483.1,"Pacific St & Utica Ave",4154.02,40.68822,-73.91966,40.6767,-73.93051,member
144500,tripdata_1,B01F13F94C7B77D7,electric_bike,"2026-05-02 13:38:42.095","2026-05-02 13:43:22.069","W 10 St & Washington St",5847.06,"6 Ave & Broome St",5610.09,40.73342399437081,-74.00851495563984,40.72431,-74.00473,member
145000,tripdata_1,2747092CC6135A7A,electric_bike,"2026-05-05 16:17:42.216","2026-05-05 16:25:17.438","W 54 St & 9 Ave",6920.05,"E 66 St & Madison Ave",6969.08,40.76604,-73.98737,40.76800889305947,-73.96845281124115,member
145500,tripdata_1,1F90FAB7C15E879D,classic_bike,"2026-05-08 16:09:10.133","2026-05-08 16:21:12.873","Orchard St & Grand St",5343.11,"6 Ave & Broome St",5610.09,40.717318403855785,-73.99067759513855,40.72431,-74.00473,casual
146000,tripdata_1,32EF3ACA63876C98,classic_bike,"2026-05-03 20:05:33.273","2026-05-03 20:30:47.801","Winthrop St & Nostrand Ave",3544.02,"Carlton Ave & Dean St",4199.12,40.65707,-73.95005,40.6809741,-73.9710097,casual
146500,tripdata_1,FBA52867216DCB8D,classic_bike,"2026-05-07 15:31:30.558","2026-05-07 15:39:16.168","30 Ave & 21 St",6996.01,"38 St & 30 Ave",6850.01,40.7703743,-73.9286078,40.764174520197685,-73.91583994030952,member
147000,tripdata_1,13B9FDEE29A7CD6E,electric_bike,"2026-05-06 07:14:24.071","2026-05-06 07:22:09.535","7 Ave & 20 St",3588.01,"Bergen St & 4 Ave",4322.06,40.659053,-73.98854,40.68256425759694,-73.9798977971077,member
147500,tripdata_1,957EEA92B73246C4,electric_bike,"2026-05-12 12:10:09.464","2026-05-12 12:21:18.549","E 7 St & Ave A",5626.07,"W Broadway & Watts St",5569.07,40.72621788,-73.98379855,40.72323,-74.00314,member
148000,tripdata_1,3F9DADF04424B3BF,classic_bike,"2026-05-05 18:34:52.457","2026-05-05 18:53:05.142","1 Ave & E 6 St",5626.15,"Pearl St & Hanover Square",4993.02,40.72633085971696,-73.98616880178452,40.7047177,-74.00926027,member
148500,tripdata_1,C700E6268B90BC5D,electric_bike,"2026-05-01 20:04:08.025","2026-05-01 20:09:03.051","E 102 St & Park Ave",7488.24,"E 91 St & 2 Ave",7286.01,40.7904828,-73.95033068,40.78115276427915,-73.94963040947914,member
149000,tripdata_1,4E31773C6A3E9C88,electric_bike,"2026-05-06 08:04:34.737","2026-05-06 08:11:44.976","Lincoln Pl & Classon Ave",3960.01,"Rogers Ave & Sterling St",3696.05,40.6721683,-73.9609,40.6630619,-73.9538746,member
149500,tripdata_1,1B47CFDD59569A47,electric_bike,"2026-05-03 15:47:06.398","2026-05-03 15:53:19.151","E 77 St & 1 Ave",7020.02,"E 91 St & 2 Ave",7286.01,40.77095553869235,-73.95356208096926,40.78115276427915,-73.94963040947914,member
150000,tripdata_1,DF2A9C3623E78BF4,electric_bike,"2026-05-01 18:04:26.598","2026-05-01 18:21:25.515","Washington Park",4546.05,"W Broadway & Watts St",5569.07,40.6917823,-73.9737299,40.72323,-74.00314,member
150500,tripdata_1,FBA04D48C718AD54,electric_bike,"2026-05-12 09:40:51.303","2026-05-12 09:53:36.232","E Houston St & Columbia St",5436.11,"Pearl St & Hanover Square",4993.02,40.71978635452822,-73.97871628403664,40.7047177,-74.00926027,member
151000,tripdata_1,F99219C3D6C8CC25,electric_bike,"2026-05-06 14:41:22.662","2026-05-06 14:58:20.190","Jackson Mill Rd & 24 Ave",6877.05,"84 St & Roosevelt Ave",6323.04,40.76619,-73.87561,40.74797,-73.88204,member
151500,tripdata_1,8BB92DA718D41460,electric_bike,"2026-05-03 22:48:45.017","2026-05-03 22:55:18.915","W 107 St & Columbus Ave",7619.05,"Columbus Ave & W 103 St",7595.17,40.7997568,-73.9621128676,40.7969347,-73.9643412291,member
152000,tripdata_1,28EBB431A16FE4D5,electric_bike,"2026-05-06 14:23:41.324","2026-05-06 14:32:07.878","E 114 St & 1 Ave",7540.02,"E 91 St & 2 Ave",7286.01,40.7945663,-73.9362541,40.78115276427915,-73.94963040947914,member
152500,tripdata_1,41FF65EE479C3C8D,electric_bike,"2026-05-07 08:03:56.681","2026-05-07 08:17:52.943","32 Ave & 77 St",6603.06,"55 Dr & Maurice Ave",5579.04,40.75727,-73.89024,40.7261,-73.90917,casual
153000,tripdata_1,DAA3BC3E568EB9C8,electric_bike,"2026-05-13 15:35:41.503","2026-05-13 15:49:11.245","2 Ave & E 96 St",7338.02,"E 91 St & 2 Ave",7286.01,40.7839636,-73.9471673,40.78115276427915,-73.94963040947914,casual
153500,tripdata_1,24B2FAF1715E5AD6,classic_bike,"2026-05-03 10:31:33.149","2026-05-03 10:36:36.831","Lafayette St & Grand St",5422.09,"W Broadway & Watts St",5569.07,40.72028,-73.99879,40.72323,-74.00314,casual
154000,tripdata_1,EE1756A49B0ADF36,classic_bike,"2026-05-06 06:55:16.497","2026-05-06 06:58:02.968","Maiden Ln & Pearl St",5065.1,"Broad St & Bridge St",4962.08,40.70706456,-74.00731853,40.70365182,-74.01167797,member
154500,tripdata_1,19E8437031EDC044,electric_bike,"2026-05-07 15:18:39.575","2026-05-07 15:27:48.249","Central Ave & Decatur St",4432.1,"Fresh Pond Rd & 69 Ave",4945.06,40.6882,-73.90798,40.70311,-73.89547,member
155000,tripdata_1,E9076E0EDD26E7D1,electric_bike,"2026-05-05 16:16:54.960","2026-05-05 16:21:10.379","Nassau Ave & Russell St",5581.01,"Meserole Ave & Manhattan Ave",5666.04,40.72557,-73.94434,40.72708584,-73.95299117,member
155500,tripdata_1,0902F113A8A8D059,electric_bike,"2026-05-09 13:52:31.513","2026-05-09 13:56:17.828","Warren St & Roosevelt Ave",6346.07,"84 St & Roosevelt Ave",6323.04,40.74919,-73.87054,40.74797,-73.88204,member
156000,tripdata_1,EB66A0494C86F643,electric_bike,"2026-05-14 11:03:12.056","2026-05-14 11:07:37.576","Lefferts Pl & Franklin Ave",4222.02,"Prospect Pl & Underhill Ave",4116.08,40.680342423,-73.9557689392,40.6769694,-73.96579,member
156500,tripdata_1,476798111D54EA04,classic_bike,"2026-05-14 18:31:38.496","2026-05-14 19:08:56.767","W 31 St & 7 Ave",6331.01,"Willoughby St & Ashland Pl",4587.02,40.749156,-73.9916,40.69178,-73.97877,member
157000,tripdata_1,9C3DF6747652246F,classic_bike,"2026-05-06 11:42:45.705","2026-05-06 11:46:30.125","Flatbush Ave & Fenimore St",3520.01,"Ocean Ave & Crooke Ave",3408.05,40.65798,-73.96051,40.65326,-73.96172,member
157500,tripdata_1,B9E5FD90DB472C9A,classic_bike,"2026-05-08 17:43:51.673","2026-05-08 17:46:31.267","61 St & 60 Ln",4830.02,"Fresh Pond Rd & 69 Ave",4945.06,40.70055,-73.8943,40.70311,-73.89547,casual
158000,tripdata_1,BB68FE84011768B9,electric_bike,"2026-05-08 18:21:29.378","2026-05-08 18:38:48.984","Mott St & Prince St",5561.04,"Pearl St & Hanover Square",4993.02,40.72317958,-73.99480012,40.7047177,-74.00926027,casual
158500,tripdata_1,F475695F3D1CE037,classic_bike,"2026-05-14 07:51:11.453","2026-05-14 07:53:30.778","8 Ave & W 24 St",6224.06,"W 29 St & 9 Ave",6416.06,40.74591072834279,-73.99807110428809,40.7500727,-73.99839279,member
159000,tripdata_1,475F1D0A2B3B46DE,electric_bike,"2026-05-12 07:10:31.282","2026-05-12 07:11:35.777","E 89 St & 3 Ave",7265.1,"E 91 St & 2 Ave",7286.01,40.7806284,-73.9521667,40.78115276427915,-73.94963040947914,member
159500,tripdata_1,4F963ADA639DF742,classic_bike,"2026-05-08 10:37:49.587","2026-05-08 11:16:18.470","24 St & 5 Ave",3555.04,"Broad St & Bridge St",4962.08,40.659555,-73.995068,40.70365182,-74.01167797,member
160000,tripdata_1,AB81287152B79915,electric_bike,"2026-05-07 11:35:25.733","2026-05-07 11:40:59.480","Willoughby Ave & Wyckoff Ave",5010.02,"Central Ave & Himrod St",4713.01,40.705614,-73.92153,40.69676,-73.92302,member
160500,tripdata_1,4B3AB6B615DFD5F1,electric_bike,"2026-05-01 13:54:22.589","2026-05-01 16:18:11.245","5 Ave & E 103 St",7511.19,"W 52 St & 5 Ave",6700.01,40.7922553,-73.95249933,40.75992262,-73.97648516,casual
161000,tripdata_1,F6F780F1BEDD4BFD,electric_bike,"2026-05-12 22:34:10.827","2026-05-12 22:43:26.327","11 St & 43 Ave",6438.05,"Meserole Ave & Manhattan Ave",5666.04,40.75177,-73.94821,40.72708584,-73.95299117,member
161500,tripdata_1,214BBD481E57E561,electric_bike,"2026-05-06 08:44:45.889","2026-05-06 09:11:17.358","Woodside Ave & 60 St",6234.04,"E 91 St & 2 Ave",7286.01,40.74521,-73.90462,40.78115276427915,-73.94963040947914,casual
162000,tripdata_1,E3158E795C49E012,electric_bike,"2026-05-01 22:56:11.171","2026-05-01 23:17:29.754","Wyckoff St & 3 Ave",4290.06,"Ocean Ave & Crooke Ave",3408.05,40.6827549,-73.98258555,40.65326,-73.96172,member
162500,tripdata_1,76B16DC8D9BC0C57,electric_bike,"2026-05-08 18:07:13.163","2026-05-08 18:09:27.381","Riverside Dr & Broadway",8616.06,"Dyckman St & Staff St",8655.02,40.865364,-73.92791,40.868846,-73.931537,member
163000,tripdata_1,11649084ADDA8CAD,electric_bike,"2026-05-14 17:39:02.848","2026-05-14 17:42:10.614","Lenox Ave & W 126 St",7720.03,"5 Ave & W 131 St",7735.05,40.808442,-73.9452087,40.81014,-73.93973,member
163500,tripdata_1,9ED0730C3FC307E6,electric_bike,"2026-05-09 20:59:27.372","2026-05-09 21:04:13.212","Knickerbocker Ave & Hancock St",4663.02,"Central Ave & Himrod St",4713.01,40.69385,-73.90974,40.69676,-73.92302,casual
164000,tripdata_1,1EBE2D19D327E3BC,classic_bike,"2026-05-02 16:16:52.803","2026-05-02 16:36:08.345","Jackson Mill Rd & 93 St",6701.05,"84 St & Roosevelt Ave",6323.04,40.75874,-73.87535,40.74797,-73.88204,casual
164500,tripdata_1,58A5D2FDDC5F23C8,electric_bike,"2026-05-14 07:12:56.793","2026-05-14 07:27:16.032","32 Ave & 77 St",6603.06,"55 Dr & Maurice Ave",5579.04,40.75727,-73.89024,40.7261,-73.90917,casual
165000,tripdata_1,34BBAF7D1C7964C2,electric_bike,"2026-05-09 20:10:08.305","2026-05-09 20:18:55.109","E 58 St & 1 Ave (NE Corner)",6682.03,"E 91 St & 2 Ave",7286.01,40.75892386377695,-73.96226227283478,40.78115276427915,-73.94963040947914,member
165500,tripdata_1,4B3A7C86D7411B60,electric_bike,"2026-05-04 13:42:53.907","2026-05-04 13:47:12.912","MacDougal St & Prince St",5687.04,"W Broadway & Watts St",5569.07,40.72710258,-74.00297088,40.72323,-74.00314,casual
166000,tripdata_1,378C6F1E873F8AAD,electric_bike,"2026-05-13 17:25:07.388","2026-05-13 17:36:30.176","Bridge St & York St",4853.06,"St Marks Pl & 2 Ave",5669.1,40.70133448066992,-73.98471236228943,40.7284186,-73.98713956,casual
166500,tripdata_1,3E44D8944AE58C79,electric_bike,"2026-05-01 08:13:28.881","2026-05-01 09:26:19.485","Stanton St & Chrystie St",5523.02,"E 1 St & Bowery",5636.13,40.72229346,-73.99147535,40.72486122254819,-73.99213135242462,member
167000,tripdata_1,2442FB6D51A1C484,electric_bike,"2026-05-04 07:36:28.932","2026-05-04 07:46:29.473","Clinton St & Grand St",5303.06,"Broad St & Bridge St",4962.08,40.71559509,-73.9870295,40.70365182,-74.01167797,member
167500,tripdata_1,ACF40272956D5BDC,electric_bike,"2026-05-02 16:39:45.024","2026-05-02 17:08:16.806","1 Ave & E 16 St",5779.08,"Duane St & Hudson St",5359.12,40.73221853,-73.98165557,40.71703,-74.00925,member
168000,tripdata_1,416EEFA351F69B21,electric_bike,"2026-05-01 14:07:19.474","2026-05-01 14:19:11.766","River Ter & Warren St",5368.03,"Canal St & Rutgers St",5303.08,40.71759894980997,-74.01587963104248,40.71427487,-73.98990025,member
168500,tripdata_1,A475C88720780D6C,electric_bike,"2026-05-12 19:12:34.775","2026-05-12 19:28:19.987","Pearl St & Hanover Square",4993.02,"Atlantic Ave & Furman St",4614.04,40.7047177,-74.00926027,40.69165183,-73.9999786,member
169000,tripdata_1,AB064727CB18C675,electric_bike,"2026-05-07 17:14:23.317","2026-05-07 17:21:53.000","N 10 St & Berry St",5450.01,"Manhattan Ave & Devoe St",5219.05,40.720253,-73.957082,40.713532,-73.9459867,casual
169500,tripdata_1,248EDAEE6BF280F8,electric_bike,"2026-05-05 19:46:14.588","2026-05-05 20:10:59.574","86 St & 35 Ave",6475.07,"E 63 St & 3 Ave",6830.02,40.7523,-73.88093,40.763954,-73.9646,member
170000,tripdata_1,D8822AC4D51E383A,electric_bike,"2026-05-05 12:44:16.263","2026-05-05 12:49:48.680","W 27 St & 6 Ave",6215.07,"E 17 St & 2 Ave",5896.01,40.74526,-73.99062,40.73431166276575,-73.98372530937195,member
170500,tripdata_1,8A5060E03D14A34E,electric_bike,"2026-05-11 17:41:36.875","2026-05-11 17:49:09.082","Greenwich St & W Houston St",5730.08,"W 12 St & Hudson St",5997.1,40.728846,-74.008591,40.73752993301071,-74.00558933615685,member
171000,tripdata_1,2F8E27C3A335B5E9,electric_bike,"2026-05-08 18:18:23.657","2026-05-08 18:21:53.565","Broadway & 31 St",6789.08,"23 St & 31 Ave",6929.01,40.76194,-73.92513,40.76663971723091,-73.9286595582962,member
171500,tripdata_1,E2E93281DE26D98C,electric_bike,"2026-05-13 15:04:05.004","2026-05-13 15:13:55.795","West St & Liberty St",5184.08,"Bank St & Washington St",5964.01,40.711444,-74.014847,40.7361967,-74.00859207,member
172000,tripdata_1,484E6BC8666D3F46,classic_bike,"2026-05-12 18:54:26.528","2026-05-12 18:59:05.888","Richardson St & N Henry St",5433.03,"Manhattan Ave & Devoe St",5219.05,40.71907891179564,-73.94223690032959,40.713532,-73.9459867,member
172500,tripdata_1,0D6E1020E2C6BF47,classic_bike,"2026-05-05 21:55:02.520","2026-05-05 21:59:31.983","31 St & Ditmars Blvd",7144.02,"21 St & 21 Ave",7314.03,40.776168,-73.910485,40.782465,-73.914527,member
173000,tripdata_1,4FE4414944CCBEE3,electric_bike,"2026-05-12 09:20:37.694","2026-05-12 09:32:18.192","Bergen St & Vanderbilt Ave",4157.1,"Atlantic Ave & Furman St",4614.04,40.6794388,-73.9680438,40.69165183,-73.9999786,member
173500,tripdata_1,533772F64652C8F0,electric_bike,"2026-05-02 18:11:55.557","2026-05-02 18:19:25.917","Carmine St & 6 Ave",5763.03,"W 12 St & Hudson St",5997.1,40.73038599,-74.00214988,40.73752993301071,-74.00558933615685,member
174000,tripdata_1,E0E568609AEBFF0C,electric_bike,"2026-05-12 16:28:22.633","2026-05-12 16:37:37.909","Clinton Ave & Myrtle Ave",4651.02,"Myrtle Ave & Lewis Ave",4729.01,40.693261,-73.968896,40.69681963,-73.93756926,member
174500,tripdata_1,E0E33199D4CF5F97,classic_bike,"2026-05-07 17:47:04.014","2026-05-07 18:10:33.856","W 27 St & 6 Ave",6215.07,"E 63 St & 3 Ave",6830.02,40.74526,-73.99062,40.763954,-73.9646,member
175000,tripdata_1,99892E1C1B8B8E45,electric_bike,"2026-05-11 15:44:05.263","2026-05-11 15:52:25.652","Park Pl & Church St",5288.08,"Canal St & Rutgers St",5303.08,40.71334184275907,-74.00935515761375,40.71427487,-73.98990025,member
175500,tripdata_1,D2759572E449AC91,electric_bike,"2026-05-05 10:27:28.820","2026-05-05 10:39:22.734","W Broadway & Spring St",5569.06,"W 12 St & Hudson St",5997.1,40.72494672359416,-74.00165855884552,40.73752993301071,-74.00558933615685,member
176000,tripdata_1,0AA8983CD97AF4AC,electric_bike,"2026-05-12 16:48:23.637","2026-05-12 16:54:28.088","N 9 St & Wythe Ave",5489.06,"Manhattan Ave & Devoe St",5219.05,40.72054,-73.959,40.713532,-73.9459867,member
176500,tripdata_1,4F765B7DD78C506F,classic_bike,"2026-05-06 19:03:15.986","2026-05-06 19:15:26.586","E 27 St & Park Ave S",6131.13,"Bank St & Washington St",5964.01,40.74275179648995,-73.9847157150507,40.7361967,-74.00859207,member
177000,tripdata_1,F933E23973EE0D65,electric_bike,"2026-05-09 11:32:43.188","2026-05-09 11:43:08.911","Morgan HCT Charging",1234.56,"Morgan HCT Charging",1234.56,40.708948,-73.932777,40.708948,-73.932777,member
177500,tripdata_1,32179B1DE7219900,electric_bike,"2026-05-04 19:19:42.891","2026-05-04 19:29:04.380","Duane St & Hudson St",5359.12,"W 12 St & Hudson St",5997.1,40.71703,-74.00925,40.73752993301071,-74.00558933615685,casual
178000,tripdata_1,675C33BDDDBA9472,electric_bike,"2026-05-12 17:14:00.057","2026-05-12 17:20:34.496","Bond St & Bergen St",4404.1,"Atlantic Ave & Furman St",4614.04,40.6849668,-73.98620772,40.69165183,-73.9999786,casual
178500,tripdata_1,BEF0E94472FB2D79,electric_bike,"2026-05-04 21:20:57.066","2026-05-04 21:27:22.724","8 Ave & W 49 St",6747.07,"Central Park W & W 76 St",7253.04,40.76171227910671,-73.98655101656914,40.77896784,-73.97374737,member
179000,tripdata_1,E363D8D7180C78BB,classic_bike,"2026-05-01 08:28:32.569","2026-05-01 08:34:06.156","Great Jones St",5636.11,"E 11 St & Broadway",5829.12,40.72743423,-73.99379025,40.73261787,-73.99158043,member
179500,tripdata_1,835924F216B181CB,electric_bike,"2026-05-14 19:37:15.197","2026-05-14 19:43:19.652","9 Ave & W 22 St",6266.06,"W 10 St & Washington St",5847.06,40.7454973,-74.00197139,40.73342399437081,-74.00851495563984,member
180000,tripdata_1,65FE72C5C2DA9E30,electric_bike,"2026-05-02 13:45:40.298","2026-05-02 13:56:17.237","River Ave & E 151 St",7967.04,"Broadway & W 142 St",7981.16,40.822217,-73.928939,40.824686,-73.951947,member
180500,tripdata_1,52264BCB276F6EEE,electric_bike,"2026-05-05 17:30:37.199","2026-05-05 17:34:25.441","31 Ave & 30 St",6857.09,"31 Ave & Steinway St",6782.01,40.7647,-73.9240312,40.7611488,-73.9170071,member
181000,tripdata_1,7108A86917D0E4B4,electric_bike,"2026-05-10 22:55:18.276","2026-05-10 23:00:35.067","St Nicholas Ave & W 137 St",7898.03,"E 138 St & 5 Ave",7809.13,40.818477,-73.947568,40.81449,-73.936153,member
181500,tripdata_1,4D87D58B7891BA49,electric_bike,"2026-05-14 18:08:13.458","2026-05-14 18:15:18.096","Adam Clayton Powell Blvd & W 123 St",7704.04,"Broadway & W 142 St",7981.16,40.8078316,-73.949373,40.824686,-73.951947,casual
182000,tripdata_1,7C828B76EC0CD250,electric_bike,"2026-05-14 13:23:59.649","2026-05-14 13:39:40.336","Cleveland Pl & Spring St",5492.05,"Dock St & Front St",4903.09,40.722103786686034,-73.99724900722504,40.702709,-73.99253,casual
182500,tripdata_1,A0D330373C89C38C,electric_bike,"2026-05-12 17:28:31.788","2026-05-12 17:41:20.722","Norfolk St & Broome St",5374.01,"W 10 St & Washington St",5847.06,40.7172274,-73.98802084,40.73342399437081,-74.00851495563984,member
183000,tripdata_1,36BA94CBA1538109,electric_bike,"2026-05-02 21:37:18.421","2026-05-02 21:42:57.087","Cooper Square & Astor Pl",5712.03,"W 10 St & Washington St",5847.06,40.72951496224949,-73.99075269699097,40.73342399437081,-74.00851495563984,member
183500,tripdata_1,60D5DCA4B3227409,classic_bike,"2026-05-14 09:11:12.537","2026-05-14 09:18:20.403","Pier 61 at Chelsea Piers",6233.04,"W 10 St & Washington St",5847.06,40.746872,-74.00821,40.73342399437081,-74.00851495563984,member
184000,tripdata_1,F35726F9B42A5895,electric_bike,"2026-05-01 07:15:38.278","2026-05-01 09:00:43.196","W 63 St & Broadway",7052.01,"Dock St & Front St",4903.09,40.77163851,-73.98261428,40.702709,-73.99253,casual
184500,tripdata_1,8F7CD74E19CD4BB3,electric_bike,"2026-05-13 01:20:31.795","2026-05-13 01:26:46.088","W 171 St & St Nicholas Ave",8262.07,"Broadway & W 142 St",7981.16,40.842941,-73.938631,40.824686,-73.951947,casual
185000,tripdata_1,4F1798CE17ED21B7,electric_bike,"2026-05-06 13:52:30.441","2026-05-06 13:56:53.806","E 14 St & 1 Ave",5779.1,"E 11 St & Broadway",5829.12,40.73139303364151,-73.98286700248718,40.73261787,-73.99158043,member
185500,tripdata_1,1D3F25B47A554E1C,electric_bike,"2026-05-08 18:04:54.467","2026-05-08 18:50:23.661","E 77 St & 1 Ave",7020.02,"E 74 St & 1 Ave",6953.08,40.77095553869235,-73.95356208096926,40.7689738,-73.95482273,casual
186000,tripdata_1,69A199CA3BC31BDD,classic_bike,"2026-05-05 17:21:56.464","2026-05-05 17:34:06.484","6 Ave & W 33 St",6364.07,"W 10 St & Washington St",5847.06,40.74901271,-73.98848395,40.73342399437081,-74.00851495563984,member
186500,tripdata_1,3DE62AB7BC3993A1,electric_bike,"2026-05-04 17:55:04.749","2026-05-04 18:14:34.764","1 Ave & E 44 St",6379.03,"Roosevelt Island Tramway",6599.01,40.75001986,-73.96905301,40.757284,-73.9536,member
187000,tripdata_1,0589E5B67B32DC62,electric_bike,"2026-05-12 18:15:10.012","2026-05-12 18:47:48.112","48 St & 50 Ave",6016.06,"Roosevelt Island Tramway",6599.01,40.73737,-73.91803,40.757284,-73.9536,member
187500,tripdata_1,ACFE77F83C9672B4,electric_bike,"2026-05-05 17:02:46.396","2026-05-05 17:19:42.546","14 St & 5 Ave",3771.06,"Fulton St & Irving Pl",4263.12,40.666287,-73.98895053,40.68186,-73.959432,casual
188000,tripdata_1,EFCA08067AFBBF03,electric_bike,"2026-05-07 23:50:29.527","2026-05-07 23:56:16.784","Albemarle Rd & McDonald Ave",3166.03,"Windsor Pl & 8 Ave",3620.02,40.645074,-73.979681,40.660906,-73.983074,member
188500,tripdata_1,F4EFC3F4C52B147D,electric_bike,"2026-05-04 16:24:31.068","2026-05-04 17:46:45.124","Arthur Ave & E Tremont Ave",8293.12,"University Ave & Brandt Pl",8366.07,40.84616,-73.89322,40.848354,-73.918389,member
189000,tripdata_1,98D6E39B80F9EFA3,electric_bike,"2026-05-07 19:41:23.674","2026-05-07 19:56:20.241","Clinton St & Grand St",5303.06,"N 5 St & Wythe Ave",5419.04,40.71559509,-73.9870295,40.718389,-73.961501,member
189500,tripdata_1,EF7A2AA0943FCAF7,electric_bike,"2026-05-01 20:15:08.769","2026-05-01 20:33:06.719","Broadway & Berry St",5164.05,"Division St & Bowery",5311.08,40.71036129922581,-73.96530389785767,40.71419,-73.99673,member
190000,tripdata_1,DA29A8DFB351F2B2,electric_bike,"2026-05-12 18:37:13.994","2026-05-12 18:42:03.166","South End Ave & Albany St",5114.08,"Pearl St & Hanover Square",4993.02,40.709957,-74.016538,40.7047177,-74.00926027,member
190500,tripdata_1,0C83810123354B4D,classic_bike,"2026-05-01 19:08:35.785","2026-05-01 19:58:07.160","6 Ave & W 34 St",6364.1,"E 91 St & 2 Ave",7286.01,40.74964,-73.98805,40.78115276427915,-73.94963040947914,member
191000,tripdata_1,31E587EA632F824C,electric_bike,"2026-05-11 19:24:07.989","2026-05-11 19:44:54.783","Bridge St & Front St",4968.03,"Rogers Ave & Sterling St",3696.05,40.70296934155272,-73.98469090461731,40.6630619,-73.9538746,casual
191500,tripdata_1,D7128F3AE89894E7,electric_bike,"2026-05-02 14:34:06.242","2026-05-02 14:43:11.722","7 Ave S & Bleecker St",5805.07,"E 1 St & Bowery",5636.13,40.73213896287381,-74.00363802909851,40.72486122254819,-73.99213135242462,casual
192000,tripdata_1,F8110CCE4F24762D,classic_bike,"2026-05-14 09:50:44.664","2026-05-14 09:57:07.286","Jay St & Tech Pl",4710.06,"Willoughby St & Ashland Pl",4587.02,40.695065,-73.987167,40.69178,-73.97877,member
192500,tripdata_1,95817CC8E3916E51,electric_bike,"2026-05-07 20:22:58.622","2026-05-07 20:37:28.799","W 64 St & Thelonious Monk Circle",7123.04,"E 91 St & 2 Ave",7286.01,40.77515953434235,-73.98918695747852,40.78115276427915,-73.94963040947914,member
193000,tripdata_1,3A32076DABD472A4,electric_bike,"2026-05-05 07:59:42.201","2026-05-05 08:18:07.711","DeKalb Ave & Vanderbilt Ave",4461.04,"Meserole Ave & Manhattan Ave",5666.04,40.68940747,-73.96885458,40.72708584,-73.95299117,member
193500,tripdata_1,3DDAC73F46CEA581,electric_bike,"2026-05-11 15:37:38.979","2026-05-11 15:57:40.811","Hudson Blvd W & W 36 St",6611.07,"Lafayette St & Grand St",5422.09,40.75676475086503,-73.99971440439913,40.72028,-73.99879,member
194000,tripdata_1,AAEA14C6B73DC9DA,electric_bike,"2026-05-14 17:30:13.378","2026-05-14 17:40:45.427","Fresh Pond Rd & 69 Ave",4945.06,"Flushing Ave & Woodward Ave",5225.02,40.70311,-73.89547,40.71246,-73.91873,member
194500,tripdata_1,6ABDC3325AB7A3A2,electric_bike,"2026-05-01 22:37:54.233","2026-05-01 22:44:11.385","E 184 St & 3 Ave",8467.03,"Jerome Ave & E 181 St",8478.11,40.85472,-73.89022,40.855653,-73.905528,member
195000,tripdata_1,4C910506FC0FE498,electric_bike,"2026-05-01 21:08:03.600","2026-05-01 21:22:27.195","E 30 St & Park Ave S",6206.08,"Lafayette St & Grand St",5422.09,40.74444921,-73.98303529,40.72028,-73.99879,casual
195500,tripdata_1,2B75610D0B9CBB71,classic_bike,"2026-05-06 20:25:38.416","2026-05-06 20:31:46.991","Eastern Pkwy & Kingston Ave",3902.06,"Kingston Ave & E New York Ave",3648.08,40.66959,-73.94237,40.66219,-73.94293,member
196000,tripdata_1,1884800204696E64,classic_bike,"2026-05-13 22:06:47.137","2026-05-13 22:17:57.049","44 Dr & 21 St",6319.03,"Vernon Blvd & 10 St",6937.07,40.748036,-73.946705,40.7671863,-73.9373554,member
196500,tripdata_1,1DED3EF2DF7EC86E,electric_bike,"2026-05-06 14:23:33.393","2026-05-06 14:24:56.287","E 2 St & Ave A",5553.1,"E 1 St & 1 Ave",5593.01,40.72307749068673,-73.98583620786667,40.72335597960796,-73.98864984512329,member
197000,tripdata_1,1E7F77768C6155AD,electric_bike,"2026-05-13 09:17:11.654","2026-05-13 09:21:01.843","E Houston St & Columbia St",5436.11,"E 1 St & 1 Ave",5593.01,40.71978635452822,-73.97871628403664,40.72335597960796,-73.98864984512329,member
197500,tripdata_1,F32680B4106F0AB4,electric_bike,"2026-05-04 08:43:26.404","2026-05-04 08:55:19.747","2 Ave & E 29 St",6122.09,"Washington St & Gansevoort St",6039.06,40.741723510974715,-73.97809267044067,40.739323,-74.008119,member
198000,tripdata_1,3FC1333907EA6FE1,electric_bike,"2026-05-03 20:35:23.753","2026-05-03 21:15:12.083","Rugby Rd & Albemarle Rd",3188.04,"Metropolitan Ave & Meeker Ave",5300.05,40.64672,-73.96637,40.71413311,-73.95234386,member
198500,tripdata_1,9D5A61F1E0D64C6C,electric_bike,"2026-05-01 08:29:00.494","2026-05-01 08:39:09.438","Chauncey St & Stuyvesant Ave",4196.05,"Park Ave & Marcus Garvey Blvd",4768.02,40.68012,-73.93168,40.698617,-73.941342,member
199000,tripdata_1,F1840AA8835AE2D3,classic_bike,"2026-05-11 09:35:28.764","2026-05-11 09:37:41.371","E 2 St & Ave A",5553.1,"E 1 St & 1 Ave",5593.01,40.72307749068673,-73.98583620786667,40.72335597960796,-73.98864984512329,member
199500,tripdata_1,645DF344D05C25E8,classic_bike,"2026-05-12 21:47:48.317","2026-05-12 22:13:58.543","Riverside Dr & W 91 St",7524.16,"Washington St & Gansevoort St",6039.06,40.79313480986663,-73.97700369358063,40.739323,-74.008119,casual
200000,tripdata_1,B01D5824B94A4843,electric_bike,"2026-05-09 22:33:38.689","2026-05-09 22:45:25.979","DeKalb Ave & Bedford Ave",4562.02,"Metropolitan Ave & Meeker Ave",5300.05,40.690894,-73.955195,40.71413311,-73.95234386,member
200500,tripdata_1,D2F97D5EA309D84E,electric_bike,"2026-05-06 06:37:32.362","2026-05-06 06:40:43.625","Hanson Pl & Ashland Pl",4395.07,"State St & Smith St",4522.07,40.68506807308177,-73.97790759801863,40.68917,-73.9886,casual
201000,tripdata_1,3CDD6CC8172B87BE,electric_bike,"2026-05-02 00:10:15.268","2026-05-02 00:26:07.595","Pike St & E Broadway",5270.05,"E 1 St & 1 Ave",5593.01,40.71406667,-73.99293911,40.72335597960796,-73.98864984512329,member
201500,tripdata_1,0EC68569C550F334,electric_bike,"2026-05-13 15:42:46.185","2026-05-13 15:47:11.637","Lexington Ave & E 24 St",6089.07,"E 17 St & Broadway",5980.1,40.74025878,-73.98409214,40.737006,-73.990134,member
202000,tripdata_1,E82B50181932F3D3,classic_bike,"2026-05-09 15:28:33.004","2026-05-09 15:43:00.944","10 Ave & W 34 St",6535.05,"E 17 St & Broadway",5980.1,40.75476986284269,-73.99914588449698,40.737006,-73.990134,member
202500,tripdata_1,9116CC8C3597913F,electric_bike,"2026-05-08 13:54:10.287","2026-05-08 14:00:15.967","Hudson St & W 13 St",6115.06,"E 17 St & Broadway",5980.1,40.74005708567285,-74.0052741765976,40.737006,-73.990134,member
203000,tripdata_1,8E473FC2EB7C571C,classic_bike,"2026-05-10 08:40:27.359","2026-05-10 08:49:18.526","Ave C & E 16 St",5769.06,"E 1 St & 1 Ave",5593.01,40.72984830346529,-73.97455215454102,40.72335597960796,-73.98864984512329,member
203500,tripdata_1,FBC9FA881AF9BACD,electric_bike,"2026-05-03 16:24:41.920","2026-05-03 16:32:51.864","W 34 St & Hudson Blvd E",6535.04,"5 Ave & E 30 St",6248.08,40.75516719072139,-74.00059908628464,40.7459849,-73.98629487,casual
204000,tripdata_1,B9092BCEA6497284,classic_bike,"2026-05-08 15:43:12.536","2026-05-08 15:55:34.972","11 Ave & W 41 St",6726.01,"5 Ave & E 30 St",6248.08,40.76030096,-73.99884222,40.7459849,-73.98629487,member
204500,tripdata_1,8E62EC63F0B024ED,electric_bike,"2026-05-08 00:05:51.478","2026-05-08 00:35:57.261","Lexington Ave & E 29 St",6164.09,"Skillman Ave & 54 St",6276.05,40.74311555376486,-73.98215353488922,40.745502,-73.909887,casual
205000,tripdata_1,9FFBC64FA55D9E3C,electric_bike,"2026-05-12 20:15:04.359","2026-05-12 20:18:33.966","E 11 St & 3 Ave",5788.16,"E 1 St & 1 Ave",5593.01,40.73127,-73.98849,40.72335597960796,-73.98864984512329,member
205500,tripdata_1,F1438F5D892E6E1C,electric_bike,"2026-05-09 08:18:56.362","2026-05-09 08:34:06.906","Grand Concourse & E 144 St",7845.06,"W Tremont Ave & Montgomery Ave",8407.03,40.816576,-73.927987,40.851788,-73.916418,member
206000,tripdata_1,868039A1141AA23F,classic_bike,"2026-05-06 09:42:43.898","2026-05-06 09:46:29.208","W 10 St & Washington St",5847.06,"Washington St & Gansevoort St",6039.06,40.73342399437081,-74.00851495563984,40.739323,-74.008119,member
206500,tripdata_1,C5234C8265043755,classic_bike,"2026-05-10 17:51:19.899","2026-05-10 18:00:29.417","E 25 St & 2 Ave",6046.02,"E 1 St & 1 Ave",5593.01,40.73912601,-73.97973776,40.72335597960796,-73.98864984512329,member
207000,tripdata_1,5A47982884533B9D,electric_bike,"2026-05-14 17:53:00.202","2026-05-14 18:03:53.721","Lexington Ave & E 26 St",6089.08,"Washington St & Gansevoort St",6039.06,40.741459,-73.983293,40.739323,-74.008119,member
207500,tripdata_1,BDCA9F285F6356B1,electric_bike,"2026-05-07 11:24:40.173","2026-05-07 11:33:33.484","9 Ave & W 22 St",6266.06,"E 17 St & Broadway",5980.1,40.7454973,-74.00197139,40.737006,-73.990134,member
208000,tripdata_1,D3686B568C578E49,electric_bike,"2026-05-05 14:53:16.696","2026-05-05 14:55:24.573","E 12 St & 3 Ave",5788.12,"E 17 St & Broadway",5980.1,40.73223272,-73.98889957,40.737006,-73.990134,member
208500,tripdata_1,1C870D1BE443384D,electric_bike,"2026-05-12 22:30:23.671","2026-05-12 22:40:14.157","Carroll St & 5 Ave",4060.09,"State St & Smith St",4522.07,40.6751622,-73.9814832,40.68917,-73.9886,member
209000,tripdata_1,0B89CD9F3A8391ED,electric_bike,"2026-05-01 14:11:25.856","2026-05-01 14:16:59.535","Cliff St & Fulton St",5065.14,"Broadway & Battery Pl",4962.01,40.70838,-74.00495,40.70463334,-74.01361706,member
209500,tripdata_1,0CC9345C371E0A84,electric_bike,"2026-05-03 15:15:26.178","2026-05-03 15:22:00.075","Sullivan St & Washington Sq",5721.01,"E 1 St & 1 Ave",5593.01,40.73047747,-73.99906065,40.72335597960796,-73.98864984512329,member
210000,tripdata_1,A3B153F7605F115A,electric_bike,"2026-05-05 07:46:21.999","2026-05-05 07:51:12.723","8 Ave & W 27 St",6297.07,"5 Ave & E 30 St",6248.08,40.747968,-73.996637,40.7459849,-73.98629487,member
210500,tripdata_1,7FF019492B0218CA,electric_bike,"2026-05-06 16:15:08.668","2026-05-06 16:20:13.427","Nevins St & Schermerhorn St",4437.09,"Carlton Ave & Greene Ave",4386.07,40.68737247650719,-73.98176059126854,40.685957,-73.971468,member
211000,tripdata_1,F3FBBF0470A6CC18,electric_bike,"2026-05-07 07:54:05.463","2026-05-07 07:59:44.642","Ditmars Blvd & 79 St",6994.06,"Bulova Ave & Brooklyn Queens Expressway W",6766.03,40.768728,-73.890745,40.762507,-73.902534,member
211500,tripdata_1,2EDBFB55F4B2F456,classic_bike,"2026-05-04 17:45:02.346","2026-05-04 18:10:41.850","West St & Liberty St",5184.08,"W 44 St & 11 Ave",6756.05,40.711444,-74.014847,40.762009,-73.996975,member
212000,tripdata_1,C6DC4DFF6002EDC7,electric_bike,"2026-05-11 12:07:41.133","2026-05-11 12:18:29.570","8 Ave & W 38 St",6526.05,"W 44 St & 11 Ave",6756.05,40.75461,-73.99177,40.762009,-73.996975,member
212500,tripdata_1,52FBB12EBF4AD156,electric_bike,"2026-05-09 11:32:54.101","2026-05-09 11:44:09.083","46 St & 6 Ave",3161.02,"10 St & 5 Ave",3842.08,40.645921,-74.005708,40.6686273,-73.98700053,member
213000,tripdata_1,14EE1DC610FD7C95,classic_bike,"2026-05-07 20:33:25.227","2026-05-07 21:01:33.926","E 2 St & Ave A",5553.1,"Queens Plaza North & Crescent St",6429.01,40.72307749068673,-73.98583620786667,40.75110165,-73.94073717,member
213500,tripdata_1,7F80142500E51ED0,classic_bike,"2026-05-04 08:26:13.145","2026-05-04 08:31:42.730","S 4 St & Wythe Ave",5204.05,"N 5 St & Wythe Ave",5419.04,40.71285887,-73.96590294,40.718389,-73.961501,member
214000,tripdata_1,5E02D4949B1D978C,electric_bike,"2026-05-02 13:14:14.037","2026-05-02 13:21:38.217","Calyer St & West St",5676.04,"N 5 St & Wythe Ave",5419.04,40.72693,-73.95863,40.718389,-73.961501,member
214500,tripdata_1,474AEC4476F3BFED,electric_bike,"2026-05-09 21:52:11.375","2026-05-09 21:56:53.689","S 4 St & Roebling St",5195.06,"N 6 St & Bedford Ave",5379.1,40.710709,-73.959724,40.71745169,-73.95850939,member
215000,tripdata_1,E7D17A4F9712FFDE,electric_bike,"2026-05-03 02:24:43.398","2026-05-03 02:29:01.025","Cedar St & Evergreen Ave",4721.01,"Central Ave & Woodbine St",4632.1,40.69671,-73.92807,40.69296,-73.91605,member
215500,tripdata_1,AF98A189AB256ABE,electric_bike,"2026-05-11 16:51:54.046","2026-05-11 16:59:40.832","Rivington St & Ridge St",5406.02,"Rivington St & Ridge St",5406.02,40.71850211,-73.98329859,40.71850211,-73.98329859,member
216000,tripdata_1,70ACC51EC94E4739,electric_bike,"2026-05-07 17:49:24.725","2026-05-07 17:59:07.261","Carroll St & Columbia St",4348.07,"Clark St & Henry St",4789.03,40.6830456,-74.00348559,40.69760127,-73.99344559,member
216500,tripdata_1,8559A60F35764F0B,electric_bike,"2026-05-12 17:41:16.875","2026-05-12 18:04:34.329","Vesey St & West St",5256.06,"N 6 St & Bedford Ave",5379.1,40.714063,-74.014432,40.71745169,-73.95850939,member
217000,tripdata_1,674FCB98C4EF74AD,electric_bike,"2026-05-06 04:30:38.405","2026-05-06 04:49:23.798","40 Ave & Crescent St",6462.05,"Morgan Ave & Maspeth Ave",5354.01,40.7535992020056,-73.93795609474182,40.716657,-73.93637,member
217500,tripdata_1,2998F527EDA8295C,electric_bike,"2026-05-10 12:43:36.943","2026-05-10 13:05:15.702","Albany Ave & Fulton St",4237.02,"Clark St & Henry St",4789.03,40.6800105,-73.938475,40.69760127,-73.99344559,member
218000,tripdata_1,AEBC41283A58E0ED,electric_bike,"2026-05-11 15:40:19.234","2026-05-11 15:50:01.377","Lispenard St & Broadway",5391.06,"Rivington St & Ridge St",5406.02,40.71939226,-74.00247214,40.71850211,-73.98329859,casual
218500,tripdata_1,AEE22C57C022FF37,electric_bike,"2026-05-12 15:47:44.790","2026-05-12 15:49:34.483","N 7 St & Driggs Ave",5340.01,"N 6 St & Bedford Ave",5379.1,40.716967,-73.956388,40.71745169,-73.95850939,member
219000,tripdata_1,0D7E3BD92A9AE53E,electric_bike,"2026-05-06 10:24:37.593","2026-05-06 10:27:41.386","N 5 St & Northside Piers",5458.02,"N 6 St & Bedford Ave",5379.1,40.719876,-73.963865,40.71745169,-73.95850939,member
219500,tripdata_1,EE561D95D7EB5CE1,electric_bike,"2026-05-02 10:36:31.773","2026-05-02 10:47:13.595","6 Ave & Broome St",5610.09,"E 15 St & 3 Ave",5863.07,40.72431,-74.00473,40.734232,-73.986923,member
220000,tripdata_1,A41272719E388A51,electric_bike,"2026-05-14 14:49:02.505","2026-05-14 14:56:22.902","Jefferson Ave & Patchen Ave",4375.02,"Irving Ave & Halsey St",4695.04,40.68609,-73.92628,40.69467,-73.90663,member
220500,tripdata_1,B49978A82A870BE9,electric_bike,"2026-05-05 22:58:39.120","2026-05-05 23:03:39.706","E 7 St & Ave B",5584.05,"E 15 St & 3 Ave",5863.07,40.7251285241158,-73.98131668567657,40.734232,-73.986923,member
221000,tripdata_1,6614AF76F20F2F40,electric_bike,"2026-05-08 18:41:11.923","2026-05-08 18:47:38.492","Vernon Blvd & 50 Ave",6170.02,"Huron St & Franklin St",5869.04,40.74232744,-73.95411749,40.73266,-73.95826,member
221500,tripdata_1,49C3C020100E539B,classic_bike,"2026-05-03 19:12:04.599","2026-05-03 19:23:47.469","N 6 St & Bedford Ave",5379.1,"Huron St & Franklin St",5869.04,40.71745169,-73.95850939,40.73266,-73.95826,casual
222000,tripdata_1,5E27856A5CFF6D6D,electric_bike,"2026-05-05 19:59:13.179","2026-05-05 20:12:06.532","Greenwich Ave & 8 Ave",6072.06,"Rivington St & Ridge St",5406.02,40.7390169121,-74.0026376103,40.71850211,-73.98329859,member
222500,tripdata_1,9F2C51CB7B174A3D,classic_bike,"2026-05-04 12:03:34.793","2026-05-04 12:08:34.569","Lexington Ave & E 24 St",6089.07,"E 15 St & 3 Ave",5863.07,40.74025878,-73.98409214,40.734232,-73.986923,member
223000,tripdata_1,CA5558946B154E1B,electric_bike,"2026-05-12 06:20:42.685","2026-05-12 06:23:45.990","S 2 St & Kent Ave",5276.04,"N 6 St & Bedford Ave",5379.1,40.714731,-73.966612,40.71745169,-73.95850939,member
223500,tripdata_1,74A89001D5387528,classic_bike,"2026-05-10 09:45:47.801","2026-05-10 09:48:47.363","E 4 St & Ave B",5515.08,"Rivington St & Ridge St",5406.02,40.723346832180155,-73.98265913128853,40.71850211,-73.98329859,member
224000,tripdata_1,B2ED57BE1D38BAB0,electric_bike,"2026-05-01 20:30:46.509","2026-05-01 20:38:19.776","Berkeley Pl & 7 Ave",4051.01,"14 St & 5 Ave",3771.06,40.675146838709786,-73.97523209452629,40.666287,-73.98895053,member
224500,tripdata_1,B2CF22B04D222151,classic_bike,"2026-05-11 11:45:51.819","2026-05-11 12:08:18.014","Fulton St & Adams St",4637.06,"N 6 St & Bedford Ave",5379.1,40.692418292578466,-73.98949474096298,40.71745169,-73.95850939,member
225000,tripdata_1,187C239100E3CB8C,electric_bike,"2026-05-04 16:30:29.307","2026-05-04 16:48:19.598","7 Ave & Park Pl",4125.07,"Lewis Ave & Kosciuszko St",4617.01,40.6776147,-73.97324283,40.69237074,-73.93705428,member
225500,tripdata_1,A449780424D36BB9,electric_bike,"2026-05-06 23:40:14.728","2026-05-06 23:42:37.267","Greenpoint Ave & Manhattan Ave",5785.05,"Calyer St & Jewel St",5743.02,40.73026,-73.95394,40.72984,-73.94839,member
226000,tripdata_1,8E5C44AC75CAA1F8,classic_bike,"2026-05-14 09:48:27.090","2026-05-14 09:54:31.744","W 21 St & 6 Ave",6140.05,"W 18 St & 9 Ave",6190.03,40.74173969,-73.99415556,40.7435337324616,-74.00367558002472,member
226500,tripdata_1,B37A4C42B04263C5,electric_bike,"2026-05-13 20:32:51.715","2026-05-13 20:46:41.230","S 4 St & Roebling St",5195.06,"E 15 St & 3 Ave",5863.07,40.710709,-73.959724,40.734232,-73.986923,member
227000,tripdata_1,8C1C97E1F8D3DD3A,electric_bike,"2026-05-01 18:33:04.103","2026-05-01 19:08:38.601","Washington St & Gansevoort St",6039.06,"Huron St & Franklin St",5869.04,40.739323,-74.008119,40.73266,-73.95826,member
227500,tripdata_1,B9536914CC28BDC9,classic_bike,"2026-05-04 11:44:18.751","2026-05-04 11:52:41.537","Central Ave & Flushing Ave",4947.04,"Central Ave & Woodbine St",4632.1,40.702831,-73.9333,40.69296,-73.91605,member
228000,tripdata_1,7CDC1958C956D001,classic_bike,"2026-05-08 18:28:31.904","2026-05-08 18:32:45.257","8 Ave & W 27 St",6297.07,"W 25 St & 6 Ave",6215.04,40.747968,-73.996637,40.74395411,-73.99144871,member
228500,tripdata_1,C299035D0AAB6575,electric_bike,"2026-05-08 15:35:40.068","2026-05-08 15:48:56.840","5 Ave & E 78 St",7161.08,"Park Ave & E 40 St",6432.15,40.77632142182271,-73.96427392959595,40.75112,-73.97851,member
229000,tripdata_1,1B00E9768AB3B3EE,classic_bike,"2026-05-04 19:35:34.454","2026-05-04 19:40:16.744","W 21 St & 6 Ave",6140.05,"W 18 St & 9 Ave",6190.03,40.74173969,-73.99415556,40.7435337324616,-74.00367558002472,member
229500,tripdata_1,694471E09E29C41D,electric_bike,"2026-05-14 19:42:37.411","2026-05-14 19:56:04.769","N 6 St & Bedford Ave",5379.1,"Huron St & Franklin St",5869.04,40.71745169,-73.95850939,40.73266,-73.95826,member
230000,tripdata_1,9FDE7CB61EDF7CAA,classic_bike,"2026-05-14 18:00:03.111","2026-05-14 18:05:20.071","W 111 St & 5 Ave",7587.16,"Mt Morris Park W & W 120 St",7685.14,40.79752078124755,-73.9489397406578,40.804038,-73.945925,member
230500,tripdata_1,F57A609C57D6D21F,electric_bike,"2026-05-09 12:01:37.539","2026-05-09 12:09:46.508","Frost St & Meeker Ave",5371.07,"Huron St & Franklin St",5869.04,40.71766197083994,-73.94880026578903,40.73266,-73.95826,member
231000,tripdata_1,9F9A9DD286CB937F,electric_bike,"2026-05-01 12:52:29.094","2026-05-01 13:04:37.375","E 11 St & 1 Ave",5746.14,"W 25 St & 6 Ave",6215.04,40.72953837,-73.98426726,40.74395411,-73.99144871,member
231500,tripdata_1,3981B54FF10B1EEF,electric_bike,"2026-05-06 07:32:05.119","2026-05-06 07:39:08.193","Broadway & W 29 St",6289.06,"E 15 St & 3 Ave",5863.07,40.7462009,-73.98855723,40.734232,-73.986923,member
232000,tripdata_1,69652A2713D1EB57,electric_bike,"2026-05-06 00:06:16.220","2026-05-06 00:20:45.897","Norfolk St & Broome St",5374.01,"Clark St & Henry St",4789.03,40.7172274,-73.98802084,40.69760127,-73.99344559,member
232500,tripdata_1,12BF61691140A1FE,electric_bike,"2026-05-12 15:29:20.855","2026-05-12 15:33:16.728","W 31 St & 7 Ave",6331.01,"W 25 St & 6 Ave",6215.04,40.749156,-73.9916,40.74395411,-73.99144871,member
233000,tripdata_1,0D9420F680C271B0,classic_bike,"2026-05-01 16:53:43.300","2026-05-01 17:05:54.727","W 113 St & Broadway",7713.01,"Mt Morris Park W & W 120 St",7685.14,40.805973,-73.964928,40.804038,-73.945925,member
233500,tripdata_1,0E73754ABA9F4EE3,electric_bike,"2026-05-01 13:28:11.898","2026-05-01 13:35:49.249","E 24 St & Park Ave S",6131.1,"E 15 St & 3 Ave",5863.07,40.74096374,-73.98602213,40.734232,-73.986923,casual
234000,tripdata_1,C910F451DAD427EF,classic_bike,"2026-05-02 12:08:46.287","2026-05-02 12:21:19.588","Clarkson Ave & Nostrand Ave",3472.03,"Clarkson Ave & E 40 St",3423.1,40.6555,-73.94975,40.65592,-73.94068,member
234500,tripdata_1,95E15B3B609863D8,electric_bike,"2026-05-06 14:03:37.100","2026-05-06 14:15:58.502","E 10 St & Ave A",5659.05,"W 25 St & 6 Ave",6215.04,40.72740794,-73.98142006,40.74395411,-73.99144871,member
235000,tripdata_1,C20B59AC709EB021,electric_bike,"2026-05-05 10:32:28.689","2026-05-05 10:44:47.370","W 64 St & Thelonious Monk Circle",7123.04,"W 18 St & 9 Ave",6190.03,40.77515953434235,-73.98918695747852,40.7435337324616,-74.00367558002472,member
235500,tripdata_1,0A0C62CBC4175C4D,classic_bike,"2026-05-13 17:34:44.871","2026-05-13 17:57:28.915","W 43 St & 6 Ave",6593.14,"Rivington St & Ridge St",5406.02,40.75527307,-73.98316936,40.71850211,-73.98329859,member
236000,tripdata_1,589770C75C64B66E,classic_bike,"2026-05-04 12:51:51.279","2026-05-04 12:56:33.554","Manhattan Ave & Leonard St",5442.09,"N 6 St & Bedford Ave",5379.1,40.72084,-73.94844,40.71745169,-73.95850939,member
236500,tripdata_1,6F2F9A42389CD862,electric_bike,"2026-05-13 15:12:23.515","2026-05-13 15:20:27.102","N 7 St & Driggs Ave",5340.01,"Huron St & Franklin St",5869.04,40.716967,-73.956388,40.73266,-73.95826,member
237000,tripdata_1,63C5F66BD843955C,electric_bike,"2026-05-13 14:37:12.982","2026-05-13 14:40:33.055","Lorimer St & Calyer St",5709.04,"Huron St & Franklin St",5869.04,40.72795,-73.95414,40.73266,-73.95826,member
237500,tripdata_1,05F68713B9895C85,classic_bike,"2026-05-10 18:16:05.428","2026-05-10 18:40:09.701","W 40 St & 7 Ave",6560.14,"W 25 St & 6 Ave",6215.04,40.754818,-73.988154,40.74395411,-73.99144871,casual
238000,tripdata_1,A396B06398DFF502,classic_bike,"2026-05-01 15:53:38.939","2026-05-01 15:55:01.458","Clinton St & Tillary St",4748.07,"Clark St & Henry St",4789.03,40.69623297129315,-73.99142056703568,40.69760127,-73.99344559,member
238500,tripdata_1,B4C4E95CA7C025EC,electric_bike,"2026-05-13 18:59:42.816","2026-05-13 19:12:18.458","Kent Ave & N 3 St",5348.06,"Huron St & Franklin St",5869.04,40.71797940978296,-73.96427449047715,40.73266,-73.95826,casual
239000,tripdata_1,5FB784641F9FEE7C,classic_bike,"2026-05-07 19:01:41.165","2026-05-07 19:05:50.605","E 7 St & Ave C",5545.01,"Rivington St & Ridge St",5406.02,40.72412944090093,-73.97901266813278,40.71850211,-73.98329859,member
239500,tripdata_1,2EF41ACC8264C692,electric_bike,"2026-05-13 17:33:28.902","2026-05-13 18:05:38.135","W 37 St & 10 Ave",6611.02,"Clark St & Henry St",4789.03,40.75660359,-73.9979009,40.69760127,-73.99344559,member
240000,tripdata_1,BA1F0B76DC295D9B,electric_bike,"2026-05-04 13:23:31.393","2026-05-04 13:28:27.374","Bedford Ave & Nassau Ave",5550.05,"Huron St & Franklin St",5869.04,40.72311651,-73.95212324,40.73266,-73.95826,member
240500,tripdata_1,AD3400D6177FE584,electric_bike,"2026-05-08 09:11:34.798","2026-05-08 09:23:20.582","Caton Ave & E 7 St",3199.01,"14 St & 5 Ave",3771.06,40.647718,-73.973663,40.666287,-73.98895053,member
241000,tripdata_1,3416CD43E639A9B8,electric_bike,"2026-05-03 18:53:16.877","2026-05-03 19:00:39.077","Monroe St & Tompkins Ave",4434.06,"Pulaski St & Throop Ave",4625.01,40.686203,-73.944694,40.693115,-73.943149,member
241500,tripdata_1,4F67EEBBFA180A43,electric_bike,"2026-05-11 11:58:41.591","2026-05-11 12:00:52.407","W 43 St & 10 Ave",6756.01,"W 46 St & 11 Ave",6795.01,40.76009437,-73.99461843,40.76341379,-73.99667444,member
242000,tripdata_1,9B255A3204F36D59,electric_bike,"2026-05-12 09:26:08.509","2026-05-12 09:53:10.167","12 Ave & W 125 St",7886.02,"W 18 St & 9 Ave",6190.03,40.818299,-73.960405,40.7435337324616,-74.00367558002472,member
242500,tripdata_1,5528D9FAF20B6BF3,electric_bike,"2026-05-08 18:11:51.690","2026-05-08 18:26:05.076","E 27 St & Park Ave S",6131.13,"Rivington St & Ridge St",5406.02,40.74275179648995,-73.9847157150507,40.71850211,-73.98329859,member
243000,tripdata_1,CD327D07103557EE,electric_bike,"2026-05-05 23:28:12.617","2026-05-05 23:37:28.414","Pioneer St & Van Brunt St",4169.04,"Clark St & Henry St",4789.03,40.679043,-74.011169,40.69760127,-73.99344559,member
243500,tripdata_1,945B7F6413CA9DD4,classic_bike,"2026-05-07 10:23:31.959","2026-05-07 10:25:38.261","Henry St & Middagh St",4861.05,"Clark St & Henry St",4789.03,40.7003,-73.991581,40.69760127,-73.99344559,member
244000,tripdata_1,797A31A45A817FB8,electric_bike,"2026-05-05 15:54:05.642","2026-05-05 15:56:20.872","Central Ave & Weirfield St",4591.04,"Irving Ave & Halsey St",4695.04,40.69055,-73.91181,40.69467,-73.90663,casual
244500,tripdata_1,C9ED0E212BB6AAC7,electric_bike,"2026-05-08 08:53:51.829","2026-05-08 09:02:27.704","Columbus Ave & W 95 St",7520.07,"Amsterdam Ave & W 119 St",7727.07,40.7919557,-73.968087,40.8086249,-73.9596214,member
245000,tripdata_1,C0798B1A4367F156,classic_bike,"2026-05-10 17:03:29.607","2026-05-10 17:09:37.061","Suydam St & Knickerbocker Ave",4939.07,"Bushwick Ave & Linden St",4600.09,40.702013,-73.923769,40.69146,-73.92146,member
245500,tripdata_1,A435CF4B65399028,electric_bike,"2026-05-08 00:45:42.182","2026-05-08 01:50:50.597","E 53 St & 3 Ave",6617.02,"Adam Clayton Powell Blvd & W 130 St",7774.02,40.75763227739443,-73.96930575370789,40.812346,-73.946168,member
246000,tripdata_1,55CD4F932DC061EA,electric_bike,"2026-05-12 11:13:33.894","2026-05-12 11:45:26.110","Park Circle & East Dr",3344.02,"Bushwick Ave & Linden St",4600.09,40.651566,-73.972212,40.69146,-73.92146,member
246500,tripdata_1,5893DAA25D88714F,electric_bike,"2026-05-06 09:07:15.264","2026-05-06 09:10:55.006","St Nicholas Ave & Manhattan Ave",7723.01,"Amsterdam Ave & W 119 St",7727.07,40.809725,-73.953149,40.8086249,-73.9596214,member
247000,tripdata_1,2D8A42D7445D01F6,electric_bike,"2026-05-05 14:40:05.678","2026-05-05 14:47:52.635","Henry St & Grand St",5294.04,"Grand St & Elizabeth St",5382.06,40.714211,-73.981095,40.718822,-73.99596,casual
247500,tripdata_1,ECCE7F36F1983A4D,electric_bike,"2026-05-01 17:00:01.485","2026-05-01 17:06:22.467","63 St & 59 Dr",5392.04,"Fairview Ave & Linden St",5066.03,40.71832,-73.90128,40.70694,-73.90632,member
248000,tripdata_1,8D682E24A04F7FAB,electric_bike,"2026-05-03 13:47:28.429","2026-05-03 13:59:29.614","Great Jones St",5636.11,"Hudson St & W 13 St",6115.06,40.72743423,-73.99379025,40.74005708567285,-74.0052741765976,member
248500,tripdata_1,B2307DFF6051E465,classic_bike,"2026-05-13 08:39:48.790","2026-05-13 08:42:59.874","Lenox Ave & W 133 St",7790.04,"Adam Clayton Powell Blvd & W 130 St",7774.02,40.81296,-73.941878,40.812346,-73.946168,member
249000,tripdata_1,446BF27FAE5DC8D2,electric_bike,"2026-05-07 21:38:39.971","2026-05-07 22:03:30.377","Brooklyn Bridge Park - Pier 2",4756.04,"Driggs Ave & N Henry St",5542.04,40.698458,-73.997178,40.72325,-73.94308,member
249500,tripdata_1,B8AA771511BC38DC,electric_bike,"2026-05-07 19:56:38.738","2026-05-07 20:17:55.242","W 31 St & 7 Ave",6331.01,"21 St & 36 Ave",6729.02,40.749156,-73.9916,40.7601853,-73.9362726,casual
250000,tripdata_1,BF961BBA4269C00B,classic_bike,"2026-05-05 17:02:35.043","2026-05-05 17:36:30.007","W 42 St & Dyer Ave",6644.07,"South St & Pike St",5159.07,40.75898481399634,-73.99379968643188,40.70991806921533,-73.99161100387573,member
1049000,tripdata_2,11EE38E161E728B0,electric_bike,"2026-05-07 09:19:25.353","2026-05-07 09:34:39.995","N 6 St & Bedford Ave",5379.1,"6 Ave & Walker St",5430.1,40.71745169,-73.95850939,40.7197920901383,-74.0052238852195,member
1049500,tripdata_2,452DE98D12FC48F5,classic_bike,"2026-05-07 12:38:47.579","2026-05-07 12:54:34.445","E 2 St & Ave B",5515.02,"8 Ave & W 27 St",6297.07,40.72217444,-73.98368779,40.747968,-73.996637,member
1050000,tripdata_2,47B5495DB56F9DE8,electric_bike,"2026-05-06 17:03:59.705","2026-05-06 17:13:08.708","Berkeley Pl & 7 Ave",4051.01,"6 Ave & 21 St",3628.11,40.675146838709786,-73.97523209452629,40.66016,-73.990974,member
1050500,tripdata_2,28490011FC6F9CF0,classic_bike,"2026-05-13 21:08:37.625","2026-05-13 21:25:41.256","2 Ave & E 31 St",6197.11,"3 Ave & E 62 St",6830.04,40.74299,-73.97711,40.76313,-73.96527,member
1051000,tripdata_2,75BC4D6B56556BDA,electric_bike,"2026-05-05 14:17:57.169","2026-05-05 14:53:17.523","40 Ave & Crescent St",6462.05,"38 Ave & 29 St",6538.11,40.7535992020056,-73.93795609474182,40.75473,-73.93367,member
1051500,tripdata_2,71B87B0AF09DEC35,electric_bike,"2026-05-12 18:54:39.125","2026-05-12 19:00:09.618","E 123 St & Lexington Ave",7636.05,"Lenox Ave & W 126 St",7720.03,40.8029263,-73.9379,40.808442,-73.9452087,member
1052000,tripdata_2,BB264EC8569F611F,classic_bike,"2026-05-12 17:13:20.499","2026-05-12 17:20:35.217","1 Ave & E 68 St",6822.09,"3 Ave & E 62 St",6830.04,40.76500525,-73.95818491,40.76313,-73.96527,member
1052500,tripdata_2,E420E1E0D2678776,electric_bike,"2026-05-04 17:23:10.539","2026-05-04 17:37:33.566","W 11 St & 6 Ave",5914.03,"6 Ave & Walker St",5430.1,40.73532427,-73.99800419,40.7197920901383,-74.0052238852195,casual
1053000,tripdata_2,97CFCC853777E116,electric_bike,"2026-05-10 16:08:55.909","2026-05-10 16:14:21.268","W 50 St & 10 Ave",6890.06,"Broadway & W 48 St",6708.04,40.764734200065185,-73.99194359779358,40.76017739537783,-73.98486793041229,member
1053500,tripdata_2,BB8565B9A50844F2,classic_bike,"2026-05-06 11:41:21.767","2026-05-06 12:28:56.208","46 Rd & 11 St",6245.08,"46 Rd & 11 St",6245.08,40.745805,-73.950752,40.745805,-73.950752,member
1054000,tripdata_2,B4109861491C153E,electric_bike,"2026-05-12 07:52:47.169","2026-05-12 07:57:43.041","Lenox Ave & W 111 St",7602.05,"Lenox Ave & W 126 St",7720.03,40.7987859,-73.9523,40.808442,-73.9452087,member
1054500,tripdata_2,2DB5BD3766126F04,electric_bike,"2026-05-13 14:24:11.944","2026-05-13 14:28:46.765","Lenox Ave & W 140 St",7872.03,"Lenox Ave & W 126 St",7720.03,40.817245,-73.938787,40.808442,-73.9452087,member
1055000,tripdata_2,9912FC6D13AC7718,electric_bike,"2026-05-14 19:41:29.946","2026-05-14 19:44:35.036","St Nicholas Terrace & Convent Ave",7937.15,"Convent Ave & W 135 St",7860.08,40.821294,-73.947868,40.818215,-73.950988,member
1055500,tripdata_2,7865CD33FD40A596,electric_bike,"2026-05-07 20:27:50.711","2026-05-07 20:41:05.169","Central Park W & W 97 St",7538.18,"E 72 St & York Ave",6889.12,40.79249519495111,-73.96417066463071,40.76663814,-73.95348296,member
1056000,tripdata_2,C55B20897B1607BA,classic_bike,"2026-05-09 17:22:27.796","2026-05-09 17:27:13.470","E 58 St & 1 Ave (NW Corner)",6723.1,"3 Ave & E 62 St",6830.04,40.759125,-73.962658,40.76313,-73.96527,member
1056500,tripdata_2,F4BAF907DB66D287,classic_bike,"2026-05-05 19:12:26.976","2026-05-05 19:25:53.807","Cadman Plaza E & Tillary St",4677.01,"6 Ave & Walker St",5430.1,40.69597683,-73.99014892,40.7197920901383,-74.0052238852195,member
1057000,tripdata_2,327362E5ED070548,electric_bike,"2026-05-04 09:10:46.459","2026-05-04 09:16:55.032","2 Ave & E 125 St",7648.16,"Lenox Ave & W 126 St",7720.03,40.802554,-73.933509,40.808442,-73.9452087,casual
1057500,tripdata_2,DE368CC009768501,electric_bike,"2026-05-04 08:33:49.515","2026-05-04 08:37:30.440","8 Ave & W 52 St",6816.07,"Broadway & W 48 St",6708.04,40.76370739,-73.9851615,40.76017739537783,-73.98486793041229,member
1058000,tripdata_2,153E80510E0F4332,electric_bike,"2026-05-11 17:27:55.610","2026-05-11 17:32:28.258","Fulton St & Broadway",5175.08,"6 Ave & Walker St",5430.1,40.711066,-74.009447,40.7197920901383,-74.0052238852195,casual
1058500,tripdata_2,E42848570925B657,electric_bike,"2026-05-04 19:06:20.746","2026-05-04 19:17:11.781","31 Ave & Steinway St",6782.01,"Astoria Park S & Shore Blvd",7159.08,40.7611488,-73.9170071,40.7767,-73.927631,member
1059000,tripdata_2,124074C8219F1E4E,electric_bike,"2026-05-01 13:25:03.734","2026-05-01 13:27:39.086","Park Ave & E 124 St",7682.01,"Lenox Ave & W 126 St",7720.03,40.8045555,-73.9396861,40.808442,-73.9452087,member
1059500,tripdata_2,FBC69C5D9F2EC494,electric_bike,"2026-05-08 15:07:54.023","2026-05-08 15:20:02.082","E 179 St & Southern Blvd",8288.11,"Clay Ave & Claremont Pkwy",8225.05,40.84467,-73.88507,40.83999,-73.90549,member
1060000,tripdata_2,B8D09FBFE4E42659,electric_bike,"2026-05-08 10:11:06.807","2026-05-08 10:18:09.338","E 40 St & 5 Ave",6474.11,"E 51 St & 1 Ave",6532.06,40.752062307,-73.9816324043,40.75455731,-73.96592976,member
1060500,tripdata_2,CBE168045F7886D6,electric_bike,"2026-05-06 07:39:40.415","2026-05-06 07:42:06.262","Broadway & W 58 St",6948.1,"Broadway & W 48 St",6708.04,40.76695317,-73.98169333,40.76017739537783,-73.98486793041229,member
1061000,tripdata_2,4DEA166E23273942,classic_bike,"2026-05-11 20:54:39.567","2026-05-11 21:02:14.168","Willoughby Ave & Wyckoff Ave",5010.02,"Madison St & Cypress Ave",4807.02,40.705614,-73.92153,40.70068,-73.90742,member
1061500,tripdata_2,AFD0D785896AC239,electric_bike,"2026-05-11 12:27:04.145","2026-05-11 12:42:09.848","Orchard St & Grand St",5343.11,"Kent Ave & N 3 St",5348.06,40.717318403855785,-73.99067759513855,40.71797940978296,-73.96427449047715,member
1062000,tripdata_2,85F81AD86D3B4886,electric_bike,"2026-05-04 22:28:32.039","2026-05-04 22:31:12.488","North Moore St & Greenwich St",5470.12,"6 Ave & Walker St",5430.1,40.72019521437465,-74.0103006362915,40.7197920901383,-74.0052238852195,casual
1062500,tripdata_2,431B84BB54F101B9,classic_bike,"2026-05-07 19:03:51.900","2026-05-07 20:03:36.427","E 54 St & 1 Ave",6608.09,"E 51 St & 1 Ave",6532.06,40.756265,-73.964179,40.75455731,-73.96592976,member
1063000,tripdata_2,93822F019FA5B6F7,electric_bike,"2026-05-04 13:21:33.147","2026-05-04 13:26:33.421","Caton Ave & St. Pauls Pl",3335.09,"Fort Hamilton Pkwy & E 5 St",3240.15,40.65153,-73.96277,40.649037,-73.97673,member
1063500,tripdata_2,BE8187216DE59D14,electric_bike,"2026-05-13 18:54:59.096","2026-05-13 19:04:38.539","8 Ave & W 55 St",6884.06,"8 Ave & W 27 St",6297.07,40.765591,-73.983846,40.747968,-73.996637,member
1064000,tripdata_2,38E044C3AA82EA52,classic_bike,"2026-05-07 21:05:06.359","2026-05-07 21:14:35.679","W 47 St & 9 Ave",6786.02,"E 51 St & 1 Ave",6532.06,40.76153045158114,-73.99007007479668,40.75455731,-73.96592976,member
1064500,tripdata_2,79CB129E0AD54DF6,classic_bike,"2026-05-10 14:27:10.578","2026-05-10 14:32:01.562","Broadway & 31 St",6789.08,"43 St & Broadway",6670.03,40.76194,-73.92513,40.7577284,-73.9166368,member
1065000,tripdata_2,32F474AB557A74E2,electric_bike,"2026-05-10 10:11:04.123","2026-05-10 10:34:04.222","McGuinness Blvd & Eagle St",5977.01,"E 51 St & 1 Ave",6532.06,40.73555,-73.95284,40.75455731,-73.96592976,member
1065500,tripdata_2,103B31BB95066D6D,electric_bike,"2026-05-06 08:45:28.656","2026-05-06 09:10:37.546","39 Ave & 45 St",6401.03,"Broadway & W 48 St",6708.04,40.74947822183477,-73.91826465725897,40.76017739537783,-73.98486793041229,member
1066000,tripdata_2,19EA1DC685445161,electric_bike,"2026-05-13 09:20:27.416","2026-05-13 09:40:28.324","9 Ave & W 18 St",6190.08,"Broadway & W 48 St",6708.04,40.74317449,-74.00366443,40.76017739537783,-73.98486793041229,member
1066500,tripdata_2,9EE69FED6D597147,electric_bike,"2026-05-11 23:11:53.062","2026-05-11 23:18:52.905","Fort Hamilton Pkwy & E 2 St",3280.04,"Fort Hamilton Pkwy & E 5 St",3240.15,40.648005,-73.979342,40.649037,-73.97673,member
1067000,tripdata_2,C9DE07C3FD2E9E39,electric_bike,"2026-05-06 07:44:45.354","2026-05-06 07:58:29.676","36 St & Ditmars Blvd",7111.1,"38 Ave & 29 St",6538.11,40.774306,-73.908335,40.75473,-73.93367,member
1067500,tripdata_2,69E0AB4FA6D7A3FC,electric_bike,"2026-05-07 17:42:45.929","2026-05-07 17:45:14.462","29 St & Skillman Ave",6194.06,"49 Ave & 27 St",6119.01,40.744831,-73.938411,40.74113,-73.942518,casual
1068000,tripdata_2,4970FCE65A292E9D,electric_bike,"2026-05-08 10:53:21.841","2026-05-08 11:03:05.367","10 Ave & W 28 St",6459.04,"Broadway & W 48 St",6708.04,40.75066386,-74.00176802,40.76017739537783,-73.98486793041229,member
1068500,tripdata_2,C4FE011099305454,electric_bike,"2026-05-11 12:32:44.471","2026-05-11 12:53:21.710","5 Ave & E 72 St",7100.07,"3 Ave & E 62 St",6830.04,40.77282817,-73.96685276,40.76313,-73.96527,casual
1069000,tripdata_2,2E410AAA124A6253,classic_bike,"2026-05-01 08:48:13.554","2026-05-01 08:53:20.232","W 47 St & 10 Ave",6824.07,"Broadway & W 48 St",6708.04,40.76269882,-73.99301222,40.76017739537783,-73.98486793041229,member
1069500,tripdata_2,4992DA6D2368957E,electric_bike,"2026-05-07 18:25:07.040","2026-05-07 18:29:50.164","E 45 St & 3 Ave",6464.08,"E 51 St & 1 Ave",6532.06,40.75255434,-73.97282625,40.75455731,-73.96592976,member
1070000,tripdata_2,A5823BD2BE6AC07E,electric_bike,"2026-05-04 07:00:33.099","2026-05-04 07:16:08.756","W 106 St & Amsterdam Ave",7634.01,"E 72 St & York Ave",6889.12,40.8008363,-73.9664492472,40.76663814,-73.95348296,member
1070500,tripdata_2,CDFF9A035682C29F,electric_bike,"2026-05-08 18:33:54.985","2026-05-08 18:40:52.350","2 Ave & E 29 St",6122.09,"E 51 St & 1 Ave",6532.06,40.741723510974715,-73.97809267044067,40.75455731,-73.96592976,member
1071000,tripdata_2,3E19D8761347D65B,electric_bike,"2026-05-06 11:17:09.608","2026-05-06 11:22:02.612","3 Ave & E 62 St",6830.04,"E 51 St & 1 Ave",6532.06,40.76313,-73.96527,40.75455731,-73.96592976,member
1071500,tripdata_2,9301238BB35DEA7C,electric_bike,"2026-05-11 18:51:25.938","2026-05-11 19:02:54.648","E 47 St & 1 Ave",6498.09,"Broadway & W 48 St",6708.04,40.75206862,-73.96784384,40.76017739537783,-73.98486793041229,member
1072000,tripdata_2,EA928AC74F0125EE,electric_bike,"2026-05-04 13:37:32.315","2026-05-04 13:47:45.572","E 53 St & Lexington Ave",6617.09,"E 72 St & York Ave",6889.12,40.75828065,-73.97069431,40.76663814,-73.95348296,member
1072500,tripdata_2,4F049B6186825DEF,electric_bike,"2026-05-08 22:18:04.372","2026-05-08 22:54:48.106","Astoria Park S & Shore Blvd",7159.08,"Astoria Park S & Shore Blvd",7159.08,40.7767,-73.927631,40.7767,-73.927631,member
1073000,tripdata_2,7253D98329A519B1,electric_bike,"2026-05-07 19:16:17.446","2026-05-07 19:29:44.562","E 54 St & 1 Ave",6608.09,"38 Ave & 29 St",6538.11,40.756265,-73.964179,40.75473,-73.93367,member
1073500,tripdata_2,C55BFF566972F9EF,electric_bike,"2026-05-01 14:09:11.496","2026-05-01 14:14:50.039","E 81 St & Park Ave",7188.1,"E 72 St & York Ave",6889.12,40.77677702,-73.9590097,40.76663814,-73.95348296,member
1074000,tripdata_2,7E6941F121AA9A99,electric_bike,"2026-05-10 01:29:11.706","2026-05-10 01:42:33.821","W 45 St & 8 Ave",6676.02,"E 51 St & 1 Ave",6532.06,40.75929124,-73.98859651,40.75455731,-73.96592976,member
1074500,tripdata_2,88EB38309DBB92EC,electric_bike,"2026-05-06 17:12:54.228","2026-05-06 17:23:11.467","Park Ave & E 42 St",6432.09,"8 Ave & W 27 St",6297.07,40.751873,-73.977706,40.747968,-73.996637,member
1075000,tripdata_2,018BF7398D42847C,electric_bike,"2026-05-06 16:53:01.661","2026-05-06 16:59:17.359","Howard St & Lafayette St",5422.04,"Henry St & Grand St",5294.04,40.71910537,-73.99973337,40.714211,-73.981095,member
1075500,tripdata_2,B2046BBCD7B4A0E9,classic_bike,"2026-05-05 16:48:06.047","2026-05-05 17:04:52.678","S 5 Pl & S 5 St",5125.03,"Greenpoint Ave & West St",5752.09,40.710451,-73.960876,40.729803,-73.959099,member
1076000,tripdata_2,F7E1DB1D2630F7AA,electric_bike,"2026-05-04 16:16:49.827","2026-05-04 16:29:50.551","Sands St Gate",4812.04,"Pike St & Monroe St",5159.04,40.699569,-73.979827,40.71173107,-73.99193043,casual
1076500,tripdata_2,16720D71D7811EF1,electric_bike,"2026-05-03 13:11:08.738","2026-05-03 13:16:22.851","E 2 St & Ave A",5553.1,"Henry St & Grand St",5294.04,40.72307749068673,-73.98583620786667,40.714211,-73.981095,member
1077000,tripdata_2,DD30CB2575860845,classic_bike,"2026-05-01 07:42:37.458","2026-05-01 08:00:31.980","8 Ave & W 24 St",6224.06,"E 30 St & Park Ave S",6206.08,40.74591072834279,-73.99807110428809,40.74444921,-73.98303529,member
1077500,tripdata_2,729A9B02865207A4,electric_bike,"2026-05-07 14:14:09.015","2026-05-07 14:37:51.921","W 163 St & Edgecombe Ave",8153.1,"Broadway & W 168 St",8226.06,40.835798,-73.937496,40.84089603193041,-73.93972098827362,casual
1078000,tripdata_2,A630C3901FD734B8,electric_bike,"2026-05-07 10:47:10.044","2026-05-07 10:50:22.961","Columbus Ave & W 95 St",7520.07,"W 84 St & Columbus Ave",7382.04,40.7919557,-73.968087,40.78499979,-73.97283406,member
1078500,tripdata_2,542EC5C99C702CB6,electric_bike,"2026-05-05 08:00:58.778","2026-05-05 08:11:01.313","E 33 St & Park Ave",6280.13,"E 56 St & 3 Ave",6691.11,40.74652543,-73.98214281,40.75934501,-73.96759673,member
1079000,tripdata_2,6DFCD8BBE1BBB75C,electric_bike,"2026-05-05 17:34:10.648","2026-05-05 17:37:57.106","W 90 St & Amsterdam Ave",7458.09,"W 84 St & Columbus Ave",7382.04,40.79018,-73.97289,40.78499979,-73.97283406,member
1079500,tripdata_2,2B0C179D72E3502A,electric_bike,"2026-05-07 08:17:34.155","2026-05-07 08:26:57.249","E 11 St & 1 Ave",5746.14,"E 47 St & 2 Ave",6498.1,40.72953837,-73.98426726,40.75323098,-73.97032517,member
1080000,tripdata_2,74D5BF97174A2D85,classic_bike,"2026-05-08 16:17:14.334","2026-05-08 16:23:40.881","Forsyth St & Grand St",5382.07,"Henry St & Grand St",5294.04,40.71779817737835,-73.99316132068634,40.714211,-73.981095,member
1080500,tripdata_2,C861728B5B6BDE9F,electric_bike,"2026-05-05 15:26:02.705","2026-05-05 15:29:54.282","E 88 St & Park Ave",7293.1,"E 85 St & 3 Ave",7212.05,40.781410700190015,-73.95595908164978,40.77801203,-73.95407149,member
1081000,tripdata_2,0011AF9C22AE8369,electric_bike,"2026-05-02 20:43:08.107","2026-05-02 21:04:48.170","Marcy Ave & Lafayette Ave",4476.03,"Greenpoint Ave & West St",5752.09,40.6900815,-73.947915,40.729803,-73.959099,member
1081500,tripdata_2,3E544E174339E6B9,electric_bike,"2026-05-07 14:23:31.924","2026-05-07 14:29:23.753","E 97 St & 3 Ave",7365.08,"E 85 St & 3 Ave",7212.05,40.7859201,-73.94860294,40.77801203,-73.95407149,member
1082000,tripdata_2,3C1D44DE898B13AE,electric_bike,"2026-05-07 17:30:13.209","2026-05-07 17:32:44.033","Norfolk St & Broome St",5374.01,"Henry St & Grand St",5294.04,40.7172274,-73.98802084,40.714211,-73.981095,member
1082500,tripdata_2,0A046237C4807988,electric_bike,"2026-05-01 20:59:37.901","2026-05-01 21:05:16.851","3 St & 7 Ave",3905.15,"7 Ave & Park Pl",4125.07,40.6703837,-73.97839676,40.6776147,-73.97324283,casual
1083000,tripdata_2,7106A5719EC16265,electric_bike,"2026-05-05 16:46:45.500","2026-05-05 16:58:40.292","W 31 St & 7 Ave",6331.01,"E 56 St & 3 Ave",6691.11,40.749156,-73.9916,40.75934501,-73.96759673,member
1083500,tripdata_2,A5C675F14F225BD5,classic_bike,"2026-05-10 11:00:06.548","2026-05-10 11:11:59.458","E 80 St & 2 Ave",7121.02,"E 47 St & 2 Ave",6498.1,40.77391390238118,-73.9543953537941,40.75323098,-73.97032517,member
1084000,tripdata_2,88C33D470B52988F,electric_bike,"2026-05-08 17:03:15.774","2026-05-08 17:43:54.567","W 144 St & Adam Clayton Powell Blvd",7932.1,"Pike St & Monroe St",5159.04,40.820877,-73.939249,40.71173107,-73.99193043,member
1084500,tripdata_2,4F31911DA7CF3EF5,classic_bike,"2026-05-05 18:04:57.952","2026-05-05 18:18:56.196","Shore Rd & 80 St",2635.08,"Shore Rd & Oliver St",2240.06,40.63074,-74.03962,40.61919,-74.0402,member
1085000,tripdata_2,D3DEB8753904244A,electric_bike,"2026-05-11 14:20:03.289","2026-05-11 14:32:58.739","Anthony Ave & E Tremont Ave",8356.04,"W 192 St & University Ave",8639.01,40.848793,-73.903178,40.866899,-73.901942,member
1085500,tripdata_2,BFAC2310EF715910,electric_bike,"2026-05-12 08:59:45.380","2026-05-12 09:35:19.519","Underhill Ave & Lincoln Pl",4042.08,"E 47 St & 2 Ave",6498.1,40.6740123,-73.9671457,40.75323098,-73.97032517,member
1086000,tripdata_2,0D6057FC10A2CE95,electric_bike,"2026-05-03 13:16:04.710","2026-05-03 13:30:01.863","74 St & 37 Ave",6332.06,"87 St & 30 Ave",6780.06,40.74908,-73.89172,40.76156,-73.88167,casual
1086500,tripdata_2,FC910BC5CF593306,classic_bike,"2026-05-08 10:08:01.965","2026-05-08 10:22:55.715","Scholes St & Manhattan Ave",5108.01,"Greenpoint Ave & West St",5752.09,40.70870368,-73.9448625,40.729803,-73.959099,casual
1087000,tripdata_2,263F5DFF32731A89,classic_bike,"2026-05-04 08:55:13.224","2026-05-04 09:07:30.822","Ave C & E 16 St",5769.06,"E 47 St & 2 Ave",6498.1,40.72984830346529,-73.97455215454102,40.75323098,-73.97032517,member
1087500,tripdata_2,BCD12C8D5522B9A3,electric_bike,"2026-05-05 17:06:05.033","2026-05-05 17:18:42.480","Schermerhorn St & Court St",4565.07,"7 Ave & Park Pl",4125.07,40.6910363748993,-73.99201065301895,40.6776147,-73.97324283,member
1088000,tripdata_2,64CFD3AAF5D3D380,electric_bike,"2026-05-08 17:51:27.912","2026-05-08 17:55:31.640","E 81 St & York Ave",7084.12,"E 85 St & 3 Ave",7212.05,40.7728384,-73.94989233,40.77801203,-73.95407149,member
1088500,tripdata_2,737C92DE8D6D58FB,classic_bike,"2026-05-03 01:08:11.430","2026-05-03 01:13:19.777","W 56 St & 6 Ave",6809.07,"E 56 St & 3 Ave",6691.11,40.76340613,-73.97722479,40.75934501,-73.96759673,casual
1089000,tripdata_2,0192FD3E677875A1,electric_bike,"2026-05-07 17:32:28.346","2026-05-07 17:37:32.445","Stanton St & Norfolk St",5445.07,"Henry St & Grand St",5294.04,40.720747,-73.986274,40.714211,-73.981095,member
1089500,tripdata_2,3807DB731E0E2E48,classic_bike,"2026-05-05 11:53:09.776","2026-05-05 11:59:18.878","N 12 St & Bedford Ave",5450.04,"Greenpoint Ave & West St",5752.09,40.72079821,-73.95484712,40.729803,-73.959099,member
1090000,tripdata_2,FFC6D1DFDDDECB76,electric_bike,"2026-05-12 07:33:18.650","2026-05-12 07:41:14.961","E 74 St & 1 Ave",6953.08,"E 47 St & 2 Ave",6498.1,40.7689738,-73.95482273,40.75323098,-73.97032517,member
1090500,tripdata_2,FEAE3B70B7CA2925,electric_bike,"2026-05-08 12:59:29.932","2026-05-08 13:04:12.886","6 St & 7 Ave",3834.1,"7 Ave & Park Pl",4125.07,40.6686627,-73.97988067,40.6776147,-73.97324283,member
1091000,tripdata_2,6B07DC71AE786135,electric_bike,"2026-05-09 16:40:25.086","2026-05-09 16:44:24.726","Wyckoff St & 3 Ave",4290.06,"7 Ave & Park Pl",4125.07,40.6827549,-73.98258555,40.6776147,-73.97324283,member
1091500,tripdata_2,A6BFB9C6A4B5CD1C,electric_bike,"2026-05-02 20:14:43.348","2026-05-02 20:23:19.767","W 44 St & 5 Ave",6551.02,"E 30 St & Park Ave S",6206.08,40.75500254,-73.98014437,40.74444921,-73.98303529,member
1092000,tripdata_2,4800AFE0F54AC93E,classic_bike,"2026-05-08 19:38:06.787","2026-05-08 19:40:24.485","Catherine St & Monroe St",5128.04,"Pike St & Monroe St",5159.04,40.71117444,-73.99682619,40.71173107,-73.99193043,member
1092500,tripdata_2,4925DDE15F4ED6DB,electric_bike,"2026-05-04 08:49:30.031","2026-05-04 08:56:52.712","1 Ave & E 68 St",6822.09,"E 47 St & 2 Ave",6498.1,40.76500525,-73.95818491,40.75323098,-73.97032517,member
1093000,tripdata_2,FC62045CCCA2EDA5,electric_bike,"2026-05-12 18:28:51.819","2026-05-12 18:40:08.944","W 64 St & Thelonious Monk Circle",7123.04,"W 84 St & Columbus Ave",7382.04,40.77515953434235,-73.98918695747852,40.78499979,-73.97283406,member
1093500,tripdata_2,68F38E78378F8307,electric_bike,"2026-05-01 20:45:57.370","2026-05-01 20:59:41.556","Park Pl & Carlton Ave",4125.13,"Marcus Garvey Blvd & Macon St",4278.03,40.677358,-73.97211,40.682601,-73.938037,member
1094000,tripdata_2,704F853DB4158049,electric_bike,"2026-05-09 19:47:03.223","2026-05-09 19:56:07.226","Pacific St & Nostrand Ave",4140.03,"Marcus Garvey Blvd & Macon St",4278.03,40.6776,-73.94963,40.682601,-73.938037,member
1094500,tripdata_2,BD99AE2D89FEA4B4,classic_bike,"2026-05-07 13:50:06.231","2026-05-07 14:08:04.464","Central Park W & W 72 St",7141.07,"E 47 St & 2 Ave",6498.1,40.77579376683666,-73.9762057363987,40.75323098,-73.97032517,casual
1095000,tripdata_2,A894934910CFE90A,classic_bike,"2026-05-04 16:26:21.661","2026-05-04 16:35:12.677","E 72 St & York Ave",6889.12,"E 85 St & 3 Ave",7212.05,40.76663814,-73.95348296,40.77801203,-73.95407149,member
1095500,tripdata_2,45D1DFDA7E8591FE,classic_bike,"2026-05-08 10:30:57.848","2026-05-08 10:32:19.918","Grand St & Samuel Dickstein Plaza",5335.07,"Henry St & Grand St",5294.04,40.71511871996496,-73.98417055606842,40.714211,-73.981095,member
1096000,tripdata_2,FAB1EEECEC0ABAED,electric_bike,"2026-05-02 21:55:14.510","2026-05-02 22:08:22.714","E 15 St & 3 Ave",5863.07,"Pike St & Monroe St",5159.04,40.734232,-73.986923,40.71173107,-73.99193043,member
1096500,tripdata_2,C196B4AD986B052E,classic_bike,"2026-05-08 10:56:26.386","2026-05-08 11:12:02.364","West End Ave & W 60 St",7059.08,"E 47 St & 2 Ave",6498.1,40.77237,-73.99005,40.75323098,-73.97032517,member
1097000,tripdata_2,1495CD34701BF0DD,classic_bike,"2026-05-02 20:17:09.131","2026-05-02 20:43:43.310","W 87 St & West End Ave",7484.05,"E 47 St & 2 Ave",6498.1,40.789622,-73.97757,40.75323098,-73.97032517,member
1097500,tripdata_2,B188C9ED1F2D9FA9,electric_bike,"2026-05-01 17:20:42.685","2026-05-01 17:24:05.306","W 48 St &  Rockefeller Plaza",6626.11,"E 47 St & 2 Ave",6498.1,40.75776935448309,-73.97929430007935,40.75323098,-73.97032517,member
1098000,tripdata_2,D4E69E2599774D1D,electric_bike,"2026-05-01 18:37:32.519","2026-05-01 18:42:50.487","N 5 St & Northside Piers",5458.02,"Greenpoint Ave & West St",5752.09,40.719876,-73.963865,40.729803,-73.959099,member
1098500,tripdata_2,24B1FE58B82B20FB,electric_bike,"2026-05-05 12:43:59.641","2026-05-05 13:07:06.044","10 Ave & W 14 St",6157.04,"E 47 St & 2 Ave",6498.1,40.741981599940225,-74.00831580162048,40.75323098,-73.97032517,member
1099000,tripdata_2,47A239CDAEBCDF9C,electric_bike,"2026-05-03 17:08:19.308","2026-05-03 17:22:49.361","E 31 St & 3 Ave",6239.08,"E 85 St & 3 Ave",7212.05,40.74394314,-73.97966069,40.77801203,-73.95407149,member
1099500,tripdata_2,E09208A2B2ECC9B6,classic_bike,"2026-05-12 16:58:54.045","2026-05-12 17:31:22.434","Allen St & Rivington St",5414.06,"E 85 St & 3 Ave",7212.05,40.72019576,-73.98997825,40.77801203,-73.95407149,member
1100000,tripdata_2,7ACD0E541D503CD4,electric_bike,"2026-05-02 15:44:05.045","2026-05-02 16:05:26.207","Franklin Ave & Quincy St",4410.02,"Greenpoint Ave & West St",5752.09,40.68636,-73.95678,40.729803,-73.959099,member
1100500,tripdata_2,88CEF52220855F50,electric_bike,"2026-05-10 20:22:58.734","2026-05-10 20:33:59.288","Eastern Pkwy & Franklin Ave (NE Corner)",3919.07,"7 Ave & Park Pl",4125.07,40.6707767,-73.9576801,40.6776147,-73.97324283,casual
1101000,tripdata_2,A1CFA102B6208EE2,electric_bike,"2026-05-07 08:20:41.397","2026-05-07 08:23:07.663","Canal St & Rutgers St",5303.08,"Henry St & Grand St",5294.04,40.71427487,-73.98990025,40.714211,-73.981095,member
1101500,tripdata_2,56E34D3DE6B5565A,electric_bike,"2026-05-06 18:53:18.972","2026-05-06 19:10:31.992","Allen St & Stanton St",5484.09,"Greenpoint Ave & West St",5752.09,40.722055,-73.989111,40.729803,-73.959099,member
1102000,tripdata_2,BDC6AAC00E2BBF0F,electric_bike,"2026-05-06 11:41:24.176","2026-05-06 11:49:06.714","Giles Pl & Fort Independence St",8786.01,"W 218 St & Broadway",8715.06,40.87869,-73.89862,40.87139,-73.914318,member
1102500,tripdata_2,220947F3910095D5,classic_bike,"2026-05-04 17:52:52.624","2026-05-04 17:55:57.699","Crown St & Troy Ave",3751.05,"Eastern Pkwy & Troy Ave",3862.07,40.66559,-73.93712,40.66929,-73.93679,member
1103000,tripdata_2,591C57BF74348156,electric_bike,"2026-05-09 13:54:59.081","2026-05-09 14:16:22.399","6 St & 7 Ave",3834.1,"Rugby Rd & Albemarle Rd",3188.04,40.6686627,-73.97988067,40.64672,-73.96637,casual
1103500,tripdata_2,A31EA38531014BC3,electric_bike,"2026-05-07 17:40:43.736","2026-05-07 18:07:00.984","E 24 St & Park Ave S",6131.1,"Allen St & Rivington St",5414.06,40.74096374,-73.98602213,40.72019576,-73.98997825,member
1104000,tripdata_2,304DBC561529A664,electric_bike,"2026-05-08 17:45:38.528","2026-05-08 17:51:42.013","E 54 St & 1 Ave",6608.09,"E 45 St & 3 Ave",6464.08,40.756265,-73.964179,40.75255434,-73.97282625,member
1104500,tripdata_2,4B2FA967A22D96EC,classic_bike,"2026-05-11 08:21:25.871","2026-05-11 08:27:55.806","N 15 St & Wythe Ave",5520.09,"Franklin St & Dupont St",5944.01,40.724055,-73.955736,40.73564,-73.95866,member
1105000,tripdata_2,D4FC15E92C4F1CD2,electric_bike,"2026-05-01 14:33:49.024","2026-05-01 14:38:27.349","Amsterdam Ave & W 136 St",7920.05,"Amsterdam Ave & W 125 St",7800.03,40.819746,-73.951819,40.813358,-73.956461,member
1105500,tripdata_2,A8EB8DF5F0F54AC5,electric_bike,"2026-05-11 16:32:04.520","2026-05-11 17:44:49.801","Soissons Landing",4631.02,"Soissons Landing",4631.02,40.692566,-74.015936,40.692566,-74.015936,member
1106000,tripdata_2,6ACCAD6FAFC9F5D3,classic_bike,"2026-05-04 19:02:46.799","2026-05-04 19:17:54.641","Fulton St & Clermont Ave",4386.05,"Columbia Heights & Cranberry St",4829.01,40.68415748,-73.96922273,40.70037867,-73.99548059,member
1106500,tripdata_2,A1072CDE2F92782D,electric_bike,"2026-05-13 16:21:19.154","2026-05-13 16:42:49.428","46 Ave & 5 St",6286.02,"34 Ave & 71 St",6493.03,40.74731,-73.95451,40.75257,-73.89538,member
1107000,tripdata_2,BF7D309C231746A6,classic_bike,"2026-05-05 01:25:46.608","2026-05-05 02:32:41.099","Wyckoff Ave & Jefferson St",5051.01,"E 25 St & 1 Ave",6004.07,40.707165,-73.923711,40.7381765,-73.97738662,casual
1107500,tripdata_2,697C27D4950D8DC9,electric_bike,"2026-05-05 09:17:51.246","2026-05-05 09:29:47.132","W 31 St & 7 Ave",6331.01,"E 25 St & 1 Ave",6004.07,40.749156,-73.9916,40.7381765,-73.97738662,member
1108000,tripdata_2,65A9DB682439797A,electric_bike,"2026-05-02 13:45:18.123","2026-05-02 13:50:58.799","Walker St & Baxter St",5351.07,"Allen St & Rivington St",5414.06,40.717411,-73.999573,40.72019576,-73.98997825,member
1108500,tripdata_2,642A88C90CDE0BD1,electric_bike,"2026-05-05 06:44:28.068","2026-05-05 06:46:03.539","Bleecker St & Crosby St",5679.08,"Mott St & Prince St",5561.04,40.72615604980408,-73.99510189890862,40.72317958,-73.99480012,member
1109000,tripdata_2,3975D95D98DDA40B,electric_bike,"2026-05-11 13:15:23.867","2026-05-11 13:18:42.143","Graham Ave & Grand St",5178.06,"Seigel St & Humboldt St",4956.09,40.711863,-73.944024,40.704613,-73.940865,member
1109500,tripdata_2,6F5BBAA2E18EFB67,electric_bike,"2026-05-02 17:32:13.663","2026-05-02 17:45:36.752","W 15 St & 6 Ave",5989.02,"Allen St & Rivington St",5414.06,40.738046142482766,-73.99642959237099,40.72019576,-73.98997825,member
1110000,tripdata_2,3B025236AA0B4E4D,classic_bike,"2026-05-11 10:20:02.263","2026-05-11 10:25:43.759","Astoria Park S & Shore Blvd",7159.08,"31 St & Astoria Blvd",6989.07,40.7767,-73.927631,40.7699176,-73.9184057,member
1110500,tripdata_2,E596AFF545AC48FB,electric_bike,"2026-05-08 09:30:03.217","2026-05-08 09:33:51.883","Eastern Pkwy & Brooklyn Ave",3871.02,"Eastern Pkwy & Troy Ave",3862.07,40.66939,-73.94514,40.66929,-73.93679,member
1111000,tripdata_2,C87314099712A8AA,classic_bike,"2026-05-11 20:04:54.172","2026-05-11 20:08:45.784","N 7 St & Driggs Ave",5340.01,"Bayard St & Leonard St",5442.05,40.716967,-73.956388,40.71915571696044,-73.94885390996933,member
1111500,tripdata_2,0F17FAACB4CBA942,electric_bike,"2026-05-02 19:06:02.737","2026-05-02 19:31:13.911","Riverside Blvd & W 67 St",7183.03,"Fulton St & William St",5137.11,40.777507027547976,-73.98888587951659,40.70960089363537,-74.00655090808868,member
1112000,tripdata_2,BE1FEFC4D92030C6,electric_bike,"2026-05-13 19:09:18.954","2026-05-13 19:18:31.111","Lafayette St & Jersey St",5561.06,"Fulton St & William St",5137.11,40.72456089,-73.99565293,40.70960089363537,-74.00655090808868,member
1112500,tripdata_2,2F8208D838313ABF,electric_bike,"2026-05-01 18:52:02.421","2026-05-01 19:14:11.850","Allen St & Rivington St",5414.06,"Allen St & Rivington St",5414.06,40.72019576,-73.98997825,40.72019576,-73.98997825,member
1113000,tripdata_2,1D5F0FD030D6F402,classic_bike,"2026-05-10 14:48:31.424","2026-05-10 15:12:04.619","Yankee Ferry Terminal",4440.02,"Soissons Landing",4631.02,40.68706579875912,-74.01675585121666,40.692566,-74.015936,casual
1113500,tripdata_2,29CD82379F901379,electric_bike,"2026-05-08 16:22:04.949","2026-05-08 16:27:04.684","E 53 St & Lexington Ave",6617.09,"E 45 St & 3 Ave",6464.08,40.75828065,-73.97069431,40.75255434,-73.97282625,casual
1114000,tripdata_2,17F9CE9118EC66AF,electric_bike,"2026-05-13 23:59:08.478","2026-05-14 00:13:33.336","Forsyth St & Canal St",5270.07,"Fulton St & William St",5137.11,40.7158155,-73.99422366,40.70960089363537,-74.00655090808868,casual
1114500,tripdata_2,D7B199C432CCA073,electric_bike,"2026-05-08 18:12:56.254","2026-05-08 18:19:11.904","N 5 St & Northside Piers",5458.02,"Franklin St & Dupont St",5944.01,40.719876,-73.963865,40.73564,-73.95866,member
1115000,tripdata_2,FD50A3932E1D9142,electric_bike,"2026-05-04 17:42:55.699","2026-05-04 18:06:02.964","King St & Varick St",5687.11,"Franklin St & Dupont St",5944.01,40.72789701409023,-74.00536268949507,40.73564,-73.95866,member
1115500,tripdata_2,3A340AF56EEDC3AD,electric_bike,"2026-05-01 18:56:52.498","2026-05-01 19:07:33.025","Carmine St & 6 Ave",5763.03,"E 25 St & 1 Ave",6004.07,40.73038599,-74.00214988,40.7381765,-73.97738662,member
1116000,tripdata_2,F35D33E4DB9633B1,electric_bike,"2026-05-04 16:00:20.981","2026-05-04 16:08:33.047","Grand Concourse & E 192 St",8601.04,"Goulden Ave & W 197 St",8707.01,40.86448,-73.89522,40.87156,-73.89714,member
1116500,tripdata_2,6C3A48FD0F301294,electric_bike,"2026-05-11 21:21:56.030","2026-05-11 21:29:29.092","Kent Ave & N 3 St",5348.06,"Franklin St & Dupont St",5944.01,40.71797940978296,-73.96427449047715,40.73564,-73.95866,casual
1117000,tripdata_2,096EBB998F7853F0,electric_bike,"2026-05-09 14:01:15.333","2026-05-09 14:28:33.159","Wyckoff Ave & Jefferson St",5051.01,"Allen St & Rivington St",5414.06,40.707165,-73.923711,40.72019576,-73.98997825,casual
1117500,tripdata_2,D6549B847169E9A2,electric_bike,"2026-05-08 21:00:18.560","2026-05-08 21:05:27.431","Jay St & York St",4895.09,"5 St & Market St",4843.01,40.70140317257725,-73.98672670125961,40.699997484388504,-73.97440128028393,member
1118000,tripdata_2,9C1E2EBEA034FDE1,electric_bike,"2026-05-05 17:29:12.651","2026-05-05 17:45:25.461","Broadway & W 38 St",6560.15,"E 25 St & 1 Ave",6004.07,40.7529728216068,-73.98734897375107,40.7381765,-73.97738662,member
1118500,tripdata_2,D158F55924B3E8CA,electric_bike,"2026-05-05 09:41:04.778","2026-05-05 09:46:19.851","61 St & 39 Ave",6307.07,"62 St & Northern Blvd",6536.02,40.7471,-73.9028,40.754176,-73.900318,member
1119000,tripdata_2,1827A86D0B656FA3,electric_bike,"2026-05-07 16:59:27.261","2026-05-07 17:07:35.626","N 7 St & Driggs Ave",5340.01,"Franklin St & Dupont St",5944.01,40.716967,-73.956388,40.73564,-73.95866,member
1119500,tripdata_2,6A6C33F05E65D6C8,electric_bike,"2026-05-05 18:37:20.184","2026-05-05 18:54:50.790","W 34 St & 11 Ave",6578.01,"Mott St & Prince St",5561.04,40.75594159,-74.0021163,40.72317958,-73.99480012,member
1120000,tripdata_2,B72C4708D66D5BBE,classic_bike,"2026-05-01 18:44:41.802","2026-05-01 18:55:56.163","E 48 St & 3 Ave",6541.03,"E 25 St & 1 Ave",6004.07,40.7546011026,-73.971878855,40.7381765,-73.97738662,member
1120500,tripdata_2,7AB2BF7DE9C7C4DF,electric_bike,"2026-05-12 16:39:02.264","2026-05-12 16:56:38.408","43 St & 50 Ave",5983.04,"E 45 St & 3 Ave",6464.08,40.73787237950538,-73.92264068126678,40.75255434,-73.97282625,member
1121000,tripdata_2,C768FFA8FE7F264B,electric_bike,"2026-05-04 14:09:52.577","2026-05-04 14:11:39.601","Dock St & Front St",4903.09,"Columbia Heights & Cranberry St",4829.01,40.702709,-73.99253,40.70037867,-73.99548059,member
1121500,tripdata_2,F2C6DC566FD94790,electric_bike,"2026-05-11 12:18:30.759","2026-05-11 12:28:47.821","Henry St & Grand St",5294.04,"Mott St & Prince St",5561.04,40.714211,-73.981095,40.72317958,-73.99480012,member
1122000,tripdata_2,F6402E81520671F1,classic_bike,"2026-05-10 02:31:56.210","2026-05-10 02:47:58.460","53 St & Flushing Ave",5257.01,"Seigel St & Humboldt St",4956.09,40.71435,-73.91405,40.704613,-73.940865,casual
1122500,tripdata_2,D92800DCA8B8152B,classic_bike,"2026-05-12 16:18:41.982","2026-05-12 16:24:57.493","E 13 St & 2 Ave",5820.08,"Allen St & Rivington St",5414.06,40.73153937464073,-73.9853024482727,40.72019576,-73.98997825,casual
1123000,tripdata_2,75588EA13BBA0534,electric_bike,"2026-05-05 17:08:55.102","2026-05-05 17:29:07.077","W 48 St &  Rockefeller Plaza",6626.11,"Mott St & Prince St",5561.04,40.75776935448309,-73.97929430007935,40.72317958,-73.99480012,member
1123500,tripdata_2,11C0220A64100B76,electric_bike,"2026-05-02 17:11:24.770","2026-05-02 17:41:13.292","W 27 St & 6 Ave",6215.07,"DeKalb Ave & S Portland Ave",4546.06,40.74526,-73.99062,40.68967018552252,-73.97527355121376,member
1124000,tripdata_2,08B7761972C675D1,classic_bike,"2026-05-12 18:30:09.333","2026-05-12 18:41:51.495","Ditmars Blvd & 19 St",7291.06,"31 Ave & Crescent St",6893.1,40.78145,-73.9183302,40.7658346,-73.9265474,member
1124500,tripdata_2,B668B5976F376505,classic_bike,"2026-05-13 18:26:58.069","2026-05-13 18:38:00.987","6 Ave & W 45 St",6593.15,"E 53 St & Lexington Ave",6617.09,40.756951,-73.982631,40.75828065,-73.97069431,member
1125000,tripdata_2,7A1D42EE8E8A76AC,electric_bike,"2026-05-10 16:53:38.718","2026-05-10 17:14:24.312","Hanson Pl & Ashland Pl",4395.07,"Caton Ave & Bedford Ave",3368.04,40.68506807308177,-73.97790759801863,40.65237,-73.95623,member
1125500,tripdata_2,E85328CF54D0D28E,electric_bike,"2026-05-06 08:17:51.817","2026-05-06 08:40:37.812","7 Ave & 41 St",3192.05,"DeKalb Ave & S Portland Ave",4546.06,40.647379,-74.000911,40.68967018552252,-73.97527355121376,member
1126000,tripdata_2,F56B46A05BC914C4,electric_bike,"2026-05-06 20:59:05.844","2026-05-06 21:07:15.638","Queens Plaza North & Crescent St",6429.01,"5 St & 51 Ave",6137.04,40.75110165,-73.94073717,40.7423737,-73.9566,member
1126500,tripdata_2,220AA94BE9631C3D,classic_bike,"2026-05-03 18:09:56.731","2026-05-03 18:16:27.208","33 St & Queens Blvd",6185.07,"46 St & Queens Blvd",6209.08,40.7443653191867,-73.93172398209572,40.74349759836971,-73.91860529780388,member
1127000,tripdata_2,654D1C9EE8E28412,classic_bike,"2026-05-13 16:40:46.097","2026-05-13 17:22:53.381","Greenpoint Ave & West St",5752.09,"31 Ave & Crescent St",6893.1,40.729803,-73.959099,40.7658346,-73.9265474,casual
1127500,tripdata_2,C499410016A1F4A8,classic_bike,"2026-05-09 11:53:14.088","2026-05-09 11:55:42.666","Center Blvd & 48 Ave",6254.06,"5 St & 51 Ave",6137.04,40.745038,-73.957539,40.7423737,-73.9566,member
1128000,tripdata_2,774259F0C334127B,electric_bike,"2026-05-01 09:57:04.652","2026-05-01 10:11:50.636","E 77 St & 1 Ave",7020.02,"W 59 St & 10 Ave",7023.04,40.77095553869235,-73.95356208096926,40.770513,-73.988038,member
1128500,tripdata_2,A2F49CE551CEEB89,electric_bike,"2026-05-08 14:54:15.395","2026-05-08 14:58:08.796","8 Ave & W 52 St",6816.07,"W 59 St & 10 Ave",7023.04,40.76370739,-73.9851615,40.770513,-73.988038,member
1129000,tripdata_2,8C593D56B4C9A2DA,electric_bike,"2026-05-14 10:59:43.773","2026-05-14 11:03:32.089","Davidson Ave & W Burnside Ave",8441.05,"Jerome Ave & W Fordham Rd",8586.09,40.853646,-73.908731,40.86294,-73.90108,member
1129500,tripdata_2,498259A1F1251DE8,classic_bike,"2026-05-11 19:41:58.884","2026-05-11 19:43:17.328","Vernon Blvd & 50 Ave",6170.02,"5 St & 51 Ave",6137.04,40.74232744,-73.95411749,40.7423737,-73.9566,member
1130000,tripdata_2,97A4F5AB130FE044,electric_bike,"2026-05-01 12:38:43.576","2026-05-01 12:45:44.505","W 37 St & 10 Ave",6611.02,"W 59 St & 10 Ave",7023.04,40.75660359,-73.9979009,40.770513,-73.988038,member
1130500,tripdata_2,2BC15440B831BF52,electric_bike,"2026-05-11 14:26:55.668","2026-05-11 14:35:01.776","Eastern Pkwy & Franklin Ave (NE Corner)",3919.07,"President St & 4 Ave",4101.17,40.6707767,-73.9576801,40.676757,-73.983262,member
1131000,tripdata_2,E9112CE7F6F1072E,classic_bike,"2026-05-05 12:24:59.647","2026-05-05 12:34:18.881","Amsterdam Ave & W 79 St",7311.02,"W 59 St & 10 Ave",7023.04,40.7829391,-73.9786517,40.770513,-73.988038,member
1131500,tripdata_2,10A5B718D9BF4679,classic_bike,"2026-05-13 08:28:04.652","2026-05-13 08:39:56.459","W 18 St & 6 Ave",6064.08,"Barrow St & Hudson St",5805.05,40.73971301,-73.99456405,40.73172428,-74.00674436,member
1132000,tripdata_2,877AEA588DF82667,electric_bike,"2026-05-13 07:36:54.200","2026-05-13 07:47:38.965","E 17 St & 2 Ave",5896.01,"E 53 St & Lexington Ave",6617.09,40.73431166276575,-73.98372530937195,40.75828065,-73.97069431,member
1132500,tripdata_2,C5F92AC05FC7D0D9,classic_bike,"2026-05-12 06:08:23.675","2026-05-12 06:23:12.885","W 42 St & 8 Ave",6602.05,"E 53 St & Lexington Ave",6617.09,40.7575699,-73.99098507,40.75828065,-73.97069431,member
1133000,tripdata_2,37058C234B8B64D7,electric_bike,"2026-05-03 16:07:54.066","2026-05-03 16:16:24.215","E 20 St & Park Ave",6055.08,"Forsyth St & Broome St",5453.05,40.73827428,-73.98751968,40.71893904,-73.99266288,member
1133500,tripdata_2,EB9B9E35703F8107,electric_bike,"2026-05-10 09:45:28.591","2026-05-10 09:50:45.044","E 66 St & Madison Ave",6969.08,"E 53 St & Lexington Ave",6617.09,40.76800889305947,-73.96845281124115,40.75828065,-73.97069431,member
1134000,tripdata_2,D33CCF7569CBB249,electric_bike,"2026-05-13 09:27:02.148","2026-05-13 09:29:52.269","Jefferson Ave & Evergreen Ave",4517.03,"Putnam Ave & Ralph Ave",4450.06,40.68989,-73.91458,40.68705,-73.92338,casual
1134500,tripdata_2,8096A185DE2BE4BC,electric_bike,"2026-05-01 12:14:04.403","2026-05-01 12:43:26.212","Hudson St & W 13 St",6115.06,"3 Ave & 14 St",3850.03,40.74005708567285,-74.0052741765976,40.6685455,-73.99333264,member
1135000,tripdata_2,658522F465AB7D02,classic_bike,"2026-05-09 19:12:06.746","2026-05-09 19:34:05.494","N 7 St & Driggs Ave",5340.01,"Forsyth St & Broome St",5453.05,40.716967,-73.956388,40.71893904,-73.99266288,casual
1135500,tripdata_2,1CC7DDE728BC779D,electric_bike,"2026-05-12 17:39:58.980","2026-05-12 17:55:01.630","Park Ave & E 40 St",6432.15,"Forsyth St & Broome St",5453.05,40.75112,-73.97851,40.71893904,-73.99266288,member
1136000,tripdata_2,C01FE15A55AFC8B7,electric_bike,"2026-05-01 17:48:19.029","2026-05-01 17:58:02.760","Dock 72 Way & Market St",4804.02,"Underhill Ave & Pacific St",4231.04,40.69985,-73.97141,40.6804836,-73.9646795,member
1136500,tripdata_2,596F0633A3FC1A89,classic_bike,"2026-05-09 00:44:08.512","2026-05-09 00:53:22.407","W 17 St & 8 Ave",6148.02,"Barrow St & Hudson St",5805.05,40.74177603,-74.00149746,40.73172428,-74.00674436,member
1137000,tripdata_2,68B84A7223E7F946,classic_bike,"2026-05-02 18:44:42.967","2026-05-02 18:51:56.017","Greene Ave & Myrtle Ave",4784.02,"Putnam Ave & Ralph Ave",4450.06,40.698568,-73.918877,40.68705,-73.92338,member
1137500,tripdata_2,B037D7F4FA7604E1,classic_bike,"2026-05-05 21:40:58.249","2026-05-05 21:42:36.129","23 St & 31 Ave",6929.01,"31 Ave & Crescent St",6893.1,40.76663971723091,-73.9286595582962,40.7658346,-73.9265474,member
1138000,tripdata_2,E8BFB0C3AE4DEDB7,classic_bike,"2026-05-11 10:13:37.635","2026-05-12 08:59:12.725","Emerson Pl & Myrtle Ave",4683.02,"Caton Ave & Bedford Ave",3368.04,40.69363137,-73.96223558,40.65237,-73.95623,casual
1138500,tripdata_2,A764D905B69CD474,electric_bike,"2026-05-09 08:21:14.009","2026-05-09 08:35:38.217","2 Ave & E 99 St",7386.1,"W 59 St & 10 Ave",7023.04,40.7862586,-73.94552579,40.770513,-73.988038,casual
1139000,tripdata_2,7D170674E0D1CECB,electric_bike,"2026-05-07 21:41:25.142","2026-05-07 22:11:22.189","W 135 St & Lenox Terrace Pl",7832.04,"Adam Clayton Powell Blvd & W 141 St",7893.05,40.813619,-73.939336,40.819241,-73.941057,member
1139500,tripdata_2,2FB82859D81E9C3C,electric_bike,"2026-05-06 17:55:29.773","2026-05-06 18:06:46.811","E 51 St & Lexington Ave",6659.01,"W 59 St & 10 Ave",7023.04,40.75714758,-73.97207836,40.770513,-73.988038,member
1140000,tripdata_2,39DEFA21D7C0121D,electric_bike,"2026-05-01 00:15:29.259","2026-05-01 00:22:48.314","Southern Blvd & E 142 St",7719.13,"Union Ave & E 169 St",8064.03,40.807347437082,-73.90809774398804,40.82995,-73.898802,member
1140500,tripdata_2,4C166CCFD98F3AA7,electric_bike,"2026-05-13 15:58:00.900","2026-05-13 16:26:39.306","Stagg St & Union Ave",5117.05,"E 53 St & Lexington Ave",6617.09,40.70877084,-73.95095259,40.75828065,-73.97069431,member
1141000,tripdata_2,5BBF6042EC09F1F6,classic_bike,"2026-05-13 18:06:02.890","2026-05-13 18:17:29.758","Amity St & Court St",4488.1,"President St & 4 Ave",4101.17,40.68841885589487,-73.9931417101234,40.676757,-73.983262,member
1141500,tripdata_2,E1AF9F256E7F19FE,electric_bike,"2026-05-03 14:39:28.797","2026-05-03 14:56:43.594","7 Ave & 20 St",3588.01,"Adelphi St & Myrtle Ave",4620.02,40.659053,-73.98854,40.69308257,-73.97178913,member
1142000,tripdata_2,2C4E1AB4BFB767D9,electric_bike,"2026-05-01 17:31:54.435","2026-05-01 17:41:30.480","3 St & 7 Ave",3905.15,"Adelphi St & Myrtle Ave",4620.02,40.6703837,-73.97839676,40.69308257,-73.97178913,member
1142500,tripdata_2,8CC4D268F62053B7,electric_bike,"2026-05-12 19:45:45.793","2026-05-12 19:55:50.145","W 41 St & 8 Ave",6602.03,"W 59 St & 10 Ave",7023.04,40.75640548,-73.9900262,40.770513,-73.988038,member
1143000,tripdata_2,58866B6BB3775B75,electric_bike,"2026-05-14 14:31:45.638","2026-05-14 14:36:05.140","1 St & 6 Ave",3946.07,"President St & 4 Ave",4101.17,40.672784,-73.979826,40.676757,-73.983262,member
1143500,tripdata_2,BB8E19C589471E6D,electric_bike,"2026-05-12 18:49:32.714","2026-05-12 19:10:55.459","Montrose Ave & Bushwick Ave",5068.02,"Forsyth St & Broome St",5453.05,40.70767788,-73.94016171,40.71893904,-73.99266288,member
1144000,tripdata_2,35C7DB8CCE73D237,electric_bike,"2026-05-13 17:41:22.261","2026-05-13 17:45:11.546","45 Ave & 21 St",6319.07,"5 St & 51 Ave",6137.04,40.74737075646803,-73.94777297973631,40.7423737,-73.9566,member
1144500,tripdata_2,F984C0E49C007071,electric_bike,"2026-05-10 21:26:20.477","2026-05-10 21:45:44.063","Prospect Park SW & Greenwood Ave",3385.06,"Adelphi St & Myrtle Ave",4620.02,40.652563,-73.972573,40.69308257,-73.97178913,member
1145000,tripdata_2,BDF7F4838900DF67,electric_bike,"2026-05-14 18:21:41.296","2026-05-14 18:38:48.324","Greenpoint Ave & West St",5752.09,"Adelphi St & Myrtle Ave",4620.02,40.729803,-73.959099,40.69308257,-73.97178913,member
1145500,tripdata_2,C224AD55C8D5A0D3,electric_bike,"2026-05-05 11:27:11.988","2026-05-05 11:32:29.806","Broadway & W 29 St",6289.06,"10 Ave & W 28 St",6459.04,40.7462009,-73.98855723,40.75066386,-74.00176802,member
1146000,tripdata_2,7B4911F42EB0ADB6,electric_bike,"2026-05-10 18:20:36.866","2026-05-10 18:24:39.855","W 20 St & 8 Ave",6224.05,"10 Ave & W 28 St",6459.04,40.74345335,-74.00004031,40.75066386,-74.00176802,member
1146500,tripdata_2,5ACAD72DE1B20CB9,electric_bike,"2026-05-14 16:23:17.749","2026-05-14 16:42:36.461","Scholes St & Lorimer St",5076.04,"Great Jones St",5636.11,40.708323,-73.948732,40.72743423,-73.99379025,member
1147000,tripdata_2,95C2D56B6F098974,electric_bike,"2026-05-03 18:04:54.670","2026-05-03 18:51:07.709","Broadway & W 61 St",7014.12,"W 110 St & Amsterdam Ave",7646.04,40.77003010255044,-73.9819684624672,40.802692,-73.96295,member
1147500,tripdata_2,28AA3118D4CAD8CA,electric_bike,"2026-05-14 18:41:08.464","2026-05-14 18:48:31.546","Cambridge Pl & Gates Ave",4377.04,"Flushing Ave & Vanderbilt Ave",4762.05,40.68488,-73.96304,40.69795031569544,-73.97077560424805,member
1148000,tripdata_2,2419871BC487D661,classic_bike,"2026-05-07 17:23:45.684","2026-05-07 17:25:38.079","E 26 St & 3 Ave",6089.11,"E 31 St & 3 Ave",6239.08,40.74069317733043,-73.98160636425018,40.74394314,-73.97966069,member
1148500,tripdata_2,1724509D17AC16F7,electric_bike,"2026-05-03 19:34:48.332","2026-05-03 19:50:23.308","Fulton St & Broadway",5175.08,"William St & Pine St",5065.12,40.711066,-74.009447,40.70717936,-74.00887308,casual
1149000,tripdata_2,7294A7A8C2F9B590,classic_bike,"2026-05-11 19:34:22.690","2026-05-11 19:40:07.016","Jay St & York St",4895.09,"Flushing Ave & Vanderbilt Ave",4762.05,40.70140317257725,-73.98672670125961,40.69795031569544,-73.97077560424805,member
1149500,tripdata_2,53BA841D4F179133,classic_bike,"2026-05-02 09:04:03.591","2026-05-02 09:18:52.035","E 14 St & 1 Ave",5779.1,"10 Ave & W 28 St",6459.04,40.73139303364151,-73.98286700248718,40.75066386,-74.00176802,member
1150000,tripdata_2,E967A06B8CDE40B3,electric_bike,"2026-05-13 13:24:22.706","2026-05-13 13:28:16.030","Devoe St & Lorimer St",5259.06,"Driggs Ave & Lorimer St",5481.04,40.71335226222875,-73.9491033554077,40.72179134,-73.9504154,member
1150500,tripdata_2,424E71DC53BF1849,electric_bike,"2026-05-10 21:22:24.047","2026-05-10 21:23:37.874","W 29 St & 9 Ave",6416.06,"10 Ave & W 28 St",6459.04,40.7500727,-73.99839279,40.75066386,-74.00176802,member
1151000,tripdata_2,C90C3944E1866BA1,electric_bike,"2026-05-14 07:01:15.158","2026-05-14 07:09:58.540","Bushwick Ave & Harman St",4640.01,"Devoe St & Morgan Ave",5282.02,40.69356,-73.92524,40.713811,-73.93515,member
1151500,tripdata_2,DFFB3DA85CB1A902,electric_bike,"2026-05-14 18:41:50.118","2026-05-14 19:00:11.579","Fairview Ave & Linden St",5066.03,"Driggs Ave & Lorimer St",5481.04,40.70694,-73.90632,40.72179134,-73.9504154,member
1152000,tripdata_2,35C89AD9FF663099,electric_bike,"2026-05-09 21:57:40.325","2026-05-09 22:15:05.412","Liberty St & Broadway",5105.01,"Reade St & Broadway",5247.1,40.70905623,-74.01043382,40.71450451,-74.00562789,casual
1152500,tripdata_2,23F34243A370F69B,classic_bike,"2026-05-05 10:19:41.113","2026-05-05 10:36:21.784","Atlantic Ave & Furman St",4614.04,"Flushing Ave & Vanderbilt Ave",4762.05,40.69165183,-73.9999786,40.69795031569544,-73.97077560424805,member
1153000,tripdata_2,C3DF27B9914C05C3,classic_bike,"2026-05-04 14:25:13.570","2026-05-04 14:32:52.610","Catherine St & Monroe St",5128.04,"Reade St & Broadway",5247.1,40.71117444,-73.99682619,40.71450451,-74.00562789,member
1153500,tripdata_2,72BB77B3C13CE0B4,electric_bike,"2026-05-02 12:24:22.039","2026-05-02 12:28:55.224","W 95 St & Broadway",7541.01,"W 110 St & Amsterdam Ave",7646.04,40.7937704,-73.971888,40.802692,-73.96295,member
1154000,tripdata_2,E38779E15A67BDA3,classic_bike,"2026-05-06 11:18:38.504","2026-05-06 11:29:43.491","W 35 St & 8 Ave",6526.01,"E 31 St & 3 Ave",6239.08,40.752762088742045,-73.99280458705107,40.74394314,-73.97966069,member
1154500,tripdata_2,42F6583FD48C08B4,classic_bike,"2026-05-07 15:49:57.323","2026-05-07 16:01:24.102","Pier 40 - Hudson River Park",5696.03,"William St & Pine St",5065.12,40.7277140777778,-74.01129573583603,40.70717936,-74.00887308,member
1155000,tripdata_2,44AA0DF8AB03D2B0,classic_bike,"2026-05-07 10:33:42.801","2026-05-07 10:49:55.042","Pierrepont St & Monroe Pl",4718.08,"Smith St & 9 St",4077.04,40.69535693320225,-73.99344027042389,40.6746957,-73.99785768,member
1155500,tripdata_2,CC7E810E869EC6F9,classic_bike,"2026-05-02 13:54:51.846","2026-05-02 14:13:26.671","Prospect Pl & 6 Ave",4166.08,"Flushing Ave & Vanderbilt Ave",4762.05,40.6793307,-73.97519523,40.69795031569544,-73.97077560424805,casual
1156000,tripdata_2,3F9C42DFCA84BF38,electric_bike,"2026-05-08 17:49:28.184","2026-05-08 17:54:03.510","W 116 St & Broadway",7713.11,"W 110 St & Amsterdam Ave",7646.04,40.8082,-73.9641,40.802692,-73.96295,casual
1156500,tripdata_2,3B6EDFB74C361F1C,electric_bike,"2026-05-05 08:36:24.462","2026-05-05 08:43:53.129","Hanson Pl & Ashland Pl",4395.07,"Flushing Ave & Vanderbilt Ave",4762.05,40.68506807308177,-73.97790759801863,40.69795031569544,-73.97077560424805,member
1157000,tripdata_2,F81FE55A0782A65C,electric_bike,"2026-05-01 07:08:31.693","2026-05-01 07:24:32.340","W 171 St & St Nicholas Ave",8262.07,"Courtlandt Ave & E 149 St",7840.05,40.842941,-73.938631,40.816402,-73.919549,member
1157500,tripdata_2,A1316E974FE1D622,classic_bike,"2026-05-09 19:48:45.812","2026-05-09 19:56:39.098","Evergreen Ave & Noll St",4873.08,"Devoe St & Morgan Ave",5282.02,40.70106,-73.93318,40.713811,-73.93515,member
1158000,tripdata_2,9CC7D072417D5556,electric_bike,"2026-05-10 23:14:50.040","2026-05-10 23:20:59.024","31 St & Astoria Blvd",6989.07,"Crescent St & 35 Ave",6688.01,40.7699176,-73.9184057,40.7596276,-73.9321455,member
1158500,tripdata_2,0DFF625C71B782A4,classic_bike,"2026-05-03 09:49:29.573","2026-05-03 10:15:06.871","Sigourney St & Columbia St",3940.04,"Smith St & 9 St",4077.04,40.67267243410948,-74.0087952464819,40.6746957,-73.99785768,member
1159000,tripdata_2,CFDE624E752C60F7,electric_bike,"2026-05-11 09:28:27.615","2026-05-11 09:43:54.348","University Pl & E 14 St",5905.14,"10 Ave & W 28 St",6459.04,40.734814,-73.992085,40.75066386,-74.00176802,casual
1159500,tripdata_2,974695D6D7F184B4,electric_bike,"2026-05-13 16:05:43.203","2026-05-13 16:18:51.268","Allen St & Rivington St",5414.06,"Driggs Ave & Lorimer St",5481.04,40.72019576,-73.98997825,40.72179134,-73.9504154,casual
1160000,tripdata_2,E05A392DDCC74569,electric_bike,"2026-05-09 21:29:56.170","2026-05-09 21:43:01.448","W 20 St & 8 Ave",6224.05,"William St & Pine St",5065.12,40.74345335,-74.00004031,40.70717936,-74.00887308,member
1160500,tripdata_2,5D280B337947AA6A,electric_bike,"2026-05-07 12:44:53.928","2026-05-07 12:57:07.076","W 31 St & 7 Ave",6331.01,"Great Jones St",5636.11,40.749156,-73.9916,40.72743423,-73.99379025,member
1161000,tripdata_2,9337BAC016A8003B,electric_bike,"2026-05-08 17:14:39.060","2026-05-08 17:20:24.952","Pier 61 at Chelsea Piers",6233.04,"10 Ave & W 28 St",6459.04,40.746872,-74.00821,40.75066386,-74.00176802,member
1161500,tripdata_2,FAA756940B249BDD,electric_bike,"2026-05-14 17:09:25.796","2026-05-14 17:29:44.907","E 26 St & 3 Ave",6089.11,"William St & Pine St",5065.12,40.74069317733043,-73.98160636425018,40.70717936,-74.00887308,member
1162000,tripdata_2,7E5CDCA4891B3FC0,electric_bike,"2026-05-08 13:56:19.201","2026-05-08 14:12:10.322","Cliff St & Fulton St",5065.14,"10 Ave & W 28 St",6459.04,40.70838,-74.00495,40.75066386,-74.00176802,member
1162500,tripdata_2,B66A110A1B9197A4,classic_bike,"2026-05-08 22:03:57.962","2026-05-08 22:14:39.158","W 36 St & 9 Ave",6569.07,"E 31 St & 3 Ave",6239.08,40.75462324029105,-73.99516761302948,40.74394314,-73.97966069,member
1163000,tripdata_2,B2CC42CA97EBD781,electric_bike,"2026-05-12 14:40:41.797","2026-05-12 14:48:45.711","S 4 St & Rodney St",5156.05,"Devoe St & Morgan Ave",5282.02,40.70934,-73.95608,40.713811,-73.93515,member
1163500,tripdata_2,609D52B20B7699DA,electric_bike,"2026-05-12 20:24:05.374","2026-05-12 20:30:49.557","E 13 St & 2 Ave",5820.08,"E 31 St & 3 Ave",6239.08,40.73153937464073,-73.9853024482727,40.74394314,-73.97966069,member
1164000,tripdata_2,3678F93116B4FA2A,classic_bike,"2026-05-08 16:49:15.569","2026-05-08 17:10:32.412","10 St & 7 Ave",3762.08,"Flushing Ave & Vanderbilt Ave",4762.05,40.6662078,-73.98199886,40.69795031569544,-73.97077560424805,casual
1164500,tripdata_2,9AAB9F3D1C830E1C,electric_bike,"2026-05-05 16:44:17.349","2026-05-05 16:55:54.610","36 St & 4 Ave",3420.01,"Ovington Ave & 3 Ave",2793.07,40.654144,-74.00422,40.63487,-74.02625,member
1165000,tripdata_2,0119D064EBD5D035,classic_bike,"2026-05-07 20:21:23.113","2026-05-07 20:25:58.025","Washington Pl & 6 Ave",5838.09,"Great Jones St",5636.11,40.73224119,-74.00026394,40.72743423,-73.99379025,member
1165500,tripdata_2,B67611B0D4C617CD,electric_bike,"2026-05-05 12:24:05.246","2026-05-05 12:31:34.701","Murray St & Greenwich St",5288.12,"Reade St & Broadway",5247.1,40.71485150526251,-74.01122331619263,40.71450451,-74.00562789,member
1166000,tripdata_2,3015771F33DEA60E,electric_bike,"2026-05-07 19:44:08.024","2026-05-07 19:53:35.865","Hanson Pl & Ashland Pl",4395.07,"Flushing Ave & Vanderbilt Ave",4762.05,40.68506807308177,-73.97790759801863,40.69795031569544,-73.97077560424805,member
1166500,tripdata_2,3DC51B2368B25CCE,classic_bike,"2026-05-04 08:47:26.873","2026-05-04 08:52:07.018","W 20 St & 8 Ave",6224.05,"10 Ave & W 28 St",6459.04,40.74345335,-74.00004031,40.75066386,-74.00176802,member
1167000,tripdata_2,5C9E41F55A3A2ED4,classic_bike,"2026-05-08 14:10:16.201","2026-05-08 14:38:51.427","Carlton Ave & Greene Ave",4386.07,"Bushwick Ave & Powers St",5250.05,40.685957,-73.971468,40.71247661,-73.94100005,casual
1167500,tripdata_2,8C3CB0FCD7C84E0E,electric_bike,"2026-05-06 08:14:40.261","2026-05-06 08:25:32.949","Grand Army Plaza & Plaza St West",4010.15,"Flushing Ave & Vanderbilt Ave",4762.05,40.6729679,-73.97087984,40.69795031569544,-73.97077560424805,member
1168000,tripdata_2,59C638E7ED9249CB,electric_bike,"2026-05-11 21:04:00.520","2026-05-11 21:12:47.649","E 2 St & Ave A",5553.1,"Reade St & Broadway",5247.1,40.72307749068673,-73.98583620786667,40.71450451,-74.00562789,member
1168500,tripdata_2,7EE9F91436A9A760,electric_bike,"2026-05-10 14:19:47.600","2026-05-10 14:40:51.769","Washington St & Laight St",5509.02,"E 31 St & 3 Ave",6239.08,40.72231,-74.0106,40.74394314,-73.97966069,member
1169000,tripdata_2,43403F995AA11EC1,electric_bike,"2026-05-02 12:31:03.888","2026-05-02 12:39:04.215","Amsterdam Ave & W 189 St",8432.11,"10 Ave & W 207 St",8613.09,40.85318758861975,-73.92715752124786,40.864632,-73.918598,member
1169500,tripdata_2,5A9664BB57D71F16,electric_bike,"2026-05-03 13:38:38.412","2026-05-03 13:53:56.409","Henry St & Grand St",5294.04,"William St & Pine St",5065.12,40.714211,-73.981095,40.70717936,-74.00887308,member
1170000,tripdata_2,D6A5145E548CF3DA,classic_bike,"2026-05-10 07:58:44.703","2026-05-10 08:05:28.954","W 43 St & 10 Ave",6756.01,"10 Ave & W 28 St",6459.04,40.76009437,-73.99461843,40.75066386,-74.00176802,member
1170500,tripdata_2,6B8EFDBA722F7CAC,electric_bike,"2026-05-01 22:41:20.936","2026-05-01 22:45:52.167","W 35 St & 8 Ave",6526.01,"10 Ave & W 28 St",6459.04,40.752762088742045,-73.99280458705107,40.75066386,-74.00176802,member
1171000,tripdata_2,4EB087B2CA282C74,classic_bike,"2026-05-09 16:10:42.534","2026-05-09 16:17:09.548","Amity St & Court St",4488.1,"Smith St & 9 St",4077.04,40.68841885589487,-73.9931417101234,40.6746957,-73.99785768,member
1171500,tripdata_2,E970F7DDA638AC6B,electric_bike,"2026-05-11 20:08:20.767","2026-05-11 20:11:08.247","5 Ave & E 30 St",6248.08,"E 31 St & 3 Ave",6239.08,40.7459849,-73.98629487,40.74394314,-73.97966069,member
1172000,tripdata_2,89A24F2D3CE65D9B,electric_bike,"2026-05-06 11:33:34.222","2026-05-06 11:45:05.222","Prospect Pl & 6 Ave",4166.08,"Lawrence St & Willoughby St",4596.09,40.6793307,-73.97519523,40.69236178,-73.98631746,member
1172500,tripdata_2,A5854FAF589DEAC5,classic_bike,"2026-05-10 11:58:34.748","2026-05-10 12:11:05.915","E 53 St & 3 Ave",6617.02,"E 31 St & 3 Ave",6239.08,40.75763227739443,-73.96930575370789,40.74394314,-73.97966069,member
1173000,tripdata_2,DC2B70677133F6FA,electric_bike,"2026-05-07 22:09:03.355","2026-05-07 22:16:42.413","Bushwick Ave & Powers St",5250.05,"Grand Ave & 55 St",5369.01,40.71247661,-73.94100005,40.71888,-73.91427,member
1173500,tripdata_2,C773EB43D89CDF45,electric_bike,"2026-05-05 13:26:15.046","2026-05-05 13:32:59.071","Columbia St & Degraw St",4422.04,"Lawrence St & Willoughby St",4596.09,40.6859296,-74.00242364,40.69236178,-73.98631746,member
1174000,tripdata_2,C1FD1CA5968811C5,classic_bike,"2026-05-10 16:21:47.341","2026-05-10 16:24:39.521","48 St & 50 Ave",6016.06,"Greenpoint Ave & 47 St",6134.03,40.73737,-73.91803,40.7424,-73.91808,member
1174500,tripdata_2,88F9FE17CCD2633E,electric_bike,"2026-05-10 20:56:17.718","2026-05-10 21:06:34.289","Roebling St & N 4 St",5267.09,"Willoughby Ave & Tompkins Ave",4665.02,40.71469,-73.95739,40.69425403,-73.94626915,member
1175000,tripdata_2,05CBBA997B23D12C,electric_bike,"2026-05-03 12:36:57.508","2026-05-03 12:45:45.327","Suffolk St & Stanton St",5445.02,"Bayard St & Baxter St",5351.03,40.72066442,-73.98517977,40.71602118,-73.99974372,member
1175500,tripdata_2,D2FAD04638F13366,classic_bike,"2026-05-06 05:49:20.873","2026-05-06 06:01:58.838","11 Ave & W 27 St",6425.04,"Spring St & Hudson St",5653.12,40.751396,-74.005226,40.72583996792375,-74.0076532959938,member
1176000,tripdata_2,46A0ADF30A41AC86,electric_bike,"2026-05-08 14:29:25.574","2026-05-08 14:38:34.217","Grand St & Elizabeth St",5382.06,"E 7 St & Ave B",5584.05,40.718822,-73.99596,40.7251285241158,-73.98131668567657,casual
1176500,tripdata_2,2C9CC188B207A6EA,classic_bike,"2026-05-02 12:46:05.595","2026-05-02 13:04:13.889","S 4 St & Wythe Ave",5204.05,"Bayard St & Baxter St",5351.03,40.71285887,-73.96590294,40.71602118,-73.99974372,member
1177000,tripdata_2,C81A3DB0B13E4123,electric_bike,"2026-05-13 08:23:12.373","2026-05-13 08:32:52.149","W 20 St & 11 Ave",6306.07,"Spring St & Hudson St",5653.12,40.746745,-74.007756,40.72583996792375,-74.0076532959938,member
1177500,tripdata_2,20C765C0C7BA7808,classic_bike,"2026-05-08 20:48:14.293","2026-05-08 21:13:03.436","Pier 61 at Chelsea Piers",6233.04,"E 7 St & Ave B",5584.05,40.746872,-74.00821,40.7251285241158,-73.98131668567657,member
1178000,tripdata_2,8702E37B0B045DC7,electric_bike,"2026-05-11 07:58:50.008","2026-05-11 08:09:24.088","E 48 St & 3 Ave",6541.03,"W 41 St & 8 Ave",6602.03,40.7546011026,-73.971878855,40.75640548,-73.9900262,member
1178500,tripdata_2,F11F5F4430B59CFA,electric_bike,"2026-05-01 09:23:12.151","2026-05-01 09:25:15.874","E 55 St & 2 Ave",6650.07,"E 53 St & 3 Ave",6617.02,40.75797322,-73.96603308,40.75763227739443,-73.96930575370789,member
1179000,tripdata_2,14EDF09DA88FB549,electric_bike,"2026-05-09 10:40:15.199","2026-05-09 10:49:47.967","28 St & 41 Ave",6462.19,"46 Ave & 5 St",6286.02,40.751047,-73.93797,40.74731,-73.95451,casual
1179500,tripdata_2,21DE5927404A317A,electric_bike,"2026-05-11 16:30:55.344","2026-05-11 16:42:46.826","Douglass St & 4 Ave",4175.14,"Bridge St & Front St",4968.03,40.6792788,-73.98154004,40.70296934155272,-73.98469090461731,member
1180000,tripdata_2,EC9B553BAE7897B9,electric_bike,"2026-05-05 09:09:54.208","2026-05-05 09:23:19.331","Metropolitan Ave & Bedford Ave",5308.04,"46 Ave & 5 St",6286.02,40.71534825,-73.96024116,40.74731,-73.95451,member
1180500,tripdata_2,BF50C00D9C579312,electric_bike,"2026-05-08 11:33:05.574","2026-05-08 11:39:24.909","Stockholm St & Wilson Ave",4824.03,"Central Ave & Flushing Ave",4947.04,40.699304,-73.923044,40.702831,-73.9333,member
1181000,tripdata_2,0C72A83683316AB5,electric_bike,"2026-05-13 08:43:43.428","2026-05-13 08:54:06.268","Carroll St & Columbia St",4348.07,"Cadman Plaza E & Red Cross Pl",4821.06,40.6830456,-74.00348559,40.69991755,-73.98971773,member
1181500,tripdata_2,78688F5CD2AD27BC,classic_bike,"2026-05-03 00:54:48.949","2026-05-03 00:59:38.728","Davis St & Jackson Ave",6278.05,"46 Ave & 5 St",6286.02,40.745627,-73.945661,40.74731,-73.95451,member
1182000,tripdata_2,96CC2A216C1B9EE8,electric_bike,"2026-05-02 19:42:23.530","2026-05-02 19:52:15.313","Pier 61 at Chelsea Piers",6233.04,"Spring St & Hudson St",5653.12,40.746872,-74.00821,40.72583996792375,-74.0076532959938,casual
1182500,tripdata_2,E3FA275F018D8952,electric_bike,"2026-05-05 21:30:20.034","2026-05-05 21:46:22.200","7 Ave & Central Park South",6912.01,"46 Ave & 5 St",6286.02,40.7667405590595,-73.9790689945221,40.74731,-73.95451,member
1183000,tripdata_2,874955D78A7E25F7,electric_bike,"2026-05-14 19:12:24.924","2026-05-14 19:22:24.694","Featherbed Ln & Nelson Ave",8327.15,"University Ave & Morton Pl",8384.04,40.846011,-73.919637,40.85118155499655,-73.91465058978447,casual
1183500,tripdata_2,EDE19FD7ECC1C300,classic_bike,"2026-05-07 16:59:24.184","2026-05-07 17:05:42.550","10 St & 2 Ave",3922.02,"10 St & 7 Ave",3762.08,40.671907,-73.993612,40.6662078,-73.98199886,member
1184000,tripdata_2,D25D3EB2375553FA,electric_bike,"2026-05-07 20:43:26.358","2026-05-07 20:56:56.301","1 Ave & E 62 St",6753.08,"46 Ave & 5 St",6286.02,40.7612274,-73.96094022,40.74731,-73.95451,member
1184500,tripdata_2,125E5D8A59F5A1D6,electric_bike,"2026-05-04 07:45:56.783","2026-05-04 07:56:24.668","21 St & Queens Plaza North",6471.02,"46 Ave & 5 St",6286.02,40.75325964,-73.94335788,40.74731,-73.95451,member
1185000,tripdata_2,D1B44C18EC93ACE6,electric_bike,"2026-05-07 17:34:14.402","2026-05-07 17:40:53.035","W 56 St & 6 Ave",6809.07,"W 41 St & 8 Ave",6602.03,40.76340613,-73.97722479,40.75640548,-73.9900262,member
1185500,tripdata_2,EF57172B938503F6,electric_bike,"2026-05-13 17:37:22.291","2026-05-13 17:42:58.669","E 46 St & Madison Ave",6551.16,"W 41 St & 8 Ave",6602.03,40.755393,-73.977601,40.75640548,-73.9900262,member
1186000,tripdata_2,065F46B6580ED957,electric_bike,"2026-05-12 17:15:31.805","2026-05-12 17:21:53.440","Halsey St & Tompkins Ave",4319.07,"Albany Ave & Park Pl",3975.02,40.6823687,-73.944118,40.67297,-73.93896,member
1186500,tripdata_2,BB65D4A3AA612163,electric_bike,"2026-05-09 23:13:58.969","2026-05-09 23:27:01.844","E 74 St & 1 Ave",6953.08,"W 41 St & 8 Ave",6602.03,40.7689738,-73.95482273,40.75640548,-73.9900262,member
1187000,tripdata_2,6C0812A1AD03DB8E,electric_bike,"2026-05-14 10:39:25.306","2026-05-14 11:07:23.009","Bus Slip & State St",4889.06,"Cadman Plaza E & Red Cross Pl",4821.06,40.701907,-74.013942,40.69991755,-73.98971773,casual
1187500,tripdata_2,78D4609819010394,electric_bike,"2026-05-07 18:45:14.537","2026-05-07 18:59:08.301","W 10 St & Washington St",5847.06,"W 41 St & 8 Ave",6602.03,40.73342399437081,-74.00851495563984,40.75640548,-73.9900262,member
1188000,tripdata_2,F821732C8B47DD4A,electric_bike,"2026-05-13 09:12:15.337","2026-05-13 09:26:02.786","South St & Gouverneur Ln",4953.04,"Bridge St & Front St",4968.03,40.70355377,-74.00670227,40.70296934155272,-73.98469090461731,member
1188500,tripdata_2,B63C8E0A40E35E06,electric_bike,"2026-05-11 09:27:31.749","2026-05-11 09:34:47.884","Nevins St & Schermerhorn St",4437.09,"Cadman Plaza E & Red Cross Pl",4821.06,40.68737247650719,-73.98176059126854,40.69991755,-73.98971773,member
1189000,tripdata_2,F3F7408034CE8DD7,electric_bike,"2026-05-10 14:27:52.060","2026-05-10 14:44:35.452","Pearl St & Hanover Square",4993.02,"E 7 St & Ave B",5584.05,40.7047177,-74.00926027,40.7251285241158,-73.98131668567657,member
1189500,tripdata_2,260A7E78B3204C1F,electric_bike,"2026-05-03 20:52:04.900","2026-05-03 21:18:11.642","Nassau Ave & Russell St",5581.01,"Maple St & New York Ave",3617.02,40.72557,-73.94434,40.66104,-73.94795,member
1190000,tripdata_2,28BDCEF2FC79CB76,electric_bike,"2026-05-01 19:18:40.309","2026-05-01 20:08:32.271","W 15 St & 7 Ave",6030.06,"Bayard St & Baxter St",5351.03,40.73935542,-73.99931783,40.71602118,-73.99974372,casual
1190500,tripdata_2,DE8715098E965A72,electric_bike,"2026-05-02 20:38:57.515","2026-05-02 20:42:33.583","Maple St & Flatbush Ave",3593.01,"Maple St & New York Ave",3617.02,40.66026,-73.96045,40.66104,-73.94795,member
1191000,tripdata_2,12D382D5C2FB91F9,electric_bike,"2026-05-04 20:20:32.138","2026-05-04 20:35:10.082","10 St & 7 Ave",3762.08,"Maple St & New York Ave",3617.02,40.6662078,-73.98199886,40.66104,-73.94795,casual
1191500,tripdata_2,0276D419E52DDAA3,electric_bike,"2026-05-10 21:11:06.386","2026-05-10 21:28:13.900","N 10 St & Berry St",5450.01,"Willoughby Ave & Tompkins Ave",4665.02,40.720253,-73.957082,40.69425403,-73.94626915,member
1192000,tripdata_2,4EE10158D5C2F101,electric_bike,"2026-05-02 15:41:03.174","2026-05-02 16:31:50.424","Kingsland Ave & Nassau Ave",5613.04,"Dwight St & Dikeman St",4054.06,40.72577,-73.94173,40.67487503856169,-74.01048018571481,member
1192500,tripdata_2,05DD3B40F1CAECD8,classic_bike,"2026-05-12 18:20:42.481","2026-05-12 18:54:04.095","Warren St & W Broadway",5288.09,"10 St & 7 Ave",3762.08,40.71473993,-74.00910627,40.6662078,-73.98199886,member
1193000,tripdata_2,27328B1F34750BC2,electric_bike,"2026-05-05 14:47:51.094","2026-05-05 15:02:19.602","Clinton St & Tillary St",4748.07,"Bridge St & Front St",4968.03,40.69623297129315,-73.99142056703568,40.70296934155272,-73.98469090461731,member
1193500,tripdata_2,07A1D9D8D99A1DD1,electric_bike,"2026-05-11 15:17:37.537","2026-05-11 15:56:05.680","E 21 St & Church Ave",3294.03,"7 Ave & 62 St",2821.05,40.65007,-73.96001,40.63556,-74.01298,casual
1194000,tripdata_2,5CC6D9488431EE19,electric_bike,"2026-05-01 17:29:48.789","2026-05-01 18:00:32.594","W 24 St & 7 Ave",6257.03,"Broadway & W 138 St",7942.07,40.74487634,-73.99529885,40.82182,-73.95353,member
1194500,tripdata_2,65B54E436920CE0F,electric_bike,"2026-05-12 05:56:04.512","2026-05-12 06:07:38.397","Ave A & E 11 St",5703.13,"E 53 St & 3 Ave",6617.02,40.72854745023944,-73.98175925016403,40.75763227739443,-73.96930575370789,member
1195000,tripdata_2,BC9D551A9C5AD6FC,electric_bike,"2026-05-10 21:35:05.572","2026-05-10 21:46:36.057","Wadsworth Ave & W 175 St",8299.03,"Broadway & W 138 St",7942.07,40.846052,-73.937648,40.82182,-73.95353,casual
1195500,tripdata_2,21620ADE19C290AF,electric_bike,"2026-05-08 12:09:34.675","2026-05-08 12:18:22.320","W 15 St & 7 Ave",6030.06,"Spring St & Hudson St",5653.12,40.73935542,-73.99931783,40.72583996792375,-74.0076532959938,member
1196000,tripdata_2,8B48DF9CCE938731,electric_bike,"2026-05-05 06:03:49.010","2026-05-05 06:36:56.769","Halsey St & Tompkins Ave",4319.07,"Spring St & Hudson St",5653.12,40.6823687,-73.944118,40.72583996792375,-74.0076532959938,member
1196500,tripdata_2,0B5C567802513653,classic_bike,"2026-05-14 09:20:00.141","2026-05-14 09:31:03.933","7 Ave S & Bleecker St",5805.07,"Bayard St & Baxter St",5351.03,40.73213896287381,-74.00363802909851,40.71602118,-73.99974372,member
1197000,tripdata_2,38E67B93DAD20CA2,electric_bike,"2026-05-04 19:44:14.966","2026-05-04 19:51:54.756","Putnam Ave & Nostrand Ave",4327.09,"Albany Ave & Park Pl",3975.02,40.68402,-73.94977,40.67297,-73.93896,member
1197500,tripdata_2,CBBC1E919A01517E,classic_bike,"2026-05-12 19:40:28.774","2026-05-12 19:52:39.497","Douglass St & 3 Ave",4217.02,"10 St & 7 Ave",3762.08,40.6802133,-73.98432695,40.6662078,-73.98199886,casual
1198000,tripdata_2,B5A7E143F9E325F2,electric_bike,"2026-05-03 15:45:52.525","2026-05-03 15:57:34.546","E 44 St & 2 Ave",6422.09,"W 41 St & 8 Ave",6602.03,40.75118387463277,-73.97138714790344,40.75640548,-73.9900262,casual
1198500,tripdata_2,76871025A4A23EFE,electric_bike,"2026-05-05 18:50:41.315","2026-05-05 19:00:35.314","Allen St & Rivington St",5414.06,"Roebling St & N 4 St",5267.09,40.72019576,-73.98997825,40.71469,-73.95739,member
1199000,tripdata_2,57F02DB4466E155E,electric_bike,"2026-05-02 18:22:47.824","2026-05-02 18:33:02.680","Broad St & Bridge St",4962.08,"Spring St & Hudson St",5653.12,40.70365182,-74.01167797,40.72583996792375,-74.0076532959938,member
1199500,tripdata_2,D70ED715891ADFFF,classic_bike,"2026-05-13 17:53:14.699","2026-05-13 18:22:50.072","Grand Concourse & E 161 St",8021.11,"Broadway & W 220 St",8715.01,40.82713380423556,-73.9227358996868,40.872412,-73.912807,member
1200000,tripdata_2,29893275AB9D1B54,electric_bike,"2026-05-11 19:06:39.975","2026-05-11 19:09:43.274","Eastern Pkwy & Brooklyn Ave",3871.02,"Lefferts Ave & Albany Ave",3719.02,40.66939,-73.94514,40.66288,-73.94019,member
1200500,tripdata_2,3A8FC527D46B03CE,electric_bike,"2026-05-09 01:40:37.005","2026-05-09 01:44:03.386","E 6 St & 2 Ave",5669.12,"E 7 St & Ave B",5584.05,40.727378693232225,-73.98840844631195,40.7251285241158,-73.98131668567657,casual
1201000,tripdata_2,ADFC88EB067F620A,electric_bike,"2026-05-14 16:31:28.058","2026-05-14 16:41:25.189","Allen St & Stanton St",5484.09,"Cadman Plaza E & Red Cross Pl",4821.06,40.722055,-73.989111,40.69991755,-73.98971773,member
1201500,tripdata_2,9AF3160C9538DEA3,electric_bike,"2026-05-01 18:01:34.108","2026-05-01 18:10:04.546","Bleecker St & Crosby St",5679.08,"Bayard St & Baxter St",5351.03,40.72615604980408,-73.99510189890862,40.71602118,-73.99974372,member
1202000,tripdata_2,36A734003C8EA2AC,electric_bike,"2026-05-13 16:41:37.597","2026-05-13 16:44:27.918","45 Ave & 21 St",6319.07,"46 Ave & 5 St",6286.02,40.74737075646803,-73.94777297973631,40.74731,-73.95451,member
1202500,tripdata_2,8B7D13F870045BA1,classic_bike,"2026-05-05 16:58:46.227","2026-05-05 17:03:08.362","E 10 St & 2 Ave",5746.02,"E 7 St & Ave B",5584.05,40.72970805644994,-73.9865979552269,40.7251285241158,-73.98131668567657,member
1203000,tripdata_2,C49853D40B7E3BFA,classic_bike,"2026-05-07 17:05:44.146","2026-05-07 17:33:50.316","E 9 St & Ave C",5616.01,"W 41 St & 8 Ave",6602.03,40.72521311,-73.97768752,40.75640548,-73.9900262,casual
1203500,tripdata_2,5695E2160F8476A9,classic_bike,"2026-05-14 18:44:50.623","2026-05-14 18:46:43.289","Sterling St & Nostrand Ave",3657.06,"Maple St & New York Ave",3617.02,40.66318,-73.95076,40.66104,-73.94795,member
1204000,tripdata_2,7B86655A1CEEC02A,classic_bike,"2026-05-05 20:15:11.540","2026-05-05 20:17:46.124","Eastern Pkwy & Kingston Ave",3902.06,"Albany Ave & Park Pl",3975.02,40.66959,-73.94237,40.67297,-73.93896,member
1204500,tripdata_2,1757BAB0C8C2256F,electric_bike,"2026-05-07 16:59:10.386","2026-05-07 17:09:31.368","8 Ave & W 52 St",6816.07,"8 Ave & W 33 St",6450.12,40.76370739,-73.9851615,40.75156757136795,-73.99376901480953,member
1205000,tripdata_2,307504827BA20B65,electric_bike,"2026-05-06 12:11:13.973","2026-05-06 12:15:57.769","W 34 St & Hudson Blvd E",6535.04,"8 Ave & W 33 St",6450.12,40.75516719072139,-74.00059908628464,40.75156757136795,-73.99376901480953,member
1205500,tripdata_2,8147B9545BB615CE,electric_bike,"2026-05-08 08:22:42.342","2026-05-08 08:29:20.092","E 27 St & 1 Ave",6004.06,"8 Ave & W 33 St",6450.12,40.739445,-73.976806,40.75156757136795,-73.99376901480953,casual
1206000,tripdata_2,0644EA6DDB4BC7F0,electric_bike,"2026-05-02 06:41:07.940","2026-05-02 06:59:42.824","Greene Ave & Myrtle Ave",4784.02,"Classon Ave & St Marks Ave",4074.14,40.698568,-73.918877,40.676513,-73.959431,member
1206500,tripdata_2,3B3067646092375D,electric_bike,"2026-05-14 14:45:46.537","2026-05-14 14:54:48.779","Boston Rd & E 178 St",8248.05,"E Tremont Ave & Jerome Ave",8403.02,40.84096,-73.87923,40.851747,-73.908964,member
1207000,tripdata_2,4DEA531E868C9878,classic_bike,"2026-05-05 19:25:05.618","2026-05-05 19:41:23.683","Hancock St & Bedford Ave",4255.05,"DeKalb Ave & Hudson Ave",4513.06,40.68216564,-73.95399026,40.689888,-73.981013,casual
1207500,tripdata_2,AC1F21E58FC6E50B,classic_bike,"2026-05-12 08:51:19.166","2026-05-12 09:18:54.640","Grand St & Samuel Dickstein Plaza",5335.07,"Metropolitan Ave & Stewart Ave",5273.01,40.71511871996496,-73.98417055606842,40.71401,-73.92793,member
1208000,tripdata_2,D27FF2975905FFFB,classic_bike,"2026-05-05 18:14:02.139","2026-05-05 18:17:25.219","Eastern Pkwy & Franklin Ave (NE Corner)",3919.07,"Classon Ave & St Marks Ave",4074.14,40.6707767,-73.9576801,40.676513,-73.959431,member
1208500,tripdata_2,8FEC873774DDC24A,electric_bike,"2026-05-01 19:31:21.829","2026-05-01 19:36:42.238","Douglass St & 4 Ave",4175.14,"Degraw St & Smith St",4298.05,40.6792788,-73.98154004,40.6829151,-73.99318208,member
1209000,tripdata_2,C7D226CC7D53A53C,electric_bike,"2026-05-01 08:42:54.978","2026-05-01 08:47:03.849","Bergen St & Vanderbilt Ave",4157.1,"Classon Ave & St Marks Ave",4074.14,40.6794388,-73.9680438,40.676513,-73.959431,member
1209500,tripdata_2,69679C4E874273DE,electric_bike,"2026-05-09 10:59:40.117","2026-05-09 11:05:16.674","W 21 St & 6 Ave",6140.05,"8 Ave & W 33 St",6450.12,40.74173969,-73.99415556,40.75156757136795,-73.99376901480953,member
1210000,tripdata_2,D0FE68D9F946C9A0,classic_bike,"2026-05-11 23:01:47.487","2026-05-11 23:18:13.245","Broadway & E 14 St",5905.12,"8 Ave & W 33 St",6450.12,40.73454567,-73.99074142,40.75156757136795,-73.99376901480953,member
1210500,tripdata_2,F5489210C3C170AC,electric_bike,"2026-05-07 08:45:07.376","2026-05-07 08:55:09.262","Park Ave & Marcus Garvey Blvd",4768.02,"Metropolitan Ave & Stewart Ave",5273.01,40.698617,-73.941342,40.71401,-73.92793,member
1211000,tripdata_2,A7E69F95E98E4BDD,electric_bike,"2026-05-11 23:11:10.827","2026-05-11 23:31:54.689","E 76 St & Park Ave",7128.08,"8 Ave & W 33 St",6450.12,40.773763,-73.96222088,40.75156757136795,-73.99376901480953,casual
1211500,tripdata_2,D35EE0BD2EA6B9A7,electric_bike,"2026-05-08 16:08:40.038","2026-05-08 16:21:40.800","Ash St & Manhattan Ave",6019.04,"Leonard St & Maujer St",5148.03,40.738095,-73.954867,40.7103685423523,-73.94705951213837,member
1212000,tripdata_2,805E6DF7A7225FE9,electric_bike,"2026-05-05 19:26:34.906","2026-05-05 19:29:46.081","Frost St & Meeker Ave",5371.07,"Leonard St & Maujer St",5148.03,40.71766197083994,-73.94880026578903,40.7103685423523,-73.94705951213837,member
1212500,tripdata_2,7002946E4930E6A6,classic_bike,"2026-05-06 08:35:07.544","2026-05-06 08:37:03.669","Butler St & Court St",4339.01,"Degraw St & Smith St",4298.05,40.6849894,-73.99440329,40.6829151,-73.99318208,casual
1213000,tripdata_2,0BCAF53BDC48DED6,classic_bike,"2026-05-12 15:32:34.878","2026-05-12 15:34:42.411","Clinton St & Union St",4266.03,"Degraw St & Smith St",4298.05,40.6831164,-73.99785267,40.6829151,-73.99318208,member
1213500,tripdata_2,E9FCF756691B7225,electric_bike,"2026-05-11 19:19:13.825","2026-05-11 19:26:18.963","DeKalb Ave & Vanderbilt Ave",4461.04,"Classon Ave & St Marks Ave",4074.14,40.68940747,-73.96885458,40.676513,-73.959431,casual
1214000,tripdata_2,31AC0F3E01CCCF28,electric_bike,"2026-05-07 11:25:27.637","2026-05-07 11:35:47.676","Lefferts Pl & Franklin Ave",4222.02,"DeKalb Ave & Hudson Ave",4513.06,40.680342423,-73.9557689392,40.689888,-73.981013,member
1214500,tripdata_2,2AD4CE91C8C8CFAD,electric_bike,"2026-05-11 18:52:09.412","2026-05-11 19:00:12.266","W 24 St & 7 Ave",6257.03,"Thompson St & Bleecker St",5721.07,40.74487634,-73.99529885,40.72840059450829,-73.99968780577183,member
1215000,tripdata_2,ED6239CC69E787D9,electric_bike,"2026-05-13 11:18:35.335","2026-05-13 11:23:20.931","E 15 St & 5 Ave",5947.06,"Thompson St & Bleecker St",5721.07,40.736592,-73.992949,40.72840059450829,-73.99968780577183,member
1215500,tripdata_2,8CF8EB77CA3AA319,electric_bike,"2026-05-12 16:52:44.503","2026-05-12 17:15:00.703","10 Ave & W 28 St",6459.04,"W 82 St & Central Park W",7304.08,40.75066386,-74.00176802,40.78275,-73.97137,member
1216000,tripdata_2,700BEB641EFB60C9,electric_bike,"2026-05-13 14:07:08.334","2026-05-13 14:21:51.414","7 Ave S & Bleecker St",5805.07,"Thompson St & Bleecker St",5721.07,40.73213896287381,-74.00363802909851,40.72840059450829,-73.99968780577183,casual
1216500,tripdata_2,B726FA36E4492F45,electric_bike,"2026-05-08 10:20:56.266","2026-05-08 10:24:02.649","Gerard Ave & McClellan St",8145.03,"Sherman Ave & E 166 St",8072.06,40.833909,-73.92112,40.83130549267296,-73.91744792461395,member
1217000,tripdata_2,32159D9AC9ED6396,electric_bike,"2026-05-11 21:59:50.866","2026-05-11 22:04:38.422","Thompson St & Bleecker St",5721.07,"Thompson St & Bleecker St",5721.07,40.72840059450829,-73.99968780577183,40.72840059450829,-73.99968780577183,member
1217500,tripdata_2,399D4E089437EEC4,electric_bike,"2026-05-04 10:19:35.117","2026-05-04 10:36:23.800","Park Ave & E 42 St",6432.09,"Thompson St & Bleecker St",5721.07,40.751873,-73.977706,40.72840059450829,-73.99968780577183,member
1218000,tripdata_2,AA9DB69A1718DD2E,electric_bike,"2026-05-10 15:13:45.144","2026-05-10 15:25:10.280","Main St & Plymouth St",4936.21,"Degraw St & Smith St",4298.05,40.703781673548306,-73.99073392152786,40.6829151,-73.99318208,member
1218500,tripdata_2,EE318BFCE2BFEC87,electric_bike,"2026-05-11 20:14:26.471","2026-05-11 20:17:00.410","W 84 St & Columbus Ave",7382.04,"W 82 St & Central Park W",7304.08,40.78499979,-73.97283406,40.78275,-73.97137,member
1219000,tripdata_2,5C6A3A19C9A851DB,electric_bike,"2026-05-14 16:25:33.566","2026-05-14 17:10:07.395","Johnson St & Gold St",4668.08,"W 82 St & Central Park W",7304.08,40.69474881,-73.98362464,40.78275,-73.97137,member
1219500,tripdata_2,10F974558D0A3052,electric_bike,"2026-05-14 18:18:08.199","2026-05-14 18:37:46.081","W 55 St & 6 Ave",6809.09,"Thompson St & Bleecker St",5721.07,40.763189,-73.978434,40.72840059450829,-73.99968780577183,member
1220000,tripdata_2,EB4CD62D08E04884,electric_bike,"2026-05-12 13:15:39.255","2026-05-12 13:30:56.538","1 Ave & E 30 St",6079.03,"8 Ave & W 33 St",6450.12,40.74144387,-73.97536082,40.75156757136795,-73.99376901480953,member
1220500,tripdata_2,370F14FC2C274A36,electric_bike,"2026-05-02 08:09:29.677","2026-05-02 08:11:58.504","43 St & 50 Ave",5983.04,"39 St & 50 Ave",6025.08,40.73787237950538,-73.92264068126678,40.73824937345944,-73.92737478017807,casual
1221000,tripdata_2,B0C9A7F1E2AA905F,classic_bike,"2026-05-02 09:43:37.167","2026-05-02 10:28:44.548","Amsterdam Ave & W 73 St",7260.09,"5 Ave & E 103 St",7511.19,40.77966809007312,-73.98093044757842,40.7922553,-73.95249933,casual
1221500,tripdata_2,4B2C8724F2581493,electric_bike,"2026-05-11 19:55:47.387","2026-05-11 20:13:17.552","W 21 St & 6 Ave",6140.05,"Orchard St & Grand St",5343.11,40.74173969,-73.99415556,40.717318403855785,-73.99067759513855,member
1222000,tripdata_2,9BE8B21DD2C71CB7,electric_bike,"2026-05-03 12:54:38.720","2026-05-03 13:09:19.441","5 Ave & E 72 St",7100.07,"5 Ave & E 103 St",7511.19,40.77282817,-73.96685276,40.7922553,-73.95249933,casual
1222500,tripdata_2,B017EE5CCEABDEDE,electric_bike,"2026-05-02 17:26:05.011","2026-05-02 18:01:03.757","Crotona Park North & Prospect Ave",8236.01,"5 Ave & E 103 St",7511.19,40.841092,-73.892317,40.7922553,-73.95249933,casual
1223000,tripdata_2,96B2F22356E69F42,classic_bike,"2026-05-05 11:26:22.218","2026-05-05 11:30:03.299","Berkeley Pl & 7 Ave",4051.01,"Sterling Pl & 5 Ave",4208.01,40.675146838709786,-73.97523209452629,40.678970070475735,-73.97855266928671,member
1223500,tripdata_2,3E5C8BEA146EBBBC,electric_bike,"2026-05-01 15:49:59.417","2026-05-01 15:54:40.216","6 Ave & 9 St",3803.09,"17 St & 5 Ave",3699.07,40.668127,-73.98377641,40.663493,-73.991007,member
1224000,tripdata_2,BF2F425E21E37BE8,electric_bike,"2026-05-03 18:23:28.447","2026-05-03 18:42:41.501","W 92 St & Broadway",7502.01,"Amsterdam Ave & W 156 St",8104.1,40.7921,-73.9739,40.832081,-73.942386,member
1224500,tripdata_2,6C1BE3AD65C02567,electric_bike,"2026-05-08 18:13:53.992","2026-05-08 18:20:42.639","Grand Concourse & E 171 St",8194.06,"3 Ave & E 170 St",8137.06,40.839549,-73.913004,40.834857,-73.903743,member
1225000,tripdata_2,F72F1A339E71FC54,electric_bike,"2026-05-06 19:16:06.440","2026-05-06 19:24:40.003","4 Ave & 3 St",4028.04,"Sterling Pl & 5 Ave",4208.01,40.673746,-73.985649,40.678970070475735,-73.97855266928671,casual
1225500,tripdata_2,2660C2D36BD5B20C,electric_bike,"2026-05-07 09:08:33.341","2026-05-07 09:10:40.734","Madison St & Forest Ave",5025.02,"Greene Ave & Grandview Ave",5106.04,40.70555,-73.90245,40.709697,-73.907856,member
1226000,tripdata_2,7A1F314F3ABFDE8C,classic_bike,"2026-05-06 08:57:58.017","2026-05-06 09:01:22.746","63 St & 5 Ave",2872.02,"53 St & 5 Ave",3129.08,40.63766,-74.01782,40.643371,-74.011884,member
1226500,tripdata_2,2476A48D2A9DE0D9,classic_bike,"2026-05-06 13:59:11.327","2026-05-06 14:02:28.127","Columbia Heights & Cranberry St",4829.01,"Front St & Washington St",4936.01,40.70037867,-73.99548059,40.70255088,-73.98940236,member
1227000,tripdata_2,40EA299A1DFF7B5A,electric_bike,"2026-05-07 08:11:38.018","2026-05-07 08:14:47.375","Lenox Ave & W 111 St",7602.05,"Lexington Ave & E 111 St",7567.06,40.7987859,-73.9523,40.7954121,-73.9441232,member
1227500,tripdata_2,7857505902889CC6,electric_bike,"2026-05-06 16:19:44.409","2026-05-06 16:23:50.152","Montague St & Clinton St",4677.06,"Front St & Washington St",4936.01,40.6942715,-73.9923272,40.70255088,-73.98940236,member
1228000,tripdata_2,582957C66A49DBD4,classic_bike,"2026-05-06 08:03:05.621","2026-05-06 08:09:28.916","29 St & 5 Ave",3523.06,"17 St & 5 Ave",3699.07,40.656986,-73.998194,40.663493,-73.991007,member
1228500,tripdata_2,5EA49DA3C0E7EE50,electric_bike,"2026-05-05 15:16:03.721","2026-05-05 15:26:05.299","E 118 St & 3 Ave",7611.02,"5 Ave & E 103 St",7511.19,40.799139,-73.9389152,40.7922553,-73.95249933,member
1229000,tripdata_2,27AF7673F69C8A9C,classic_bike,"2026-05-03 21:06:43.020","2026-05-03 21:35:03.480","Metropolitan Ave & Bedford Ave",5308.04,"Bushwick Ave & Harman St",4640.01,40.71534825,-73.96024116,40.69356,-73.92524,member
1229500,tripdata_2,7CAD3E7AB3CF277F,electric_bike,"2026-05-08 15:31:28.152","2026-05-08 15:38:04.790","48 St & Skillman Ave",6283.05,"39 St & 50 Ave",6025.08,40.74622874694195,-73.91616314649582,40.73824937345944,-73.92737478017807,casual
1230000,tripdata_2,369ED7DD309B6165,electric_bike,"2026-05-11 17:16:02.681","2026-05-11 17:33:38.155","S 4 St & Roebling St",5195.06,"Front St & Washington St",4936.01,40.710709,-73.959724,40.70255088,-73.98940236,casual
1230500,tripdata_2,0D7C6C86556820FB,electric_bike,"2026-05-12 13:22:09.566","2026-05-12 13:35:24.761","Lexington Ave & E 24 St",6089.07,"Orchard St & Grand St",5343.11,40.74025878,-73.98409214,40.717318403855785,-73.99067759513855,member
1231000,tripdata_2,FA55F2BFDA6E3FB9,electric_bike,"2026-05-07 10:28:14.132","2026-05-07 10:36:43.756","Henry St & Atlantic Ave",4531.05,"Front St & Washington St",4936.01,40.69089272,-73.99612349,40.70255088,-73.98940236,member
1231500,tripdata_2,FB3AF812B9226E6C,electric_bike,"2026-05-13 13:06:06.220","2026-05-13 13:19:38.417","Central Park S & 6 Ave",6876.04,"5 Ave & E 103 St",7511.19,40.76590936,-73.97634151,40.7922553,-73.95249933,member
1232000,tripdata_2,FD316778CB9C6A3B,electric_bike,"2026-05-10 17:50:58.804","2026-05-10 18:25:05.164","24 Ave & 29 St",7119.04,"Jefferson St & Cypress Ave",5082.08,40.7729,-73.916142,40.70907,-73.92157,member
1232500,tripdata_2,F053DE4C6C3D05F1,electric_bike,"2026-05-02 15:44:48.718","2026-05-02 15:58:12.536","DeKalb Ave & Vanderbilt Ave",4461.04,"Bushwick Ave & Harman St",4640.01,40.68940747,-73.96885458,40.69356,-73.92524,member
1233000,tripdata_2,6DC61B96A7A9482C,classic_bike,"2026-05-09 12:21:53.436","2026-05-09 12:24:59.115","50 St & Barnett Ave",6435.03,"34 Ave & 45 St",6596.1,40.750097682094825,-73.91349703073502,40.754795,-73.917014,member
1233500,tripdata_2,E572C717D50E677B,classic_bike,"2026-05-05 21:33:23.458","2026-05-05 21:59:24.710","South St & Whitehall St",4846.01,"Orchard St & Grand St",5343.11,40.70122128,-74.01234218,40.717318403855785,-73.99067759513855,member
1234000,tripdata_2,B3858968CF0109BF,electric_bike,"2026-05-13 07:25:22.611","2026-05-13 07:37:47.270","Bergen St & Vanderbilt Ave",4157.1,"17 St & 5 Ave",3699.07,40.6794388,-73.9680438,40.663493,-73.991007,member
1234500,tripdata_2,691634D1160E3573,electric_bike,"2026-05-09 11:43:33.650","2026-05-09 12:00:34.344","1 Ave & E 30 St",6079.03,"Orchard St & Grand St",5343.11,40.74144387,-73.97536082,40.717318403855785,-73.99067759513855,casual
1235000,tripdata_2,6CCCB6C03A1AC1C2,electric_bike,"2026-05-02 19:44:05.155","2026-05-02 19:59:45.670","DeKalb Ave & Hudson Ave",4513.06,"Orchard St & Grand St",5343.11,40.689888,-73.981013,40.717318403855785,-73.99067759513855,member
1235500,tripdata_2,B3CF1925307EE37C,electric_bike,"2026-05-14 19:34:36.659","2026-05-14 19:37:09.338","40 St & Queens Blvd",6176.11,"39 St & 50 Ave",6025.08,40.743540273428685,-73.92435193061829,40.73824937345944,-73.92737478017807,member
1236000,tripdata_2,A659DC1291DBC4C4,classic_bike,"2026-05-01 21:47:29.764","2026-05-01 21:56:05.790","Central Park W & W 85 St",7354.01,"5 Ave & E 103 St",7511.19,40.78476,-73.969862,40.7922553,-73.95249933,member
1236500,tripdata_2,68593285693AA560,electric_bike,"2026-05-05 11:44:34.073","2026-05-05 11:46:00.898","Lincoln Pl & Classon Ave",3960.01,"Eastern Pkwy & Franklin Ave (NE Corner)",3919.07,40.6721683,-73.9609,40.6707767,-73.9576801,member
1237000,tripdata_2,59B5C3D9A146830D,electric_bike,"2026-05-04 09:00:12.859","2026-05-04 09:07:04.969","Ave A & E 11 St",5703.13,"W 18 St & 6 Ave",6064.08,40.72854745023944,-73.98175925016403,40.73971301,-73.99456405,member
1237500,tripdata_2,E9487905425278C3,electric_bike,"2026-05-10 11:53:52.842","2026-05-10 12:00:26.756","Duane St & Hudson St",5359.12,"Little West St & 1 Pl",5001.08,40.71703,-74.00925,40.70569254,-74.01677685,member
1238000,tripdata_2,36E164FE35D7780B,electric_bike,"2026-05-07 09:56:49.941","2026-05-07 10:05:10.467","Market St & Henry St",5270.09,"Washington Pl & Broadway",5755.01,40.71310702305908,-73.99446353316307,40.72903917,-73.99404649,member
1238500,tripdata_2,7732EFC7B48C1A5D,electric_bike,"2026-05-11 17:57:22.686","2026-05-11 18:05:55.487","N 9 St & Wythe Ave",5489.06,"Scholes St & Manhattan Ave",5108.01,40.72054,-73.959,40.70870368,-73.9448625,casual
1239000,tripdata_2,B5FAC36B0E392759,electric_bike,"2026-05-11 09:26:05.617","2026-05-11 09:38:06.396","E 30 St & Park Ave S",6206.08,"9 Ave & W 18 St",6190.08,40.74444921,-73.98303529,40.74317449,-74.00366443,member
1239500,tripdata_2,36E949A8725C218A,electric_bike,"2026-05-07 07:54:28.254","2026-05-07 07:58:56.530","Broadway & 12 St",6901.01,"Broadway & 31 St",6789.08,40.7668,-73.9347774,40.76194,-73.92513,member
1240000,tripdata_2,4BBEB54E6052B0DA,electric_bike,"2026-05-14 14:57:00.564","2026-05-14 15:02:14.127","Greenwich St & Rector St",5073.08,"Franklin St & W Broadway",5430.08,40.708351,-74.013493,40.71911552,-74.00666661,member
1240500,tripdata_2,DF1F744687217837,classic_bike,"2026-05-08 23:14:30.314","2026-05-08 23:20:26.971","Lefferts Pl & Franklin Ave",4222.02,"Eastern Pkwy & Franklin Ave (NE Corner)",3919.07,40.680342423,-73.9557689392,40.6707767,-73.9576801,casual
1241000,tripdata_2,36B56BF67099B83B,electric_bike,"2026-05-10 15:36:22.365","2026-05-10 15:48:17.735","Cooper Square & Astor Pl",5712.03,"9 Ave & W 18 St",6190.08,40.72951496224949,-73.99075269699097,40.74317449,-74.00366443,member
1241500,tripdata_2,11CCC2B43DD4B25C,electric_bike,"2026-05-03 11:59:07.805","2026-05-03 12:41:11.032","W 116 St & Broadway",7713.11,"9 Ave & W 18 St",6190.08,40.8082,-73.9641,40.74317449,-74.00366443,member
1242000,tripdata_2,27AD3E2EE8406AA8,electric_bike,"2026-05-07 15:50:52.641","2026-05-07 16:02:02.098","E 16 St & 5 Ave",6022.04,"E 4 St & 2 Ave",5593.04,40.73726186,-73.99238967,40.7262807,-73.98978041,casual
1242500,tripdata_2,511740ECD62DAAB0,classic_bike,"2026-05-01 12:14:39.054","2026-05-01 12:22:16.346","E 17 St & 2 Ave",5896.01,"W 18 St & 6 Ave",6064.08,40.73431166276575,-73.98372530937195,40.73971301,-73.99456405,casual
1243000,tripdata_2,1516549B895B22A2,classic_bike,"2026-05-13 07:06:52.217","2026-05-13 07:09:08.249","West Drive & Prospect Park West",3651.04,"Prospect Park West & 8 St",3722.04,40.6610633719006,-73.97945255041122,40.66514681533792,-73.97637605667114,member
1243500,tripdata_2,463D4BD4D92F1E5E,electric_bike,"2026-05-03 21:11:02.833","2026-05-03 21:17:19.302","Kenmare St & Elizabeth St",5453.06,"Washington Pl & Broadway",5755.01,40.72054,-73.9949,40.72903917,-73.99404649,member
1244000,tripdata_2,1E5E78FA9DBC1C7C,electric_bike,"2026-05-12 17:15:44.414","2026-05-12 17:27:22.835","Huron St & Franklin St",5869.04,"Scholes St & Manhattan Ave",5108.01,40.73266,-73.95826,40.70870368,-73.9448625,member
1244500,tripdata_2,28E1F7FDBE2A23F1,classic_bike,"2026-05-01 09:43:32.274","2026-05-01 10:18:33.079","E 74 St & 1 Ave",6953.08,"W 120 St & Claremont Ave",7745.07,40.7689738,-73.95482273,40.8109494,-73.9634,member
1245000,tripdata_2,CE5D67456DC49790,electric_bike,"2026-05-03 16:21:32.659","2026-05-03 16:54:16.489","Mott St & Prince St",5561.04,"Broadway & 31 St",6789.08,40.72317958,-73.99480012,40.76194,-73.92513,member
1245500,tripdata_2,95440AFDFAD944B0,electric_bike,"2026-05-09 08:18:28.934","2026-05-09 09:02:58.913","E 35 St & Madison Ave",6398.08,"W 120 St & Claremont Ave",7745.07,40.74848023448579,-73.98255586624146,40.8109494,-73.9634,member
1246000,tripdata_2,A89C9A06053D77A5,classic_bike,"2026-05-14 18:29:25.008","2026-05-14 18:47:56.769","E 48 St & 3 Ave",6541.03,"East End Ave & E 86 St",7113.08,40.7546011026,-73.971878855,40.77518615,-73.94446054,member
1246500,tripdata_2,7E6DF545858FE19C,electric_bike,"2026-05-01 19:35:12.721","2026-05-01 19:43:56.110","E 7 St & Ave C",5545.01,"Washington Pl & Broadway",5755.01,40.72412944090093,-73.97901266813278,40.72903917,-73.99404649,member
1247000,tripdata_2,314D7AB86F54446A,electric_bike,"2026-05-06 05:40:00.382","2026-05-06 05:42:41.862","Franklin Ave & E 169 St",8118.02,"E 169 St & Fox St",8024.05,40.83169292241844,-73.90210601220633,40.827184,-73.893721,member
1247500,tripdata_2,9A333532F1C23463,electric_bike,"2026-05-04 19:44:03.871","2026-05-04 19:46:29.705","8 Ave & W 24 St",6224.06,"9 Ave & W 18 St",6190.08,40.74591072834279,-73.99807110428809,40.74317449,-74.00366443,member
1248000,tripdata_2,50E95151BBC291C7,electric_bike,"2026-05-01 18:45:59.319","2026-05-01 18:53:38.883","2 Ave & E 31 St",6197.11,"E 4 St & 2 Ave",5593.04,40.74299,-73.97711,40.7262807,-73.98978041,member
1248500,tripdata_2,5638DBA59B386770,electric_bike,"2026-05-13 17:12:27.435","2026-05-13 17:41:51.469","E 33 St & 5 Ave",6322.01,"Little West St & 1 Pl",5001.08,40.74765947,-73.98490707,40.70569254,-74.01677685,member
1249000,tripdata_2,9C7589923845A9B5,electric_bike,"2026-05-13 19:51:28.028","2026-05-13 20:02:13.818","Norfolk St & Broome St",5374.01,"Scholes St & Manhattan Ave",5108.01,40.7172274,-73.98802084,40.70870368,-73.9448625,member
1249500,tripdata_2,D7E20ADA228B624C,classic_bike,"2026-05-01 17:23:02.836","2026-05-01 17:49:47.251","Catherine St & Monroe St",5128.04,"W 18 St & 6 Ave",6064.08,40.71117444,-73.99682619,40.73971301,-73.99456405,member
1250000,tripdata_2,13A1EE6A81310691,electric_bike,"2026-05-05 14:30:28.870","2026-05-05 14:48:20.094","E 45 St & 3 Ave",6464.08,"Greenwich St & W Houston St",5730.08,40.75255434,-73.97282625,40.728846,-74.008591,casual
1250500,tripdata_2,16BA25A8DE1E707C,electric_bike,"2026-05-02 14:59:39.674","2026-05-02 15:35:52.256","E 40 St & Park Ave",6432.11,"W 120 St & Claremont Ave",7745.07,40.750756,-73.978326,40.8109494,-73.9634,member
1251000,tripdata_2,03F8EAC12A11BDAD,electric_bike,"2026-05-13 13:55:15.909","2026-05-13 14:06:32.226","W 15 St & 7 Ave",6030.06,"Greenwich St & W Houston St",5730.08,40.73935542,-73.99931783,40.728846,-74.008591,casual
1251500,tripdata_2,B72E97CB6BEE5DB0,electric_bike,"2026-05-03 17:58:30.388","2026-05-03 18:01:48.519","Morningside Ave & W 123 St",7741.01,"W 120 St & Claremont Ave",7745.07,40.81,-73.9551508,40.8109494,-73.9634,member
1252000,tripdata_2,C07AE294AE71EDA0,electric_bike,"2026-05-04 14:45:52.515","2026-05-04 14:55:10.850","Bleecker St & Crosby St",5679.08,"Washington Pl & Broadway",5755.01,40.72615604980408,-73.99510189890862,40.72903917,-73.99404649,casual
1252500,tripdata_2,1BC80724A1C357FF,classic_bike,"2026-05-06 09:17:25.919","2026-05-06 09:22:13.912","W 21 St & 6 Ave",6140.05,"9 Ave & W 18 St",6190.08,40.74173969,-73.99415556,40.74317449,-74.00366443,member
1253000,tripdata_2,34F2E9A224A0FBFC,electric_bike,"2026-05-13 08:55:52.422","2026-05-13 08:57:52.987","Lafayette Ave & St James Pl",4494.04,"Cambridge Pl & Gates Ave",4377.04,40.68851534,-73.9647628,40.68488,-73.96304,casual
1253500,tripdata_2,C812D33BA044F445,electric_bike,"2026-05-10 18:12:14.893","2026-05-10 18:18:27.171","Frost St & Debevoise Ave",5433.04,"Scholes St & Manhattan Ave",5108.01,40.71882,-73.93948,40.70870368,-73.9448625,member
1254000,tripdata_2,95D7903ACE3CB60A,electric_bike,"2026-05-01 13:26:39.486","2026-05-01 13:35:16.822","39 Ave & 99 St",6380.1,"72 St & Broadway",6258.02,40.74962,-73.86677,40.74751,-73.89372,member
1254500,tripdata_2,C0A663A2284DDDC6,electric_bike,"2026-05-14 17:51:05.051","2026-05-14 18:24:55.263","E 81 St & York Ave",7084.12,"Franklin St & W Broadway",5430.08,40.7728384,-73.94989233,40.71911552,-74.00666661,casual
1255000,tripdata_2,9946C9C029A46BB1,electric_bike,"2026-05-01 10:25:01.395","2026-05-01 10:38:43.647","Queens Blvd & Broadway",5930.02,"Page Pl & Grand Ave",5409.02,40.73672,-73.87728,40.71798,-73.91818,casual
1255500,tripdata_2,4E142F3790DD2A5A,electric_bike,"2026-05-05 19:46:16.775","2026-05-05 19:56:05.078","Greenwich St & W Houston St",5730.08,"9 Ave & W 18 St",6190.08,40.728846,-74.008591,40.74317449,-74.00366443,member
1256000,tripdata_2,37A69888C79EBD12,electric_bike,"2026-05-12 16:45:48.930","2026-05-12 16:49:51.393","Gansevoort St & Hudson St",6072.16,"Greenwich St & W Houston St",5730.08,40.73937600789778,-74.00520807425661,40.728846,-74.008591,member
1256500,tripdata_2,B34678011DCACF6F,classic_bike,"2026-05-02 17:03:25.019","2026-05-02 17:17:40.381","12 Ave & W 40 St",6765.01,"9 Ave & W 18 St",6190.08,40.76087502,-74.00277668,40.74317449,-74.00366443,member
1257000,tripdata_2,F16539966DD27CDF,electric_bike,"2026-05-13 08:19:04.053","2026-05-13 08:25:24.174","Allen St & Hester St",5343.1,"Franklin St & W Broadway",5430.08,40.71606,-73.99191,40.71911552,-74.00666661,member
1257500,tripdata_2,4486F7DC5706E431,electric_bike,"2026-05-13 23:11:55.091","2026-05-13 23:16:24.156","Carroll St & 6 Ave",4019.06,"Prospect Park West & 8 St",3722.04,40.6740886,-73.9787282,40.66514681533792,-73.97637605667114,member
1258000,tripdata_2,B4FD7B79818542F5,electric_bike,"2026-05-11 17:50:14.909","2026-05-11 17:53:36.636","Vernon Blvd & 50 Ave",6170.02,"McGuinness Blvd & Eagle St",5977.01,40.74232744,-73.95411749,40.73555,-73.95284,member
1258500,tripdata_2,CAFEEF0FAB08CF66,electric_bike,"2026-05-09 09:21:48.378","2026-05-09 09:30:47.023","Fulton St & Broadway",5175.08,"E 4 St & 2 Ave",5593.04,40.711066,-74.009447,40.7262807,-73.98978041,member
1259000,tripdata_2,A8D6846DC555CAE2,electric_bike,"2026-05-01 15:45:45.753","2026-05-01 15:50:22.992","6 Ave & 12 St",3803.05,"Prospect Park West & 8 St",3722.04,40.6663181,-73.9854617,40.66514681533792,-73.97637605667114,member
1259500,tripdata_2,93DD2C95133423D0,electric_bike,"2026-05-11 23:45:16.083","2026-05-12 00:10:08.742","W 87 St & Amsterdam Ave",7458.03,"Broadway & 31 St",6789.08,40.78839,-73.9747,40.76194,-73.92513,member
1260000,tripdata_2,03698ED502E92BDD,classic_bike,"2026-05-08 20:36:29.965","2026-05-08 20:41:34.759","Vesey St & West St",5256.06,"Little West St & 1 Pl",5001.08,40.714063,-74.014432,40.70569254,-74.01677685,casual
1260500,tripdata_2,9960BD1C89CD3DCB,electric_bike,"2026-05-01 07:37:27.122","2026-05-01 07:55:35.920","W 70 St & Amsterdam Ave",7207.08,"East End Ave & E 86 St",7113.08,40.77748046,-73.98288594,40.77518615,-73.94446054,member
1261000,tripdata_2,5AE1578D88870572,electric_bike,"2026-05-04 12:46:02.525","2026-05-04 13:23:02.540","Church St & Worth St",5359.13,"Franklin St & W Broadway",5430.08,40.71688538495366,-74.00650128722191,40.71911552,-74.00666661,member
1261500,tripdata_2,EF057EFCBF2BFDBB,electric_bike,"2026-05-01 11:30:03.998","2026-05-01 11:41:49.567","Wilkins Ave & Crotona Park E",8167.02,"Brook Ave & E 157 St",7935.07,40.835302,-73.895133,40.820713,-73.911759,member
1262000,tripdata_2,1840A688FFAF6757,electric_bike,"2026-05-08 15:40:21.217","2026-05-08 15:45:28.778","W 29 St & 9 Ave",6416.06,"W 18 St & 6 Ave",6064.08,40.7500727,-73.99839279,40.73971301,-73.99456405,member
1262500,tripdata_2,3230571B766C08C3,electric_bike,"2026-05-09 07:12:31.677","2026-05-09 07:14:58.808","34 Ave & 38 St",6638.08,"Broadway & 31 St",6789.08,40.75717,-73.92175,40.76194,-73.92513,casual
1263000,tripdata_2,63B485FCD5618998,classic_bike,"2026-05-12 18:07:25.294","2026-05-12 18:10:05.306","E 17 St & Broadway",5980.1,"W 18 St & 6 Ave",6064.08,40.737006,-73.990134,40.73971301,-73.99456405,member
1263500,tripdata_2,A79809AE70431042,electric_bike,"2026-05-05 18:19:11.207","2026-05-05 18:28:17.229","Market St & Henry St",5270.09,"Washington Pl & Broadway",5755.01,40.71310702305908,-73.99446353316307,40.72903917,-73.99404649,member
1264000,tripdata_2,33A01DA6B4158E9E,classic_bike,"2026-05-08 15:33:52.398","2026-05-08 15:39:57.561","W 24 St & 7 Ave",6257.03,"9 Ave & W 18 St",6190.08,40.74487634,-73.99529885,40.74317449,-74.00366443,member
1264500,tripdata_2,C96D41A240BEEEAF,electric_bike,"2026-05-02 20:15:05.102","2026-05-02 20:24:20.533","Berkeley Pl & 6 Ave",4134.06,"Eastern Pkwy & Franklin Ave (NE Corner)",3919.07,40.6765304,-73.97846879,40.6707767,-73.9576801,member
1265000,tripdata_2,B0CD879E6DA31FBC,electric_bike,"2026-05-04 14:28:56.071","2026-05-04 14:39:24.230","St Nicholas Ave & W 150 St",8013.07,"W 120 St & Claremont Ave",7745.07,40.827212,-73.942722,40.8109494,-73.9634,member
1265500,tripdata_2,08871AEE9565B79B,classic_bike,"2026-05-10 16:40:07.269","2026-05-10 16:48:01.967","Newtown Ave & 23 St",7026.08,"Broadway & 31 St",6789.08,40.7713615,-73.9246145,40.76194,-73.92513,member
1266000,tripdata_2,D48F5C4D2A1B2C2F,electric_bike,"2026-05-12 18:32:26.057","2026-05-12 18:45:21.950","Hudson St & W 13 St",6115.06,"E 4 St & 2 Ave",5593.04,40.74005708567285,-74.0052741765976,40.7262807,-73.98978041,member
1266500,tripdata_2,D19ABD7C678AC635,electric_bike,"2026-05-11 19:13:46.317","2026-05-11 19:32:53.030","Greenpoint Ave & Manhattan Ave",5785.05,"72 St & Broadway",6258.02,40.73026,-73.95394,40.74751,-73.89372,member
1267000,tripdata_2,97CB30D2F499EF28,electric_bike,"2026-05-07 20:53:24.068","2026-05-07 20:59:03.823","Carmine St & 6 Ave",5763.03,"Greenwich St & W Houston St",5730.08,40.73038599,-74.00214988,40.728846,-74.008591,member
1267500,tripdata_2,06AD749C5D5520B1,electric_bike,"2026-05-02 07:55:49.406","2026-05-02 08:03:24.248","E 27 St & Park Ave S",6131.13,"9 Ave & W 18 St",6190.08,40.74275179648995,-73.9847157150507,40.74317449,-74.00366443,member
1268000,tripdata_2,B8354F791070412D,classic_bike,"2026-05-01 20:27:18.108","2026-05-01 20:32:16.538","Grand St & Havemeyer St",5267.08,"Scholes St & Manhattan Ave",5108.01,40.71286844,-73.95698119,40.70870368,-73.9448625,member
1268500,tripdata_2,109144BD15CF01F0,electric_bike,"2026-05-10 18:38:21.307","2026-05-10 18:51:53.917","Lafayette St & Jersey St",5561.06,"Little West St & 1 Pl",5001.08,40.72456089,-73.99565293,40.70569254,-74.01677685,member
1269000,tripdata_2,E9D16E245B16A9AD,electric_bike,"2026-05-08 10:39:26.629","2026-05-08 10:50:14.673","Lexington Ave & E 36 St",6313.1,"E 4 St & 2 Ave",5593.04,40.7475739589548,-73.9788007736206,40.7262807,-73.98978041,member
1269500,tripdata_2,6713BE50DF572DF5,electric_bike,"2026-05-04 08:56:36.289","2026-05-04 08:59:54.128","University Pl & E 14 St",5905.14,"W 18 St & 6 Ave",6064.08,40.734814,-73.992085,40.73971301,-73.99456405,member
1270000,tripdata_2,3794316EA9C6EF9A,classic_bike,"2026-05-10 17:13:16.624","2026-05-10 17:25:49.927","1 Ave & E 38 St",6230.02,"E 4 St & 2 Ave",5593.04,40.746202,-73.971822,40.7262807,-73.98978041,member
1270500,tripdata_2,E532334DC6164966,classic_bike,"2026-05-03 00:28:05.604","2026-05-03 00:37:46.999","W 53 St & 10 Ave",6890.01,"W 30 St & 10 Ave",6459.07,40.76669671,-73.99061728,40.752694,-74.002353,member
1271000,tripdata_2,CD13B9B65DA6E049,classic_bike,"2026-05-06 09:30:35.516","2026-05-06 09:32:59.519","E 77 St & 3 Ave",7092.06,"E 76 St & Park Ave",7128.08,40.77314236,-73.95856158,40.773763,-73.96222088,member
1271500,tripdata_2,77E02FC3DEEE152E,classic_bike,"2026-05-03 01:09:37.899","2026-05-03 01:21:16.959","Centre St & Chambers St",5207.01,"River Ter & Warren St",5368.03,40.71273266,-74.0046073,40.71759894980997,-74.01587963104248,member
1272000,tripdata_2,87E8D3A8AE50A207,classic_bike,"2026-05-11 21:30:18.443","2026-05-11 21:34:36.535","West Thames St",5114.06,"River Ter & Warren St",5368.03,40.70834698,-74.01713445,40.71759894980997,-74.01587963104248,member
1272500,tripdata_2,659D65D82777A571,classic_bike,"2026-05-08 11:49:54.945","2026-05-08 11:57:42.941","W 17 St & 8 Ave",6148.02,"W 30 St & 10 Ave",6459.07,40.74177603,-74.00149746,40.752694,-74.002353,casual
1273000,tripdata_2,1263F07A01ECEBEA,electric_bike,"2026-05-05 22:28:06.192","2026-05-06 00:32:11.723","Lenox Rd & E 43 St",3495.08,"Lenox Rd & E 43 St",3495.08,40.65496,-73.93765,40.65496,-73.93765,member
1273500,tripdata_2,F10DC1B68285A36B,electric_bike,"2026-05-05 18:40:47.519","2026-05-05 18:55:05.488","W 43 St & 10 Ave",6756.01,"W 63 St & Broadway",7052.01,40.76009437,-73.99461843,40.77163851,-73.98261428,member
1274000,tripdata_2,927413CADA7440F9,electric_bike,"2026-05-14 09:47:22.931","2026-05-14 10:24:27.314","51 St & Queens Blvd",6167.03,"Montague St & Clinton St",4677.06,40.7429,-73.91395,40.6942715,-73.9923272,member
1274500,tripdata_2,A4D31E800C186C57,classic_bike,"2026-05-08 15:41:25.738","2026-05-08 15:49:29.091","Ave D & E 3 St",5436.09,"Ave D & E 3 St",5436.09,40.72082834,-73.97793172,40.72082834,-73.97793172,member
1275000,tripdata_2,FD677EA319C69D77,electric_bike,"2026-05-01 18:03:11.454","2026-05-01 18:10:14.184","St Nicholas Ave & Manhattan Ave",7723.01,"W 104 St & Amsterdam Ave",7610.13,40.809725,-73.953149,40.799041392882984,-73.96649479866028,member
1275500,tripdata_2,5099F558977D7D9C,electric_bike,"2026-05-13 16:18:33.662","2026-05-13 16:22:12.860","Kane St & Clinton St",4455.11,"Montague St & Clinton St",4677.06,40.6861758,-73.99645295,40.6942715,-73.9923272,member
1276000,tripdata_2,157CEDDE06128925,electric_bike,"2026-05-09 13:35:35.227","2026-05-09 13:40:59.759","Concord St & Bridge St",4781.03,"Montague St & Clinton St",4677.06,40.69766564,-73.98476437,40.6942715,-73.9923272,member
1276500,tripdata_2,C3D9691ABF06940A,electric_bike,"2026-05-01 16:52:17.476","2026-05-01 16:54:25.394","Central Park W & W 103 St",7577.27,"W 104 St & Amsterdam Ave",7610.13,40.79558954105342,-73.96188408136368,40.799041392882984,-73.96649479866028,member
1277000,tripdata_2,9982E906124F8CB0,electric_bike,"2026-05-01 16:39:54.486","2026-05-01 16:45:30.706","Lenox Ave & W 111 St",7602.05,"W 116 St & Amsterdam Ave",7692.11,40.7987859,-73.9523,40.8067581,-73.9607082,member
1277500,tripdata_2,D0D3BBD853671919,electric_bike,"2026-05-09 12:29:44.260","2026-05-09 12:40:54.695","5 Ave & E 135 St",7769.06,"Westchester Ave & Jackson Ave",7853.01,40.812191,-73.937838,40.816124,-73.908116,member
1278000,tripdata_2,ED15A7631BE825C1,classic_bike,"2026-05-14 07:37:32.514","2026-05-14 07:51:20.778","Columbus Ave & W 95 St",7520.07,"E 76 St & Park Ave",7128.08,40.7919557,-73.968087,40.773763,-73.96222088,member
1278500,tripdata_2,F8F9E34B07826A66,electric_bike,"2026-05-03 18:43:11.391","2026-05-03 19:12:40.935","Nagle Ave & Thayer St",8563.06,"W 116 St & Amsterdam Ave",7692.11,40.861382,-73.925591,40.8067581,-73.9607082,member
1279000,tripdata_2,A9BCB83B8D039FD7,electric_bike,"2026-05-14 15:23:54.533","2026-05-14 15:31:53.329","W 45 St & 8 Ave",6676.02,"W 30 St & 10 Ave",6459.07,40.75929124,-73.98859651,40.752694,-74.002353,member
1279500,tripdata_2,FA3ED76F56666ABA,electric_bike,"2026-05-07 20:24:21.918","2026-05-07 20:42:11.927","MacDougal St & Prince St",5687.04,"Montague St & Clinton St",4677.06,40.72710258,-74.00297088,40.6942715,-73.9923272,member
1280000,tripdata_2,740D843400E3290F,classic_bike,"2026-05-02 11:24:13.932","2026-05-02 11:42:22.163","25 Ave & 41 St",6943.07,"30 Ave & 12 St",7034.09,40.767666,-73.910963,40.771717105208275,-73.93159255385399,member
1280500,tripdata_2,307458226844FE7B,electric_bike,"2026-05-09 11:48:34.433","2026-05-09 12:33:23.567","Shore Blvd & Astoria Park",7271.01,"Carmine St & 6 Ave",5763.03,40.77977,-73.923162,40.73038599,-74.00214988,member
1281000,tripdata_2,31215EBF44BCBB9B,classic_bike,"2026-05-12 14:12:32.873","2026-05-12 14:14:57.001","Ave D & E 8 St",5506.1,"Ave D & E 3 St",5436.09,40.72368361,-73.97574813,40.72082834,-73.97793172,member
1281500,tripdata_2,AA9DFD8E2A45067D,electric_bike,"2026-05-13 17:17:56.816","2026-05-13 17:23:54.118","Central Park W & W 72 St",7141.07,"E 76 St & Park Ave",7128.08,40.77579376683666,-73.9762057363987,40.773763,-73.96222088,casual
1282000,tripdata_2,107F42AAD5427EFB,electric_bike,"2026-05-13 15:08:44.841","2026-05-13 15:30:59.379","Allen St & Hester St",5343.1,"W 30 St & 10 Ave",6459.07,40.71606,-73.99191,40.752694,-74.002353,member
1282500,tripdata_2,6AD39910F1E6B3DA,electric_bike,"2026-05-01 13:03:31.254","2026-05-01 13:14:11.675","Central Park W & W 72 St",7141.07,"E 76 St & Park Ave",7128.08,40.77579376683666,-73.9762057363987,40.773763,-73.96222088,casual
1283000,tripdata_2,B87518578C3914D7,classic_bike,"2026-05-01 22:50:33.729","2026-05-01 22:57:46.345","E 6 St & 2 Ave",5669.12,"Carmine St & 6 Ave",5763.03,40.727378693232225,-73.98840844631195,40.73038599,-74.00214988,member
1283500,tripdata_2,C71FD9B9C182B981,electric_bike,"2026-05-08 14:36:37.208","2026-05-08 14:43:47.878","Broadway & W 25 St",6173.08,"W 30 St & 10 Ave",6459.07,40.74286877312112,-73.98918628692627,40.752694,-74.002353,member
1284000,tripdata_2,9F2A55F186148C58,electric_bike,"2026-05-03 03:05:01.016","2026-05-03 03:09:08.020","W 44 St & 11 Ave",6756.05,"W 30 St & 10 Ave",6459.07,40.762009,-73.996975,40.752694,-74.002353,casual
1284500,tripdata_2,5FE0D553CA27025A,electric_bike,"2026-05-04 23:59:56.529","2026-05-05 00:05:04.363","Amsterdam Ave & W 79 St",7311.02,"W 63 St & Broadway",7052.01,40.7829391,-73.9786517,40.77163851,-73.98261428,casual
1285000,tripdata_2,6A4054C82EE81D71,electric_bike,"2026-05-04 18:46:36.265","2026-05-04 18:58:00.544","Jefferson St & Cypress Ave",5082.08,"Wilson Ave & Moffat St",4507.07,40.70907,-73.92157,40.68906,-73.90506,member
1285500,tripdata_2,4FFF1A667296DFC3,electric_bike,"2026-05-03 19:54:49.755","2026-05-03 20:03:09.737","Hudson St & W 13 St",6115.06,"Carmine St & 6 Ave",5763.03,40.74005708567285,-74.0052741765976,40.73038599,-74.00214988,member
1286000,tripdata_2,4859375DB912F675,classic_bike,"2026-05-08 18:35:04.261","2026-05-08 18:42:56.557","W 22 St & 10 Ave",6306.06,"Carmine St & 6 Ave",5763.03,40.74691959,-74.00451887,40.73038599,-74.00214988,member
1286500,tripdata_2,52C0A143F661A8EA,electric_bike,"2026-05-11 18:12:43.593","2026-05-11 18:36:12.424","LaGuardia Pl & W 3 St",5721.14,"W 63 St & Broadway",7052.01,40.72917025,-73.99810231,40.77163851,-73.98261428,member
1287000,tripdata_2,0F7E863D117FF553,classic_bike,"2026-05-06 17:28:55.171","2026-05-06 17:35:32.984","Suffolk St & Stanton St",5445.02,"Ave D & E 3 St",5436.09,40.72066442,-73.98517977,40.72082834,-73.97793172,member
1287500,tripdata_2,3E6C2281F43AB2B7,classic_bike,"2026-05-14 17:08:23.021","2026-05-14 17:11:36.746","Morton St & Greenwich St",5772.05,"Carmine St & 6 Ave",5763.03,40.731135726910246,-74.00815155572697,40.73038599,-74.00214988,member
1288000,tripdata_2,00A2E4DCB11504BB,classic_bike,"2026-05-14 18:16:02.257","2026-05-14 18:25:06.428","W 22 St & 10 Ave",6306.06,"Carmine St & 6 Ave",5763.03,40.74691959,-74.00451887,40.73038599,-74.00214988,member
1288500,tripdata_2,BFCB14E11F513A77,classic_bike,"2026-05-06 18:03:20.523","2026-05-06 18:12:04.861","Bergen St & Vanderbilt Ave",4157.1,"Monroe St & Classon Ave",4336.01,40.6794388,-73.9680438,40.6845683,-73.95881081,member
1289000,tripdata_2,EE5AB238B8B2D064,electric_bike,"2026-05-10 19:51:20.487","2026-05-10 20:00:13.362","Pier 61 at Chelsea Piers",6233.04,"Carmine St & 6 Ave",5763.03,40.746872,-74.00821,40.73038599,-74.00214988,member
1289500,tripdata_2,ECFC5FD0C15FECB6,electric_bike,"2026-05-05 17:48:13.022","2026-05-05 18:01:28.476","Cliff St & Fulton St",5065.14,"Carmine St & 6 Ave",5763.03,40.70838,-74.00495,40.73038599,-74.00214988,member
1290000,tripdata_2,26C3E2BD064A5EC1,electric_bike,"2026-05-03 19:53:16.822","2026-05-03 19:55:39.522","Leonard St & Nassau Ave",5550.09,"Nassau Ave & Russell St",5581.01,40.7239567849954,-73.94984364509583,40.72557,-73.94434,member
1290500,tripdata_2,355DB2C0A0F70500,electric_bike,"2026-05-07 08:31:04.185","2026-05-07 08:44:58.896","1 Ave & E 6 St",5626.15,"W 30 St & 10 Ave",6459.07,40.72633085971696,-73.98616880178452,40.752694,-74.002353,member
1291000,tripdata_2,D1628BE7A043C911,electric_bike,"2026-05-06 19:52:11.046","2026-05-06 20:16:07.935","8 Ave & W 38 St",6526.05,"Carmine St & 6 Ave",5763.03,40.75461,-73.99177,40.73038599,-74.00214988,casual
1291500,tripdata_2,CAA9A30D5305FB01,electric_bike,"2026-05-08 10:53:33.674","2026-05-08 11:09:06.208","8 Ave & W 16 St",6072.11,"Ave D & E 3 St",5436.09,40.740983,-74.001702,40.72082834,-73.97793172,member
1292000,tripdata_2,CEE17DCCCA2BC0B3,classic_bike,"2026-05-08 07:01:50.446","2026-05-08 07:16:44.953","E 118 St & Madison Ave",7640.04,"E 76 St & Park Ave",7128.08,40.8014866,-73.9442507,40.773763,-73.96222088,member
1292500,tripdata_2,608E2617E94855A3,classic_bike,"2026-05-09 11:21:42.559","2026-05-09 11:42:04.265","Pier 40 - Hudson River Park",5696.03,"W 30 St & 10 Ave",6459.07,40.7277140777778,-74.01129573583603,40.752694,-74.002353,casual
1293000,tripdata_2,BCE9F92F1FEE7BD7,electric_bike,"2026-05-09 14:35:16.400","2026-05-09 14:54:24.972","E Houston St & Columbia St",5436.11,"Ave D & E 3 St",5436.09,40.71978635452822,-73.97871628403664,40.72082834,-73.97793172,member
1293500,tripdata_2,9DFBEB3BC595C8E5,electric_bike,"2026-05-08 07:37:27.054","2026-05-08 07:41:25.502","37 St & 24 Ave",6981.16,"31 Ave & 34 St",6819.15,40.7701477,-73.9120938,40.763154,-73.920827,member
1294000,tripdata_2,D143F859BBB04788,classic_bike,"2026-05-02 15:07:14.264","2026-05-02 15:40:35.540","Little West St & 1 Pl",5001.08,"W 30 St & 10 Ave",6459.07,40.70569254,-74.01677685,40.752694,-74.002353,member
1294500,tripdata_2,59E5ED0C3EE3188A,electric_bike,"2026-05-05 15:03:52.171","2026-05-05 15:28:23.504","E 23 St & FDR Dr",5929.07,"Montague St & Clinton St",4677.06,40.736,-73.97605,40.6942715,-73.9923272,member
1295000,tripdata_2,063D882389B2D45F,electric_bike,"2026-05-07 13:19:33.243","2026-05-07 13:51:41.320","Vesey Pl & River Terrace",5297.02,"W 104 St & Amsterdam Ave",7610.13,40.7153379,-74.01658354,40.799041392882984,-73.96649479866028,member
1295500,tripdata_2,F9BA77F863C09596,electric_bike,"2026-05-05 18:48:01.406","2026-05-05 18:54:10.996","38 St & 30 Ave",6850.01,"Ditmars Blvd & 43 St",7039.03,40.764174520197685,-73.91583994030952,40.771203,-73.903865,member
1296000,tripdata_2,9D5708444EC34D73,electric_bike,"2026-05-02 17:04:20.699","2026-05-02 17:13:21.922","10 Ave & W 14 St",6157.04,"River Ter & Warren St",5368.03,40.741981599940225,-74.00831580162048,40.71759894980997,-74.01587963104248,member
1296500,tripdata_2,1B69055CD2790F28,electric_bike,"2026-05-05 10:48:05.441","2026-05-05 10:58:31.792","E 26 St & 3 Ave",6089.11,"Carmine St & 6 Ave",5763.03,40.74069317733043,-73.98160636425018,40.73038599,-74.00214988,member
1297000,tripdata_2,7EB97443D815D2FF,electric_bike,"2026-05-13 15:58:07.494","2026-05-13 16:06:36.773","Lincoln Pl & Nostrand Ave",3952.07,"Putnam Ave & Nostrand Ave",4327.09,40.67077,-73.9507,40.68402,-73.94977,member
1297500,tripdata_2,8158305B6BD3F50C,classic_bike,"2026-05-03 14:48:18.860","2026-05-03 14:54:50.371","St Nicholas Ave & Manhattan Ave",7723.01,"Edgecombe Ave & W 141 St",7915.11,40.809725,-73.953149,40.820681,-73.945144,member
1298000,tripdata_2,415DF5E257C61049,electric_bike,"2026-05-08 08:32:03.906","2026-05-08 08:46:27.638","Cleveland Pl & Spring St",5492.05,"W 30 St & 10 Ave",6459.07,40.722103786686034,-73.99724900722504,40.752694,-74.002353,member
1298500,tripdata_2,2CA57D0BEDC0C44F,electric_bike,"2026-05-13 14:41:28.685","2026-05-13 14:45:28.007","W 54 St & 9 Ave",6920.05,"W 63 St & Broadway",7052.01,40.76604,-73.98737,40.77163851,-73.98261428,member
2097500,tripdata_3,6C63AD740FBA93BC,electric_bike,"2026-05-13 18:04:39.174","2026-05-13 18:12:06.540","Lenox Ave & W 117 St",7655.22,"Pleasant Ave & E 120 St",7579.01,40.8025566,-73.9490782,40.7974772,-73.9311847,member
2098000,tripdata_3,D75FDE597A86E547,classic_bike,"2026-05-01 12:04:51.943","2026-05-01 12:08:47.054","W 42 St & Dyer Ave",6644.07,"W 53 St & 10 Ave",6890.01,40.75898481399634,-73.99379968643188,40.76669671,-73.99061728,member
2098500,tripdata_3,7479EFD01750C43D,electric_bike,"2026-05-06 09:56:04.781","2026-05-06 10:00:50.524","E 82 St & East End Ave",7049.04,"E 81 St & Park Ave",7188.1,40.7724607,-73.9468208,40.77677702,-73.9590097,member
2099000,tripdata_3,AED3CF0C2794B4B5,classic_bike,"2026-05-01 21:22:14.664","2026-05-01 22:03:30.504","E 53 St & Lexington Ave",6617.09,"E 32 St & Park Ave",6280.12,40.75828065,-73.97069431,40.7457121,-73.98194829,member
2099500,tripdata_3,C9C6AC6D72C2E1D4,electric_bike,"2026-05-05 20:27:48.131","2026-05-05 20:39:36.555","6 Ave & W 34 St",6364.1,"W 53 St & 10 Ave",6890.01,40.74964,-73.98805,40.76669671,-73.99061728,member
2100000,tripdata_3,F3BE0B82EDC42DA4,electric_bike,"2026-05-08 17:02:26.672","2026-05-08 17:24:43.208","E 27 St & Park Ave S",6131.13,"W 67 St & Broadway",7116.04,40.74275179648995,-73.9847157150507,40.77492513,-73.98266566,member
2100500,tripdata_3,9558738F6FD5E3A6,electric_bike,"2026-05-08 09:51:20.114","2026-05-08 09:56:03.190","Longfellow Ave & Aldus St",7983.02,"Beck St & Leggett Ave",7807.04,40.82319448542357,-73.88762910982096,40.815077,-73.899939,member
2101000,tripdata_3,F501CCC38B8F4A1A,electric_bike,"2026-05-03 12:30:50.182","2026-05-03 12:31:52.375","Thomas S. Boyland St & Marion St",4253.02,"Thomas S. Boyland St & Fulton St",4138.04,40.6814658848122,-73.91415685415268,40.67854,-73.91367,member
2101500,tripdata_3,9011046767B6C85B,electric_bike,"2026-05-13 12:49:38.275","2026-05-13 12:53:52.118","Mott St & Prince St",5561.04,"MacDougal St & Prince St",5687.04,40.72317958,-73.99480012,40.72710258,-74.00297088,member
2102000,tripdata_3,45F542AB39F14501,electric_bike,"2026-05-03 15:06:04.940","2026-05-03 15:30:03.167","W 43 St & 10 Ave",6756.01,"Madison Ave & E 82 St",7188.13,40.76009437,-73.99461843,40.7781314,-73.96069399,member
2102500,tripdata_3,BC7FF3786CF445EF,electric_bike,"2026-05-02 12:06:55.406","2026-05-02 12:12:55.013","W 51 St & 6 Ave",6740.1,"W 53 St & 10 Ave",6890.01,40.7606597,-73.98042047,40.76669671,-73.99061728,member
2103000,tripdata_3,9F58C9DDB05842AF,classic_bike,"2026-05-14 19:56:14.337","2026-05-14 19:57:38.402","Kent Ave & N 7 St",5489.03,"N 5 St & Northside Piers",5458.02,40.72036775298455,-73.96165072917938,40.719876,-73.963865,member
2103500,tripdata_3,7EA56A55B7E0EB1C,classic_bike,"2026-05-10 12:48:17.302","2026-05-10 12:56:10.775","Montague St & Hicks St",4718.11,"Columbia St & Degraw St",4422.04,40.69522407512035,-73.99598850939152,40.6859296,-74.00242364,casual
2104000,tripdata_3,F80F6E03B97C1897,electric_bike,"2026-05-13 21:33:27.169","2026-05-13 22:01:18.712","W 25 St & 8 Ave",6297.08,"Kent Ave & Grand St",5388.01,40.74649996333341,-73.99732626293645,40.716425,-73.96594,member
2104500,tripdata_3,C35AA018CBB7B070,classic_bike,"2026-05-12 13:06:27.074","2026-05-12 13:34:42.221","Main St & Plymouth St",4936.21,"Kent Ave & Grand St",5388.01,40.703781673548306,-73.99073392152786,40.716425,-73.96594,casual
2105000,tripdata_3,4219BE4314E218B6,electric_bike,"2026-05-12 12:37:59.265","2026-05-12 12:43:05.709","E 161 St & River Ave",8041.07,"Lenox Ave & W 144 St",7910.01,40.827883,-73.927111,40.819783,-73.936521,member
2105500,tripdata_3,F790F8060AABED1B,electric_bike,"2026-05-13 16:01:05.853","2026-05-13 16:20:46.946","Carlton Ave & Dean St",4199.12,"Caton Ave & E 10 St",3230.01,40.6809741,-73.9710097,40.648481,-73.97058,member
2106000,tripdata_3,DA71572DCD8BF81E,electric_bike,"2026-05-02 09:48:05.639","2026-05-02 09:55:26.211","Greene Ave & Nostrand Ave",4519.02,"Franklin Ave & St Marks Ave",4107.05,40.6883337,-73.950916,40.6758324,-73.9561677,member
2106500,tripdata_3,46B3CEEAABF0F6A2,classic_bike,"2026-05-12 07:55:43.016","2026-05-12 08:11:10.580","W 29 St & 9 Ave",6416.06,"Harrison St & Hudson St",5400.05,40.7500727,-73.99839279,40.71870987,-74.0090009,member
2107000,tripdata_3,1389A63240CD6987,electric_bike,"2026-05-13 19:49:20.649","2026-05-13 19:55:33.249","Allen St & Stanton St",5484.09,"MacDougal St & Prince St",5687.04,40.722055,-73.989111,40.72710258,-74.00297088,member
2107500,tripdata_3,D74E282667E20A7A,electric_bike,"2026-05-05 18:00:37.665","2026-05-05 18:05:20.750","Broadway & W 58 St",6948.1,"W 53 St & 10 Ave",6890.01,40.76695317,-73.98169333,40.76669671,-73.99061728,casual
2108000,tripdata_3,ECF06988DD3417A1,electric_bike,"2026-05-01 18:52:48.838","2026-05-01 18:55:26.872","Cathedral Pkwy & Broadway",7680.03,"W 107 St & Columbus Ave",7619.05,40.804213,-73.96699104,40.7997568,-73.9621128676,member
2108500,tripdata_3,48815B6FD4FB3455,electric_bike,"2026-05-14 19:18:39.037","2026-05-14 19:22:15.137","11 Ave & W 59 St",7059.01,"W 67 St & Broadway",7116.04,40.77149671054441,-73.99046033620834,40.77492513,-73.98266566,member
2109000,tripdata_3,0A6CECB3451639DA,classic_bike,"2026-05-08 08:10:32.294","2026-05-08 08:26:20.102","Lincoln Pl & Classon Ave",3960.01,"President St & Nostrand Ave",3839.02,40.6721683,-73.9609,40.66811,-73.9505,member
2109500,tripdata_3,8C2171AC124CEADB,classic_bike,"2026-05-04 05:24:02.825","2026-05-04 05:32:00.767","St Nicholas Ave & W 126 St",7756.1,"W 100 St & Manhattan Ave",7538.14,40.8114323,-73.9518776,40.795,-73.9645,member
2110000,tripdata_3,7B8EAC3197E921C9,classic_bike,"2026-05-10 10:40:17.472","2026-05-10 10:44:11.697","E 68 St & 3 Ave",6896.16,"E 78 St & 2 Ave",7057.07,40.76712840349542,-73.96224617958069,40.7727966,-73.95577801,member
2110500,tripdata_3,302F64B1C8CBBB6C,electric_bike,"2026-05-06 10:38:40.711","2026-05-06 10:44:39.674","W 37 St & 10 Ave",6611.02,"W 40 St & 7 Ave",6560.14,40.75660359,-73.9979009,40.754818,-73.988154,casual
2111000,tripdata_3,D8A999B132733808,electric_bike,"2026-05-02 19:26:33.413","2026-05-02 19:36:02.191","W 27 St & 7 Ave",6257.06,"Greenwich St & Perry St",5922.04,40.74665,-73.99392,40.73498,-74.00697,member
2111500,tripdata_3,AD63817B636321B2,electric_bike,"2026-05-08 17:41:05.605","2026-05-08 18:14:17.015","W 89 St & Columbus Ave",7432.09,"W 100 St & Manhattan Ave",7538.14,40.7882213,-73.97041561,40.795,-73.9645,member
2112000,tripdata_3,6D3BD0BAE0738D3B,electric_bike,"2026-05-09 10:32:46.855","2026-05-09 10:35:53.126","W 106 St & Amsterdam Ave",7634.01,"W 100 St & Manhattan Ave",7538.14,40.8008363,-73.9664492472,40.795,-73.9645,member
2112500,tripdata_3,8E8E6282BAFC24CE,electric_bike,"2026-05-07 17:50:29.790","2026-05-07 17:57:40.139","Kingston Ave & Herkimer St",4205.06,"President St & Nostrand Ave",3839.02,40.67890679,-73.94142771,40.66811,-73.9505,member
2113000,tripdata_3,4EFEAC42F54C92C0,electric_bike,"2026-05-11 15:28:04.877","2026-05-11 15:33:15.272","Macon St & Nostrand Ave",4214.03,"President St & Nostrand Ave",3839.02,40.6809833854,-73.9500479759,40.66811,-73.9505,casual
2113500,tripdata_3,B96923E17A38DEE0,electric_bike,"2026-05-08 07:48:36.301","2026-05-08 07:53:31.164","William St & Pine St",5065.12,"Hudson St & N Moore St",5470.13,40.70717936,-74.00887308,40.719887998,-74.0086269379,member
2114000,tripdata_3,E7185AC732E57D36,electric_bike,"2026-05-14 07:03:54.061","2026-05-14 07:06:10.308","Perry St & Greenwich Ave",5955.12,"Greenwich St & Perry St",5922.04,40.735918,-74.000939,40.73498,-74.00697,member
2114500,tripdata_3,25A876943571C35B,electric_bike,"2026-05-13 11:57:56.136","2026-05-13 12:13:59.917","3 Ave & E 62 St",6830.04,"W 40 St & 7 Ave",6560.14,40.76313,-73.96527,40.754818,-73.988154,member
2115000,tripdata_3,D97B38E53645C72F,electric_bike,"2026-05-02 17:09:34.071","2026-05-02 17:14:33.671","Pier 40 - Hudson River Park",5696.03,"Hudson St & N Moore St",5470.13,40.7277140777778,-74.01129573583603,40.719887998,-74.0086269379,casual
2115500,tripdata_3,EB3ED6BB1E930538,electric_bike,"2026-05-02 12:45:58.126","2026-05-02 13:22:40.984","E 19 St & 3 Ave",5938.01,"Coffey St & Conover St",4137.1,40.73624527,-73.98473765,40.677236,-74.015665,member
2116000,tripdata_3,75A09ADA819CE59D,electric_bike,"2026-05-06 06:49:57.334","2026-05-06 06:58:01.674","E 2 St & Ave B",5515.02,"Greenwich St & Perry St",5922.04,40.72217444,-73.98368779,40.73498,-74.00697,member
2116500,tripdata_3,0366110DC133F403,classic_bike,"2026-05-11 18:19:35.657","2026-05-11 18:28:10.127","1 Ave & E 62 St",6753.08,"E 78 St & 2 Ave",7057.07,40.7612274,-73.96094022,40.7727966,-73.95577801,member
2117000,tripdata_3,39DAC53932630394,electric_bike,"2026-05-04 23:56:09.542","2026-05-05 00:12:30.752","E 2 St & 2 Ave",5593.02,"Ashland Pl & Dekalb Ave",4513.09,40.72502876,-73.99069656,40.690065,-73.978776,member
2117500,tripdata_3,A94E643C88011BDF,electric_bike,"2026-05-14 13:40:38.620","2026-05-14 13:51:44.370","Bridge St & Front St",4968.03,"Ashland Pl & Dekalb Ave",4513.09,40.70296934155272,-73.98469090461731,40.690065,-73.978776,member
2118000,tripdata_3,93B5DE809D35DBB6,electric_bike,"2026-05-01 19:52:33.260","2026-05-01 20:00:57.629","E 58 St & 1 Ave (NE Corner)",6682.03,"E 78 St & 2 Ave",7057.07,40.75892386377695,-73.96226227283478,40.7727966,-73.95577801,member
2118500,tripdata_3,A2C6E07A912BAFF9,electric_bike,"2026-05-01 07:38:47.795","2026-05-01 07:59:06.554","N 5 St & Northside Piers",5458.02,"Hudson St & N Moore St",5470.13,40.719876,-73.963865,40.719887998,-74.0086269379,member
2119000,tripdata_3,C9C388B85393CD8C,classic_bike,"2026-05-12 17:28:45.369","2026-05-12 17:53:55.473","Central Ave & Melrose St",4832.07,"Ashland Pl & Dekalb Ave",4513.09,40.70112,-73.93039,40.690065,-73.978776,member
2119500,tripdata_3,808458F463BB6D0B,electric_bike,"2026-05-10 01:27:07.037","2026-05-10 01:52:26.991","Lenox Ave & W 146 St",7910.1,"Southern Blvd & E 172 St",8129.02,40.821111,-73.935971,40.834124,-73.88955,member
2120000,tripdata_3,D89B75CDB729716B,electric_bike,"2026-05-14 07:10:15.117","2026-05-14 07:17:48.286","Prospect Ave & E 151 St",7830.03,"Southern Blvd & E 172 St",8129.02,40.814232,-73.903927,40.834124,-73.88955,member
2120500,tripdata_3,D99B73EFF8E4CB2C,electric_bike,"2026-05-04 13:21:44.408","2026-05-04 13:27:43.898","Vesey Pl & River Terrace",5297.02,"Hudson St & N Moore St",5470.13,40.7153379,-74.01658354,40.719887998,-74.0086269379,member
2121000,tripdata_3,8791E7E5E08F42E0,electric_bike,"2026-05-01 14:24:53.072","2026-05-01 14:52:50.008","E 77 St & 1 Ave",7020.02,"W 100 St & Manhattan Ave",7538.14,40.77095553869235,-73.95356208096926,40.795,-73.9645,casual
2121500,tripdata_3,96F01C942D9E7DC0,electric_bike,"2026-05-02 15:27:43.906","2026-05-02 15:37:20.433","Clinton St & Centre St",4045.01,"Coffey St & Conover St",4137.1,40.67434,-74.00194698,40.677236,-74.015665,member
2122000,tripdata_3,90F271B8D97D931D,electric_bike,"2026-05-03 19:34:56.558","2026-05-03 19:40:06.738","W 92 St & Broadway",7502.01,"W 100 St & Manhattan Ave",7538.14,40.7921,-73.9739,40.795,-73.9645,member
2122500,tripdata_3,5A79E5358430CCB7,classic_bike,"2026-05-03 20:38:27.140","2026-05-03 20:39:55.765","DeKalb Ave & Hudson Ave",4513.06,"Ashland Pl & Dekalb Ave",4513.09,40.689888,-73.981013,40.690065,-73.978776,member
2123000,tripdata_3,643AF77B9CB5E4AE,electric_bike,"2026-05-05 18:38:02.712","2026-05-05 18:47:23.089","Kent Ave & Grand St",5388.01,"Graham Ave & Conselyea St",5291.05,40.716425,-73.96594,40.715143,-73.944507,member
2123500,tripdata_3,D54F02E9DDC74ECC,electric_bike,"2026-05-13 14:46:59.407","2026-05-13 14:56:40.825","8 Ave & W 55 St",6884.06,"E 75 St & 3 Ave",6991.12,40.765591,-73.983846,40.77112927,-73.95772297,member
2124000,tripdata_3,0164C3B071372769,electric_bike,"2026-05-03 04:32:03.555","2026-05-03 04:36:30.982","35 St & 23 Ave",7047.07,"30 Ave & 41 St",6812.06,40.77301508291382,-73.91119033098221,40.763422,-73.914142,member
2124500,tripdata_3,B9B679A82FFBFA39,classic_bike,"2026-05-06 18:44:48.661","2026-05-06 18:46:36.676","E 78 St & 2 Ave",7057.07,"E 75 St & 3 Ave",6991.12,40.7727966,-73.95577801,40.77112927,-73.95772297,member
2125000,tripdata_3,789B44853742ECA8,electric_bike,"2026-05-10 18:11:07.357","2026-05-10 18:18:16.244","Columbus Ave & W 72 St",7175.05,"E 75 St & 3 Ave",6991.12,40.7770575,-73.97898475,40.77112927,-73.95772297,member
2125500,tripdata_3,3AA58A0A8097C960,electric_bike,"2026-05-12 06:38:01.811","2026-05-12 06:41:44.194","30 Ave & 41 St",6812.06,"Steinway St & Broadway",6711.13,40.763422,-73.914142,40.75905795418586,-73.91897544264793,member
2126000,tripdata_3,B7C23B7005CD2069,classic_bike,"2026-05-13 19:13:04.625","2026-05-13 19:33:48.411","Greene Ave & Nostrand Ave",4519.02,"Jay St & York St",4895.09,40.6883337,-73.950916,40.70140317257725,-73.98672670125961,casual
2126500,tripdata_3,5B772C1D1CC86380,classic_bike,"2026-05-13 18:06:04.171","2026-05-13 18:14:10.012","5 Ave & 3 St",3987.06,"Carroll St & 5 Ave",4060.09,40.6728155,-73.98352355,40.6751622,-73.9814832,member
2127000,tripdata_3,FB643EABEB67C339,classic_bike,"2026-05-14 08:26:58.137","2026-05-14 08:29:44.659","Bayard St & Baxter St",5351.03,"Centre St & Worth St",5279.03,40.71602118,-73.99974372,40.71494807,-74.00234482,member
2127500,tripdata_3,9F37103584D0147C,electric_bike,"2026-05-01 15:58:45.605","2026-05-01 16:21:34.977","E 66 St & Madison Ave",6969.08,"West End Ave & W 94 St",7524.09,40.76800889305947,-73.96845281124115,40.7941654,-73.974124,member
2128000,tripdata_3,ED3686170E71E9CF,classic_bike,"2026-05-14 18:13:21.588","2026-05-14 18:41:25.969","W 39 St & 9 Ave",6644.04,"Centre St & Worth St",5279.03,40.75645824,-73.99372222,40.71494807,-74.00234482,member
2128500,tripdata_3,63E892BA18E98527,electric_bike,"2026-05-05 05:29:25.933","2026-05-05 05:35:57.057","E 74 St & 1 Ave",6953.08,"1 Ave & E 94 St",7286.05,40.7689738,-73.95482273,40.7817212,-73.94594,member
2129000,tripdata_3,A9702F6EDE46BC5A,electric_bike,"2026-05-06 15:19:33.230","2026-05-06 15:35:37.420","Duane St & Hudson St",5359.12,"E 10 St & 5 Ave",5872.08,40.71703,-74.00925,40.73331967,-73.99510132,member
2129500,tripdata_3,5958DB460A2F5763,electric_bike,"2026-05-02 08:43:57.249","2026-05-02 08:56:12.329","Lincoln Rd & Ocean Ave",3633.08,"7 St & 5 Ave",3914.02,40.6605,-73.9626,40.6704922,-73.98541675,member
2130000,tripdata_3,64795CB8930D36DE,electric_bike,"2026-05-09 20:08:41.077","2026-05-09 20:20:37.086","Knickerbocker Ave & George St",4979.07,"Bushwick Ave & Stagg St",5140.06,40.704425,-73.92836,40.709897,-73.94008,member
2130500,tripdata_3,FA0C464FD87545A5,electric_bike,"2026-05-14 09:03:42.865","2026-05-14 09:08:52.668","W 37 St & 5 Ave",6398.06,"Madison Ave & E 51 St",6659.09,40.75038009,-73.98338988,40.75863,-73.97513,member
2131000,tripdata_3,44EDE73820CCD0DC,electric_bike,"2026-05-03 23:03:51.998","2026-05-03 23:18:20.261","Norfolk St & Broome St",5374.01,"Graham Ave & Conselyea St",5291.05,40.7172274,-73.98802084,40.715143,-73.944507,member
2131500,tripdata_3,D338833D18AA5001,classic_bike,"2026-05-05 14:24:26.875","2026-05-05 14:32:33.327","Broadway & W 29 St",6289.06,"E 10 St & 5 Ave",5872.08,40.7462009,-73.98855723,40.73331967,-73.99510132,member
2132000,tripdata_3,0524D9702D23AD52,electric_bike,"2026-05-13 15:51:22.992","2026-05-13 15:59:46.188","Vernon Blvd & 31 Ave",7003.06,"Steinway St & Broadway",6711.13,40.7692475,-73.9354504,40.75905795418586,-73.91897544264793,member
2132500,tripdata_3,153780674A8376F9,classic_bike,"2026-05-14 16:30:01.598","2026-05-14 16:53:57.722","1 Ave & E 44 St",6379.03,"Madison Ave & E 51 St",6659.09,40.75001986,-73.96905301,40.75863,-73.97513,casual
2133000,tripdata_3,2D5C7EC33F9A638D,electric_bike,"2026-05-11 07:12:58.487","2026-05-11 07:27:19.398","Pulaski St & Marcus Garvey Blvd",4656.03,"Jay St & York St",4895.09,40.6933982,-73.939877,40.70140317257725,-73.98672670125961,member
2133500,tripdata_3,5125E0BF8A643835,electric_bike,"2026-05-03 18:06:45.459","2026-05-03 18:22:06.269","Greene St & Prince St",5602.06,"Water St & Gouverneur Ln",4993.15,40.72511734422387,-73.99930492043495,40.70469667894968,-74.00803416967392,member
2134000,tripdata_3,94CCC838FFB9B073,electric_bike,"2026-05-08 16:12:20.417","2026-05-08 16:16:59.923","Garfield Pl & 8 Ave",3978.13,"7 St & 5 Ave",3914.02,40.6711978,-73.97484126,40.6704922,-73.98541675,member
2134500,tripdata_3,C2D3E68D82EFA11F,classic_bike,"2026-05-02 16:17:59.144","2026-05-02 16:28:13.958","Berry St & N 8 St",5379.09,"Graham Ave & Conselyea St",5291.05,40.7190095,-73.95852515,40.715143,-73.944507,member
2135000,tripdata_3,A6D0984492709898,classic_bike,"2026-05-04 16:52:28.046","2026-05-04 16:57:09.382","43 Ave & 47 St",6209.05,"39 Dr & 52 St",6316.05,40.7448062877224,-73.91728967428207,40.74732,-73.91197,member
2135500,tripdata_3,8B22C1FF7202423E,electric_bike,"2026-05-02 04:08:15.883","2026-05-02 04:24:31.641","Myrtle Ave & 65 St",4862.04,"44 St & Greenpoint Ave",6134.13,40.70117,-73.8904,40.741119944681465,-73.92103672027588,member
2136000,tripdata_3,9911CC23DCAC5342,electric_bike,"2026-05-08 07:27:18.262","2026-05-08 07:33:48.069","Kent Ave & N 3 St",5348.06,"Graham Ave & Conselyea St",5291.05,40.71797940978296,-73.96427449047715,40.715143,-73.944507,member
2136500,tripdata_3,91BDAAB54AF514F9,electric_bike,"2026-05-14 15:21:19.707","2026-05-14 15:33:24.261","1 Ave & E 30 St",6079.03,"Madison Ave & E 51 St",6659.09,40.74144387,-73.97536082,40.75863,-73.97513,member
2137000,tripdata_3,93731E5F67271997,classic_bike,"2026-05-09 13:25:55.247","2026-05-09 13:55:03.523","Dock St & Front St",4903.09,"Centre St & Worth St",5279.03,40.702709,-73.99253,40.71494807,-74.00234482,casual
2137500,tripdata_3,8037DB87F8CC32CC,electric_bike,"2026-05-08 19:38:03.977","2026-05-08 19:42:57.206","E 98 St & Park Ave",7443.17,"1 Ave & E 94 St",7286.05,40.78813,-73.95206,40.7817212,-73.94594,member
2138000,tripdata_3,EC51077EA562F5B4,electric_bike,"2026-05-06 14:49:39.078","2026-05-06 14:53:34.506","Hudson St & Reade St",5359.1,"Centre St & Worth St",5279.03,40.71625008,-74.0091059,40.71494807,-74.00234482,member
2138500,tripdata_3,258B4D0F6D7860D4,electric_bike,"2026-05-06 10:41:45.599","2026-05-06 10:50:51.473","DeKalb Ave & Vanderbilt Ave",4461.04,"Jay St & York St",4895.09,40.68940747,-73.96885458,40.70140317257725,-73.98672670125961,casual
2139000,tripdata_3,BE94CC360B4BAF30,classic_bike,"2026-05-09 03:09:33.738","2026-05-09 03:18:20.007","3 Ave & E Tremont Ave",8315.03,"Grand Concourse & E 176 St",8340.01,40.84649,-73.89616,40.84761,-73.90745,casual
2139500,tripdata_3,C45B0C1C7E313E7C,electric_bike,"2026-05-06 15:56:31.963","2026-05-06 16:27:26.477","E 81 St & Park Ave",7188.1,"39 Dr & 52 St",6316.05,40.77677702,-73.9590097,40.74732,-73.91197,member
2140000,tripdata_3,66147B486434441C,electric_bike,"2026-05-08 02:10:58.406","2026-05-08 02:20:20.114","Union St & 4 Ave",4175.15,"Congress St & Clinton St",4455.1,40.6772744,-73.98282002,40.68825516598005,-73.99545192718506,member
2140500,tripdata_3,4A8A185E21558575,electric_bike,"2026-05-06 08:38:50.750","2026-05-06 08:46:18.710","Metropolitan Ave & Bedford Ave",5308.04,"Graham Ave & Conselyea St",5291.05,40.71534825,-73.96024116,40.715143,-73.944507,member
2141000,tripdata_3,B01D504240DDA596,electric_bike,"2026-05-10 19:19:41.168","2026-05-10 19:31:34.452","44 Dr & Jackson Ave",6352.01,"Graham Ave & Conselyea St",5291.05,40.74718234,-73.9432635,40.715143,-73.944507,member
2141500,tripdata_3,FBB2D2A2B97A5530,electric_bike,"2026-05-08 16:30:33.546","2026-05-08 16:35:08.409","E 184 St & 3 Ave",8467.03,"Tiebout Ave & E 184 St",8510.02,40.85472,-73.89022,40.858498,-73.89637,casual
2142000,tripdata_3,53B311E84FB3E3B3,electric_bike,"2026-05-11 10:41:27.224","2026-05-11 10:46:47.493","Bergen St & Flatbush Ave",4281.08,"Warren St & Smith St",4371.01,40.680944723477296,-73.97567331790923,40.685424009970184,-73.99127773940563,member
2142500,tripdata_3,0A77C4D249CDDC64,electric_bike,"2026-05-12 15:13:19.119","2026-05-12 15:22:13.237","E 10 St & 5 Ave",5872.08,"E 10 St & 5 Ave",5872.08,40.73331967,-73.99510132,40.73331967,-73.99510132,member
2143000,tripdata_3,F247817096793116,electric_bike,"2026-05-03 17:12:06.093","2026-05-03 17:16:27.528","MacDougal St & Prince St",5687.04,"Washington Pl & Greene St",5755.15,40.72710258,-74.00297088,40.72980619180496,-73.99546380915461,member
2143500,tripdata_3,77717F58EF32AFE2,electric_bike,"2026-05-08 00:03:38.668","2026-05-08 00:22:56.332","Grand St & Elizabeth St",5382.06,"Warren St & Smith St",4371.01,40.718822,-73.99596,40.685424009970184,-73.99127773940563,member
2144000,tripdata_3,14E78AF0D0A722A4,electric_bike,"2026-05-05 20:14:07.363","2026-05-05 20:21:42.629","State St & Smith St",4522.07,"Carroll St & 5 Ave",4060.09,40.68917,-73.9886,40.6751622,-73.9814832,member
2144500,tripdata_3,E05E0B7B13CFF17D,electric_bike,"2026-05-13 07:28:34.093","2026-05-13 07:51:11.554","6 Ave & 12 St",3803.05,"Bushwick Ave & Stagg St",5140.06,40.6663181,-73.9854617,40.709897,-73.94008,member
2145000,tripdata_3,B1E76BBAA6B1B666,electric_bike,"2026-05-09 17:35:37.215","2026-05-09 17:37:45.885","Greenwich Ave & Charles St",5914.08,"E 10 St & 5 Ave",5872.08,40.735238,-74.000271,40.73331967,-73.99510132,member
2145500,tripdata_3,E46541CCA806D7E5,electric_bike,"2026-05-06 09:23:40.935","2026-05-06 09:33:44.315","Clark St & Henry St",4789.03,"Jay St & York St",4895.09,40.69760127,-73.99344559,40.70140317257725,-73.98672670125961,member
2146000,tripdata_3,74D74A687805AA18,electric_bike,"2026-05-10 19:34:43.291","2026-05-10 19:42:45.047","Bergen St & Smith St",4446.01,"Carroll St & 5 Ave",4060.09,40.6867443,-73.99063168,40.6751622,-73.9814832,member
2146500,tripdata_3,A5CB75CD534BD49E,classic_bike,"2026-05-13 20:24:12.229","2026-05-13 20:39:33.733","Metropolitan Ave & Bedford Ave",5308.04,"Bushwick Ave & Stagg St",5140.06,40.71534825,-73.96024116,40.709897,-73.94008,member
2147000,tripdata_3,B4D7054CA5F39F20,electric_bike,"2026-05-09 19:34:25.827","2026-05-09 19:42:58.317","3 St & 7 Ave",3905.15,"Warren St & Smith St",4371.01,40.6703837,-73.97839676,40.685424009970184,-73.99127773940563,member
2147500,tripdata_3,E7C0544E22072591,classic_bike,"2026-05-02 07:04:28.957","2026-05-02 07:05:50.696","31 Ave & Steinway St",6782.01,"Steinway St & Broadway",6711.13,40.7611488,-73.9170071,40.75905795418586,-73.91897544264793,member
2148000,tripdata_3,50E02B5A526CBEA9,electric_bike,"2026-05-07 07:51:48.809","2026-05-07 07:55:34.790","Monitor St & Meeker Ave",5473.06,"Graham Ave & Conselyea St",5291.05,40.721226,-73.941845,40.715143,-73.944507,member
2148500,tripdata_3,93D6D8E72D39655F,classic_bike,"2026-05-08 18:30:47.131","2026-05-08 18:56:26.884","Clinton Ave & Flushing Ave",4762.04,"Graham Ave & Conselyea St",5291.05,40.69794,-73.96986848,40.715143,-73.944507,member
2149000,tripdata_3,55AB69B92184EEEB,electric_bike,"2026-05-10 15:53:14.263","2026-05-10 15:54:16.434","44 St & 48 Ave",6058.08,"44 St & Greenpoint Ave",6134.13,40.73941387498411,-73.92131969332695,40.741119944681465,-73.92103672027588,member
2149500,tripdata_3,8637329A7CB7083C,electric_bike,"2026-05-08 18:04:47.687","2026-05-08 18:11:16.004","Metropolitan Ave & Bedford Ave",5308.04,"Graham Ave & Conselyea St",5291.05,40.71534825,-73.96024116,40.715143,-73.944507,member
2150000,tripdata_3,6C5C75C948749D78,electric_bike,"2026-05-10 17:37:58.105","2026-05-10 17:51:05.043","Park Pl & Franklin Ave",4033.19,"7 St & 5 Ave",3914.02,40.67418106036449,-73.95655458212127,40.6704922,-73.98541675,member
2150500,tripdata_3,39E2CAD677CA0B6B,electric_bike,"2026-05-02 18:14:44.289","2026-05-02 18:22:06.284","34 Ave & 31 St",6720.07,"30 Ave & 41 St",6812.06,40.759604471387945,-73.92714411020279,40.763422,-73.914142,member
2151000,tripdata_3,5E30439386B9D4D4,electric_bike,"2026-05-04 21:47:24.538","2026-05-04 21:51:59.608","E 65 St & 2 Ave",6860.12,"E 75 St & 3 Ave",6991.12,40.76471851944339,-73.96222069859505,40.77112927,-73.95772297,casual
2151500,tripdata_3,51E746576DE65B65,electric_bike,"2026-05-01 19:03:22.585","2026-05-01 19:49:40.680","Riverside Dr & W 91 St",7524.16,"Graham Ave & Conselyea St",5291.05,40.79313480986663,-73.97700369358063,40.715143,-73.944507,member
2152000,tripdata_3,DFE8E4CEB35C3CFC,electric_bike,"2026-05-02 18:19:21.844","2026-05-02 18:30:33.825","Emerson Pl & Myrtle Ave",4683.02,"Jay St & York St",4895.09,40.69363137,-73.96223558,40.70140317257725,-73.98672670125961,member
2152500,tripdata_3,9CCC182DD98D8592,electric_bike,"2026-05-26 18:40:23.954","2026-05-26 18:50:19.114","New York Ave & St Marks Ave",4098.06,"Winthrop St & Albany Ave",3535.03,40.67514,-73.94716,40.6577,-73.9398,member
2153000,tripdata_3,2DCB8FDABA3CB9B8,electric_bike,"2026-05-29 22:04:23.282","2026-05-29 22:12:54.542","Fulton St & Clermont Ave",4386.05,"Lexington Ave & Classon Ave",4452.03,40.68415748,-73.96922273,40.68676793,-73.95928168,member
2153500,tripdata_3,1A6741CF264B7C98,classic_bike,"2026-05-20 07:07:35.632","2026-05-20 07:17:49.656","W 87 St & West End Ave",7484.05,"Broadway & W 58 St",6948.1,40.789622,-73.97757,40.76695317,-73.98169333,member
2154000,tripdata_3,A35FDDA7A3068E0A,classic_bike,"2026-05-30 19:59:43.186","2026-05-30 20:08:42.996","E 2 St & Ave B",5515.02,"Forsyth St & Grand St",5382.07,40.72217444,-73.98368779,40.71779817737835,-73.99316132068634,member
2154500,tripdata_3,6CBBB74473F8BB9C,classic_bike,"2026-05-19 07:26:30.031","2026-05-19 07:59:19.445","W 145 St & Amsterdam Ave",7997.08,"6 Ave & W 34 St",6364.1,40.825244,-73.947257,40.74964,-73.98805,member
2155000,tripdata_3,B9515C6B90AE0E64,classic_bike,"2026-05-15 20:54:38.303","2026-05-15 21:01:18.821","Howard St & Lafayette St",5422.04,"Forsyth St & Grand St",5382.07,40.71910537,-73.99973337,40.71779817737835,-73.99316132068634,member
2155500,tripdata_3,F8719AF400D1C078,classic_bike,"2026-05-30 04:45:09.890","2026-05-30 04:54:47.319","3 Ave & E 109 St",7504.19,"Lexington Ave & E 120 St",7652.04,40.79338,-73.94329,40.8013066,-73.9398167,member
2156000,tripdata_3,8E764FAF8CE57D16,electric_bike,"2026-05-16 23:20:10.197","2026-05-16 23:31:54.548","E 14 St & 1 Ave",5779.1,"Forsyth St & Grand St",5382.07,40.73139303364151,-73.98286700248718,40.71779817737835,-73.99316132068634,member
2156500,tripdata_3,3C790CBE5B787ADC,electric_bike,"2026-05-28 19:06:18.750","2026-05-28 19:21:07.622","N 12 St & Bedford Ave",5450.04,"Forsyth St & Grand St",5382.07,40.72079821,-73.95484712,40.71779817737835,-73.99316132068634,member
2157000,tripdata_3,F5D45D030BB9ED19,electric_bike,"2026-05-16 12:22:47.590","2026-05-16 12:45:15.837","W 52 St & 5 Ave",6700.01,"W 27 St & 6 Ave",6215.07,40.75992262,-73.97648516,40.74526,-73.99062,casual
2157500,tripdata_3,22460136A07E831C,electric_bike,"2026-05-16 22:13:00.540","2026-05-16 22:16:19.713","Lexington Ave & E 36 St",6313.1,"6 Ave & W 34 St",6364.1,40.7475739589548,-73.9788007736206,40.74964,-73.98805,member
2158000,tripdata_3,794A60C8A3D76901,electric_bike,"2026-05-22 15:53:11.978","2026-05-22 16:03:27.378","Columbia St & Rivington St",5365.02,"Cleveland Pl & Spring St",5492.05,40.71739973,-73.98016555,40.722103786686034,-73.99724900722504,member
2158500,tripdata_3,824C5CA3E74D7FEC,classic_bike,"2026-05-30 14:20:07.385","2026-05-30 14:26:46.164","99 St & 3 Ave",2086.07,"86 St & Ridge Blvd",2387.07,40.61451,-74.03502,40.62402,-74.03396,member
2159000,tripdata_3,9DBE00580B0B69AE,electric_bike,"2026-05-21 09:18:00.059","2026-05-21 09:24:41.205","Park Ave & E 42 St",6432.09,"W 27 St & 6 Ave",6215.07,40.751873,-73.977706,40.74526,-73.99062,member
2159500,tripdata_3,476BF53CCA1C2BA4,electric_bike,"2026-05-16 18:21:03.354","2026-05-16 18:26:49.228","10 Ave & W 28 St",6459.04,"W 27 St & 6 Ave",6215.07,40.75066386,-74.00176802,40.74526,-73.99062,member
2160000,tripdata_3,90A7D3DE2E77C51B,electric_bike,"2026-05-29 18:00:56.679","2026-05-29 18:23:47.218","Degraw St & Smith St",4298.05,"63 St & 5 Ave",2872.02,40.6829151,-73.99318208,40.63766,-74.01782,casual
2160500,tripdata_3,16F5ADE4CF86FD00,electric_bike,"2026-05-15 21:42:32.947","2026-05-15 21:59:43.119","Central Park North & Adam Clayton Powell Blvd",7617.07,"E 58 St & 3 Ave",6762.02,40.799484,-73.955613,40.76095756,-73.96724467,member
2161000,tripdata_3,B57F8A01896940EE,electric_bike,"2026-05-16 14:57:13.287","2026-05-16 15:01:10.274","14 St & 5 Ave",3771.06,"5 St & 6 Ave",3874.01,40.666287,-73.98895053,40.6704836,-73.98208968,member
2161500,tripdata_3,2094E89A172B0768,electric_bike,"2026-05-18 15:50:21.049","2026-05-18 16:06:53.526","Putnam Ave & Ralph Ave",4450.06,"Manhattan Ave & Devoe St",5219.05,40.68705,-73.92338,40.713532,-73.9459867,member
2162000,tripdata_3,D0600203D5478A32,electric_bike,"2026-05-24 20:49:14.328","2026-05-24 21:19:11.925","Pike St & E Broadway",5270.05,"Bushwick Ave & Dekalb Ave",4680.05,40.71406667,-73.99293911,40.69502,-73.92825,casual
2162500,tripdata_3,97541D877D68F3E3,electric_bike,"2026-05-29 09:28:54.184","2026-05-29 09:33:57.684","Lexington Ave & E 24 St",6089.07,"W 15 St & 6 Ave",5989.02,40.74025878,-73.98409214,40.738046142482766,-73.99642959237099,member
2163000,tripdata_3,5EB3B7088745E5FE,electric_bike,"2026-05-31 20:48:54.759","2026-05-31 20:52:00.348","Atlantic Ave & Furman St",4614.04,"Atlantic Ave & Furman St",4614.04,40.69165183,-73.9999786,40.69165183,-73.9999786,member
2163500,tripdata_3,FA4CB1F1315D7A88,classic_bike,"2026-05-22 11:32:59.265","2026-05-22 11:35:26.868","Atlantic Ave & Furman St",4614.04,"Atlantic Ave & Furman St",4614.04,40.69165183,-73.9999786,40.69165183,-73.9999786,casual
2164000,tripdata_3,9ABE3C66A20BB879,electric_bike,"2026-05-22 17:48:54.948","2026-05-22 17:58:23.405","8 Ave & W 16 St",6072.11,"E 10 St & 2 Ave",5746.02,40.740983,-74.001702,40.72970805644994,-73.9865979552269,member
2164500,tripdata_3,FED54006E8D048FC,electric_bike,"2026-05-24 20:09:07.137","2026-05-24 20:10:58.438","Mott St & Prince St",5561.04,"Mott St & Prince St",5561.04,40.72317958,-73.99480012,40.72317958,-73.99480012,casual
2165000,tripdata_3,64628BE5AEA226D2,classic_bike,"2026-05-29 14:23:42.662","2026-05-29 14:44:34.218","W 37 St & 5 Ave",6398.06,"E 10 St & 2 Ave",5746.02,40.75038009,-73.98338988,40.72970805644994,-73.9865979552269,member
2165500,tripdata_3,E39000C08438341E,classic_bike,"2026-05-31 18:47:55.579","2026-05-31 19:44:33.942","Soissons Landing",4631.02,"Soissons Landing",4631.02,40.692566,-74.015936,40.692566,-74.015936,casual
2166000,tripdata_3,722015AB481345BB,electric_bike,"2026-05-20 16:13:21.673","2026-05-20 16:22:13.341","Sharon St & Olive St",5323.06,"N 10 St & Berry St",5450.01,40.715341620424475,-73.93865078687668,40.720253,-73.957082,member
2166500,tripdata_3,47B728DFFB305097,electric_bike,"2026-05-21 12:35:38.971","2026-05-21 12:42:11.515","E 6 St & Ave B",5584.04,"E 2 St & Ave A",5553.1,40.72453734,-73.98185424,40.72307749068673,-73.98583620786667,member
2167000,tripdata_3,9D7AF02FED1300CF,electric_bike,"2026-05-26 21:47:14.776","2026-05-26 22:00:05.166","Wyckoff St & 3 Ave",4290.06,"E 21 St & Church Ave",3294.03,40.6827549,-73.98258555,40.65007,-73.96001,casual
2167500,tripdata_3,8262BA04E0DF7EF7,electric_bike,"2026-05-28 22:06:48.578","2026-05-28 22:17:59.643","Southern Blvd & E 172 St",8129.02,"Westchester Ave & Southern Blvd",8004.03,40.834124,-73.88955,40.824956,-73.891677,casual
2168000,tripdata_3,58B437871C887E22,electric_bike,"2026-05-19 16:31:05.830","2026-05-19 17:23:16.364","Crotona Ave & Crotona Park N",8257.03,"Southern Blvd & E 149 St",7788.13,40.84234,-73.89409,40.811892,-73.904192,member
2168500,tripdata_3,FB678DB862E2B90F,electric_bike,"2026-05-31 11:52:49.023","2026-05-31 12:15:17.472","Lexington Ave & E 24 St",6089.07,"DeKalb Ave & Vanderbilt Ave",4461.04,40.74025878,-73.98409214,40.68940747,-73.96885458,member
2169000,tripdata_3,D65179FEE8B06870,electric_bike,"2026-05-18 18:08:17.614","2026-05-18 18:15:17.962","Lefferts Pl & Franklin Ave",4222.02,"DeKalb Ave & Vanderbilt Ave",4461.04,40.680342423,-73.9557689392,40.68940747,-73.96885458,member
2169500,tripdata_3,A221BD4039417F68,classic_bike,"2026-05-29 10:20:31.378","2026-05-29 10:23:02.866","W 13 St & 7 Ave",6030.04,"W 11 St & 6 Ave",5914.03,40.73781509,-73.99994661,40.73532427,-73.99800419,member
2170000,tripdata_3,72F4B746682E6095,electric_bike,"2026-05-19 21:24:28.720","2026-05-19 21:26:04.048","Rogers Ave & Sterling St",3696.05,"Crown St & Rogers Ave",3768.02,40.6630619,-73.9538746,40.66639,-73.95346,member
2170500,tripdata_3,E0B8869D7571119C,electric_bike,"2026-05-22 19:11:08.547","2026-05-22 19:32:25.935","Eagle St & Manhattan Ave",5902.07,"E 7 St & Ave A",5626.07,40.735217,-73.954926,40.72621788,-73.98379855,member
2171000,tripdata_3,ECD74327C84129AB,electric_bike,"2026-05-28 08:20:37.399","2026-05-28 08:32:52.711","Berkeley Pl & 7 Ave",4051.01,"E 21 St & Church Ave",3294.03,40.675146838709786,-73.97523209452629,40.65007,-73.96001,member
2171500,tripdata_3,B417281740D60246,electric_bike,"2026-05-21 19:30:37.718","2026-05-21 19:37:05.678","Central Park W & W 103 St",7577.27,"Adam Clayton Powell Blvd & W 123 St",7704.04,40.79558954105342,-73.96188408136368,40.8078316,-73.949373,member
2172000,tripdata_3,EDD9479044924FFE,electric_bike,"2026-05-16 22:53:13.729","2026-05-16 22:57:21.263","Washington St & Gansevoort St",6039.06,"W 17 St & 8 Ave",6148.02,40.739323,-74.008119,40.74177603,-74.00149746,member
2172500,tripdata_3,2E6B44700B42DF4D,classic_bike,"2026-05-19 18:31:17.231","2026-05-19 18:35:03.223","N 7 St & Driggs Ave",5340.01,"Driggs Ave & S 2 St",5235.1,40.716967,-73.956388,40.712628,-73.960575,member
2173000,tripdata_3,7E94CD2299711FB7,electric_bike,"2026-05-26 14:24:22.486","2026-05-26 14:36:49.596","Broadway & W 58 St",6948.1,"E 74 St & 1 Ave",6953.08,40.76695317,-73.98169333,40.7689738,-73.95482273,member
2173500,tripdata_3,F864DB4AAD39A354,classic_bike,"2026-05-15 09:25:09.346","2026-05-15 09:36:51.089","Butler St & Court St",4339.01,"Dock St & Front St",4903.09,40.6849894,-73.99440329,40.702709,-73.99253,casual
2174000,tripdata_3,F25224FEE63E8A3E,classic_bike,"2026-05-18 20:02:43.927","2026-05-18 20:33:50.185","E 11 St & Broadway",5829.12,"E 74 St & 1 Ave",6953.08,40.73261787,-73.99158043,40.7689738,-73.95482273,member
2174500,tripdata_3,6E1D5CDFF61F1E80,electric_bike,"2026-05-31 16:37:41.702","2026-05-31 16:49:11.468","Kent Ave & N 7 St",5489.03,"N Henry St & Norman Ave",5656.03,40.72036775298455,-73.96165072917938,40.7277,-73.94395,member
2175000,tripdata_3,6E24662579AEF948,electric_bike,"2026-05-29 23:12:48.918","2026-05-29 23:17:49.494","28 Ave & 35 St",6951.03,"24 Ave & 29 St",7119.04,40.7671,-73.9169858,40.7729,-73.916142,member
2175500,tripdata_3,0A1F5B2B3955EFF3,classic_bike,"2026-05-31 21:07:03.455","2026-05-31 21:14:34.980","1 Ave & E 118 St",7596.11,"Park Ave & E 124 St",7682.01,40.797459,-73.934499,40.8045555,-73.9396861,member
2176000,tripdata_3,AFB5AF677B7F6D18,electric_bike,"2026-05-31 14:41:53.399","2026-05-31 14:45:13.712","1 Ave & E 118 St",7596.11,"E 115 St & Lexington Ave",7599.09,40.797459,-73.934499,40.797911,-73.9423,member
2176500,tripdata_3,CE885E9BAE2377ED,electric_bike,"2026-05-29 15:54:27.173","2026-05-29 15:58:09.953","E 103 St & Lexington Ave",7463.09,"E 115 St & Lexington Ave",7599.09,40.7903051,-73.94755757,40.797911,-73.9423,member
2177000,tripdata_3,A6ECACD2343AA0B6,electric_bike,"2026-05-18 20:40:27.150","2026-05-18 20:44:54.135","W 144 St & Adam Clayton Powell Blvd",7932.1,"St Nicholas Ave & W 155 St",8085.05,40.820877,-73.939249,40.830663,-73.941323,member
2177500,tripdata_3,608E4E27B5C08FAE,electric_bike,"2026-05-28 06:12:26.039","2026-05-28 06:22:01.402","Park Ave & E 42 St",6432.09,"W 34 St & Hudson Blvd E",6535.04,40.751873,-73.977706,40.75516719072139,-74.00059908628464,member
2178000,tripdata_3,B92F915293274C3F,electric_bike,"2026-05-18 07:22:41.222","2026-05-18 07:31:18.425","28 St & 36 Ave",6614.01,"25 Ave & 41 St",6943.07,40.757186,-73.932719,40.767666,-73.910963,casual
2178500,tripdata_3,04695340F6F7CCE1,electric_bike,"2026-05-27 19:50:31.483","2026-05-27 19:59:59.759","Crotona Park East & E 173 St",8182.02,"E 188 St & Hughes Ave",8485.01,40.837037,-73.890413,40.8561,-73.88625,member
2179000,tripdata_3,C86044A413CCD881,electric_bike,"2026-05-31 23:43:58.335","2026-05-31 23:52:43.003","27 St & Hunter St",6310.06,"36 Ave & 10 St",6737.03,40.7485,-73.941275,40.7614376,-73.9411265,member
2179500,tripdata_3,6B72EB6FE2E93A18,electric_bike,"2026-05-26 10:16:37.073","2026-05-26 10:36:49.456","W 43 St & 6 Ave",6593.14,"E 97 St & 3 Ave",7365.08,40.75527307,-73.98316936,40.7859201,-73.94860294,member
2180000,tripdata_3,A5ECEDEB3CCFC38D,classic_bike,"2026-05-29 22:36:07.791","2026-05-29 22:45:13.341","Flatbush Ave & Lincoln Rd",3593.1,"Kingston Ave & Montgomery St",3759.07,40.66131,-73.96091,40.66481,-73.94269,member
2180500,tripdata_3,B83302B1D6403E63,electric_bike,"2026-05-15 22:03:44.863","2026-05-15 22:12:31.470","Lexington Ave & E 24 St",6089.07,"E 5 St & Cooper Sq",5712.12,40.74025878,-73.98409214,40.72769,-73.990993,member
2181000,tripdata_3,E727B0A22B148DC6,classic_bike,"2026-05-16 19:37:51.770","2026-05-16 20:15:22.469","Division Ave & Hooper St",5045.05,"Lewis Ave & Madison St",4425.02,40.70684203101325,-73.9544353965357,40.686312,-73.935775,casual
2181500,tripdata_3,C71C217F5F780313,electric_bike,"2026-05-26 14:55:21.177","2026-05-26 15:15:34.512","Cathedral Pkwy & Broadway",7680.03,"E 44 St & Lexington Ave",6464.09,40.804213,-73.96699104,40.752643,-73.974996,member
2182000,tripdata_3,66E5B86282E148B0,classic_bike,"2026-05-19 14:58:58.213","2026-05-19 15:08:06.733","Lewis Ave & Madison St",4425.02,"Pulaski St & Throop Ave",4625.01,40.686312,-73.935775,40.693115,-73.943149,casual
2182500,tripdata_3,EC4CD8F741CB8E01,classic_bike,"2026-05-18 08:28:19.841","2026-05-18 08:43:42.412","E 80 St & 2 Ave",7121.02,"E 44 St & Lexington Ave",6464.09,40.77391390238118,-73.9543953537941,40.752643,-73.974996,member
2183000,tripdata_3,DA4101CAF9A9FF87,electric_bike,"2026-05-29 13:08:59.059","2026-05-29 13:17:42.614","River Ave & E 151 St",7967.04,"Grand Concourse & E 171 St",8194.06,40.822217,-73.928939,40.839549,-73.913004,member
2183500,tripdata_3,DA3C836D337930F0,electric_bike,"2026-05-22 09:42:26.078","2026-05-22 09:45:18.985","Frederick Douglass Blvd & W 117 St",7688.12,"Mt Morris Park W & W 120 St",7685.14,40.805159,-73.954692,40.804038,-73.945925,member
2184000,tripdata_3,63933BB80B856353,electric_bike,"2026-05-25 00:52:59.760","2026-05-25 00:59:50.942","5 Ave & E 30 St",6248.08,"E 15 St & 3 Ave",5863.07,40.7459849,-73.98629487,40.734232,-73.986923,member
2184500,tripdata_3,A82202088BA8041C,classic_bike,"2026-05-27 17:31:42.505","2026-05-27 17:35:37.425","E 6 St & Ave B",5584.04,"Rivington St & Ridge St",5406.02,40.72453734,-73.98185424,40.71850211,-73.98329859,member
2185000,tripdata_3,D82B7AD050D7489F,classic_bike,"2026-05-16 17:36:14.139","2026-05-16 18:25:07.816","Pierrepont St & Monroe Pl",4718.08,"3 St & Prospect Park West",3865.05,40.69535693320225,-73.99344027042389,40.668132,-73.97363831,member
2185500,tripdata_3,1A6E35B030D1B795,electric_bike,"2026-05-30 19:45:36.170","2026-05-30 19:56:40.511","Fulton St & Waverly Ave",4345.11,"Lewis Ave & Greene Ave",4543.07,40.683238654603414,-73.96599590778351,40.68995,-73.9365,member
2186000,tripdata_3,09C94C4D15101F65,classic_bike,"2026-05-17 16:40:49.993","2026-05-17 17:07:23.672","W 52 St & 11 Ave",6926.01,"W 106 St & Amsterdam Ave",7634.01,40.76727216,-73.99392888,40.8008363,-73.9664492472,member
2186500,tripdata_3,CF02B4629D3AFA5A,electric_bike,"2026-05-15 11:14:03.140","2026-05-15 11:19:27.469","W 34 St & Hudson Blvd E",6535.04,"W 50 St & 9 Ave",6854.05,40.75516719072139,-74.00059908628464,40.763604677958625,-73.98917958140373,member
2187000,tripdata_3,067BA63E66D5E148,electric_bike,"2026-05-18 14:36:19.710","2026-05-18 15:04:58.470","36 St & 47 Ave",6143.01,"Fresh Pond Rd & Flushing Ave",5501.06,40.74221834996096,-73.92935156822205,40.72155,-73.90295,member
2187500,tripdata_3,F1AC6A0612434CFC,classic_bike,"2026-05-30 10:20:53.098","2026-05-30 10:33:16.080","Columbia St & Rivington St",5365.02,"E 14 St & Ave B",5736.09,40.71739973,-73.98016555,40.72938685,-73.97772429,member
2188000,tripdata_3,912E693C03E90A4F,classic_bike,"2026-05-24 22:06:39.481","2026-05-24 22:15:05.384","Lexington Ave & E 26 St",6089.08,"E 10 St & Ave A",5659.05,40.741459,-73.983293,40.72740794,-73.98142006,member
2188500,tripdata_3,E85C3FDEB72BD454,electric_bike,"2026-05-19 21:46:59.562","2026-05-19 21:53:21.594","Bushwick Ave & Harman St",4640.01,"Central Ave & Decatur St",4432.1,40.69356,-73.92524,40.6882,-73.90798,member
2189000,tripdata_3,AEE1130E3999FBD6,electric_bike,"2026-05-26 16:09:45.372","2026-05-26 16:33:11.871","8 Ave & W 38 St",6526.05,"27 St & Hunter St",6310.06,40.75461,-73.99177,40.7485,-73.941275,member
2189500,tripdata_3,00AFAAD443988872,classic_bike,"2026-05-25 16:57:21.968","2026-05-25 17:07:33.147","Lewis Ave & Madison St",4425.02,"Monroe St & Bedford Ave",4368.05,40.686312,-73.935775,40.6851443,-73.95380904,casual
2190000,tripdata_3,84E2D6B907943465,electric_bike,"2026-05-18 15:18:59.307","2026-05-18 15:22:45.948","E 17 St & 2 Ave",5896.01,"E 14 St & Ave B",5736.09,40.73431166276575,-73.98372530937195,40.72938685,-73.97772429,member
2190500,tripdata_3,58A6BBE86B391D2D,electric_bike,"2026-05-15 19:43:46.104","2026-05-15 19:47:51.845","Ave A & E 11 St",5703.13,"E 2 St & Ave A",5553.1,40.72854745023944,-73.98175925016403,40.72307749068673,-73.98583620786667,member
2191000,tripdata_3,0205246D090F2A16,electric_bike,"2026-05-16 00:07:25.331","2026-05-16 00:21:23.758","Gansevoort St & Hudson St",6072.16,"E 2 St & Ave A",5553.1,40.73937600789778,-74.00520807425661,40.72307749068673,-73.98583620786667,casual
2191500,tripdata_3,D824136B427B1DBB,classic_bike,"2026-05-19 14:17:26.044","2026-05-19 14:20:45.800","E 4 St & Ave B",5515.08,"E 14 St & Ave B",5736.09,40.723346832180155,-73.98265913128853,40.72938685,-73.97772429,member
2192000,tripdata_3,7DDDBA10D2B2CFB3,electric_bike,"2026-05-30 18:27:26.986","2026-05-30 18:42:13.281","Leonard St & Church St",5359.11,"E 10 St & Ave A",5659.05,40.717571,-74.005549,40.72740794,-73.98142006,member
2192500,tripdata_3,7E1DA6CA6642B4B7,classic_bike,"2026-05-16 14:09:40.547","2026-05-16 14:28:19.225","Clermont Ave & Lafayette Ave",4461.01,"Broadway & Roebling St",5125.07,40.68764484,-73.96968902,40.70924826276157,-73.96063148975372,member
2193000,tripdata_3,03401D05E33E5A27,electric_bike,"2026-05-19 20:18:55.598","2026-05-19 20:27:56.066","Milton St & Franklin St",5752.07,"Broadway & Roebling St",5125.07,40.72906,-73.95779,40.70924826276157,-73.96063148975372,member
2193500,tripdata_3,3AC74DF9A0E52CF9,classic_bike,"2026-05-17 20:16:06.032","2026-05-17 20:50:06.045","N 12 St & Bedford Ave",5450.04,"Union St & 4 Ave",4175.15,40.72079821,-73.95484712,40.6772744,-73.98282002,member
2194000,tripdata_3,FE79CB8C5748F2CF,electric_bike,"2026-05-20 21:32:34.765","2026-05-20 21:41:52.518","10 Ave & W 28 St",6459.04,"E 26 St & 3 Ave",6089.11,40.75066386,-74.00176802,40.74069317733043,-73.98160636425018,member
2194500,tripdata_3,31496963F7598EC0,electric_bike,"2026-05-19 19:58:40.760","2026-05-19 20:05:22.912","E 5 St & Cooper Sq",5712.12,"E 26 St & 3 Ave",6089.11,40.72769,-73.990993,40.74069317733043,-73.98160636425018,member
2195000,tripdata_3,34DEE11F7F224380,electric_bike,"2026-05-21 21:22:42.734","2026-05-21 21:28:16.163","31 St & Northern Blvd",6495.17,"43 St & 35 Ave",6520.06,40.75186951421875,-73.93349289894103,40.754139,-73.919543,member
2195500,tripdata_3,2AD7DD06CE5ED972,electric_bike,"2026-05-17 17:08:13.570","2026-05-17 17:14:38.588","Water St & Fletcher St",5024.1,"Clinton St & Grand St",5303.06,40.706410755236135,-74.00559738278389,40.71559509,-73.9870295,casual
2196000,tripdata_3,9FEAAB5F9F6079CC,electric_bike,"2026-05-19 19:23:09.164","2026-05-19 19:31:03.276","Macombs Pl & W 152 St",8029.28,"W 159 St & Edgecombe Ave",8119.05,40.826406,-73.937948,40.833303,-73.939326,member
2196500,tripdata_3,BD5D6636055917D4,electric_bike,"2026-05-18 16:40:08.031","2026-05-18 17:06:03.486","W 52 St & 6 Ave",6740.01,"10 Ave & W 14 St",6157.04,40.76132983124814,-73.97982001304626,40.741981599940225,-74.00831580162048,member
2197000,tripdata_3,7763B2629AD3C76C,electric_bike,"2026-05-20 17:48:50.826","2026-05-20 18:07:35.116","Henry St & Atlantic Ave",4531.05,"Plaza St West & Flatbush Ave",4010.13,40.69089272,-73.99612349,40.6750207,-73.97111473,member
2197500,tripdata_3,049DE9EEE1222A1B,electric_bike,"2026-05-18 07:54:59.551","2026-05-18 08:02:30.035","Fulton St & Waverly Ave",4345.11,"Plaza St West & Flatbush Ave",4010.13,40.683238654603414,-73.96599590778351,40.6750207,-73.97111473,member
2198000,tripdata_3,D2921234F059ED91,electric_bike,"2026-05-20 21:16:20.141","2026-05-20 21:33:47.312","Knickerbocker Ave & Thames St",5018.06,"Clinton St & Grand St",5303.06,40.70539,-73.92976,40.71559509,-73.9870295,member
2198500,tripdata_3,28D06CFAAC556F1D,electric_bike,"2026-05-19 06:32:30.872","2026-05-19 06:47:52.729","W 46 St & 11 Ave",6795.01,"E 65 St & 2 Ave",6860.12,40.76341379,-73.99667444,40.76471851944339,-73.96222069859505,member
2199000,tripdata_3,FBAC2EBFB838679D,classic_bike,"2026-05-28 18:46:34.630","2026-05-28 18:52:52.552","Powers St & Olive St",5210.01,"Hope St & Union Ave",5187.03,40.71323,-73.93894,40.71167351,-73.95141312,member
2199500,tripdata_3,8864DF3B2F793A2C,classic_bike,"2026-05-20 12:04:25.930","2026-05-20 12:07:31.497","Madison St & Montgomery St",5262.09,"Clinton St & Grand St",5303.06,40.713126,-73.984844,40.71559509,-73.9870295,member
2200000,tripdata_3,421AF48B06B3CE15,electric_bike,"2026-05-31 10:35:21.146","2026-05-31 11:10:56.662","Broadway & Roebling St",5125.07,"Ocean Pkwy & Ave C",2996.05,40.70924826276157,-73.96063148975372,40.64078,-73.97395,member
2200500,tripdata_3,1F571259FBCBA395,electric_bike,"2026-05-21 17:26:54.040","2026-05-21 17:40:47.154","Pearl St & Whitehall St",4962.09,"Clinton St & Grand St",5303.06,40.703144,-74.013178,40.71559509,-73.9870295,member
2201000,tripdata_3,D044FCA59115705E,electric_bike,"2026-05-19 09:44:46.371","2026-05-19 10:00:33.392","Fairview Ave & Linden St",5066.03,"Nassau Ave & Newell St",5623.03,40.70694,-73.90632,40.724812564400175,-73.94752621650696,member
2201500,tripdata_3,862A7B949BE95C4B,electric_bike,"2026-05-19 15:00:24.047","2026-05-19 15:12:46.594","W 25 St & 9 Ave",6339.06,"E 20 St & FDR Dr",5886.13,40.747832605837715,-74.0005722643582,40.733208626522426,-73.9756813647,member
2202000,tripdata_3,EB1A2A0BBB1EC64B,electric_bike,"2026-05-22 09:14:14.825","2026-05-22 09:23:20.187","E 44 St & Lexington Ave",6464.09,"10 Ave & W 34 St",6535.05,40.752643,-73.974996,40.75476986284269,-73.99914588449698,member
2202500,tripdata_3,B99AD3D0EE540CE8,electric_bike,"2026-05-21 08:39:06.898","2026-05-21 08:43:03.762","Vesey Pl & River Terrace",5297.02,"Greenwich St & Hubert St",5470.1,40.7153379,-74.01658354,40.721319,-74.010065,member
2203000,tripdata_3,E53B3BCF95E9781C,electric_bike,"2026-05-25 19:20:19.322","2026-05-25 19:36:57.898","E 33 St & 1 Ave",6197.08,"Christopher St & Greenwich St",5847.01,40.74322681432173,-73.97449783980846,40.73291553,-74.00711384,member
2203500,tripdata_3,2BE7E0AD9AED654C,electric_bike,"2026-05-29 20:18:08.718","2026-05-30 00:23:46.907","Pearl St & Whitehall St",4962.09,"Freeman St & Southern Blvd",8060.01,40.703144,-74.013178,40.830051,-73.892103,casual
2204000,tripdata_3,DC4905E090B74281,electric_bike,"2026-05-27 22:09:23.902","2026-05-27 22:18:59.398","E 4 St & Ave B",5515.08,"E 20 St & FDR Dr",5886.13,40.723346832180155,-73.98265913128853,40.733208626522426,-73.9756813647,member
2204500,tripdata_3,90587FEF1734C224,electric_bike,"2026-05-22 11:55:13.572","2026-05-22 12:20:43.474","E 67 St & Park Ave",6932.14,"W 27 St & 6 Ave",6215.07,40.76780080148132,-73.96592080593109,40.74526,-73.99062,member
2205000,tripdata_3,A5A2252820E3F954,electric_bike,"2026-05-18 12:32:33.445","2026-05-18 12:43:38.286","Cleveland Pl & Spring St",5492.05,"Cleveland Pl & Spring St",5492.05,40.722103786686034,-73.99724900722504,40.722103786686034,-73.99724900722504,casual
2205500,tripdata_3,9F45C9AA2115C975,electric_bike,"2026-05-18 08:30:57.622","2026-05-18 09:01:07.604","Evergreen Ave & Noll St",4873.08,"6 Ave & W 34 St",6364.1,40.70106,-73.93318,40.74964,-73.98805,member
2206000,tripdata_3,A398F731CE9794ED,electric_bike,"2026-05-29 20:53:44.152","2026-05-29 21:05:03.755","Greenwich Ave & 8 Ave",6072.06,"Cleveland Pl & Spring St",5492.05,40.7390169121,-74.0026376103,40.722103786686034,-73.99724900722504,casual
2206500,tripdata_3,AE7485FDB1A81CC5,classic_bike,"2026-05-31 15:58:32.319","2026-05-31 16:11:15.330","E 12 St & 3 Ave",5788.12,"Forsyth St & Grand St",5382.07,40.73223272,-73.98889957,40.71779817737835,-73.99316132068634,member
2207000,tripdata_3,0CD54F8CFF7BC38B,electric_bike,"2026-05-17 11:19:05.884","2026-05-17 11:30:41.988","11 Ave & W 41 St",6726.01,"W 27 St & 6 Ave",6215.07,40.76030096,-73.99884222,40.74526,-73.99062,member
2207500,tripdata_3,97E4B0B9256090B7,electric_bike,"2026-05-19 10:21:41.403","2026-05-19 10:40:28.409","Henry St & Grand St",5294.04,"W 27 St & 6 Ave",6215.07,40.714211,-73.981095,40.74526,-73.99062,member
2208000,tripdata_3,0143486B58535DA0,classic_bike,"2026-05-28 09:20:39.373","2026-05-28 09:24:36.484","Gansevoort St & Hudson St",6072.16,"W 17 St & 7 Ave",6107.08,40.73937600789778,-74.00520807425661,40.74056423633952,-73.99852573871613,member
2208500,tripdata_3,DD8A7862D9A4F757,electric_bike,"2026-05-21 18:44:27.956","2026-05-21 18:47:42.687","E 26 St & 3 Ave",6089.11,"W 27 St & 6 Ave",6215.07,40.74069317733043,-73.98160636425018,40.74526,-73.99062,member
2209000,tripdata_3,4B8EF24922FEE681,electric_bike,"2026-05-22 11:57:20.443","2026-05-22 12:03:41.874","Broadway & E 21 St",6098.1,"6 Ave & W 34 St",6364.1,40.739888408589955,-73.98958593606949,40.74964,-73.98805,member
2209500,tripdata_3,D84BB8E8F73C7D98,electric_bike,"2026-05-21 21:02:28.591","2026-05-21 21:12:04.595","Jay St & York St",4895.09,"Forsyth St & Grand St",5382.07,40.70140317257725,-73.98672670125961,40.71779817737835,-73.99316132068634,member
2210000,tripdata_3,1804E7B0AE695DC8,electric_bike,"2026-05-15 13:35:50.130","2026-05-15 13:55:07.292","Murray St & West St",5329.08,"W 17 St & 7 Ave",6107.08,40.71503,-74.01246,40.74056423633952,-73.99852573871613,member
2210500,tripdata_3,DE92F0F12C6A417D,classic_bike,"2026-05-17 04:33:54.412","2026-05-17 04:51:59.783","Fulton St & William St",5137.11,"Cleveland Pl & Spring St",5492.05,40.70960089363537,-74.00655090808868,40.722103786686034,-73.99724900722504,casual
2211000,tripdata_3,E2B60B14EF979737,electric_bike,"2026-05-21 20:42:57.905","2026-05-21 21:15:28.474","W 20 St & 7 Ave",6182.02,"Allen St & Hester St",5343.1,40.74238787,-73.99726235,40.71606,-73.99191,member
2211500,tripdata_3,B2FDE0A14B75B2D6,electric_bike,"2026-05-26 00:37:12.425","2026-05-26 00:55:20.938","Lexington Ave & E 29 St",6164.09,"FDR Drive & E 35 St",6230.04,40.74311555376486,-73.98215353488922,40.744219,-73.97121214,member
2212000,tripdata_3,11552A98E0216512,electric_bike,"2026-05-30 18:20:49.922","2026-05-30 18:40:41.932","Henry St & Atlantic Ave",4531.05,"E 20 St & 2 Ave",5971.08,40.69089272,-73.99612349,40.73587678,-73.98205027,member
2212500,tripdata_3,61B478C1486596B4,electric_bike,"2026-05-29 22:03:09.800","2026-05-29 22:24:38.161","Dock St & Front St",4903.09,"Allen St & Hester St",5343.1,40.702709,-73.99253,40.71606,-73.99191,member
2213000,tripdata_3,DC3307DE2036E82E,classic_bike,"2026-05-27 10:08:32.158","2026-05-27 10:18:15.518","Grand St & Havemeyer St",5267.08,"Dock 72 Way & Market St",4804.02,40.71286844,-73.95698119,40.69985,-73.97141,member
2213500,tripdata_3,105508BD728E7668,electric_bike,"2026-05-22 17:12:32.210","2026-05-22 17:25:10.211","University Pl & E 8 St",5755.14,"E 40 St & 5 Ave",6474.11,40.73143724085228,-73.99490341544151,40.752062307,-73.9816324043,member
2214000,tripdata_3,CEC409C50E2761B9,electric_bike,"2026-05-17 19:12:31.894","2026-05-17 19:18:35.919","W 15 St & 6 Ave",5989.02,"E 20 St & 2 Ave",5971.08,40.738046142482766,-73.99642959237099,40.73587678,-73.98205027,member
2214500,tripdata_3,4B7399751A9DD011,electric_bike,"2026-05-26 11:05:07.925","2026-05-26 11:31:12.642","E 85 St & 3 Ave",7212.05,"8 Ave & W 24 St",6224.06,40.77801203,-73.95407149,40.74591072834279,-73.99807110428809,member
2215000,tripdata_3,1B689DA94609E336,electric_bike,"2026-05-20 19:54:12.961","2026-05-20 19:57:54.805","Monroe St & Bedford Ave",4368.05,"Lafayette Ave & Franklin Ave",4528.03,40.6851443,-73.95380904,40.689271,-73.957324,member
2215500,tripdata_3,419B584E0B08BD77,electric_bike,"2026-05-17 22:22:39.686","2026-05-17 22:41:05.244","Union Ave & N 12 St",5411.07,"E 20 St & 2 Ave",5971.08,40.71924,-73.95242,40.73587678,-73.98205027,member
2216000,tripdata_3,32C68969C26A22C7,electric_bike,"2026-05-22 18:14:46.549","2026-05-22 18:19:06.032","DeKalb Ave & Vanderbilt Ave",4461.04,"Franklin Ave & Quincy St",4410.02,40.68940747,-73.96885458,40.68636,-73.95678,member
2216500,tripdata_3,FED0F18D213CE1D3,electric_bike,"2026-05-27 19:49:22.236","2026-05-27 19:56:55.615","Carlton Ave & Dean St",4199.12,"Franklin Ave & Quincy St",4410.02,40.6809741,-73.9710097,40.68636,-73.95678,member
2217000,tripdata_3,B541453B2E8DEB36,classic_bike,"2026-05-27 17:34:53.120","2026-05-27 18:04:52.615","Barclay St & Church St",5216.04,"Riverside Blvd & W 67 St",7183.03,40.71291224,-74.01020234,40.777507027547976,-73.98888587951659,member
2217500,tripdata_3,7781AA780447FF6C,electric_bike,"2026-05-22 16:07:37.298","2026-05-22 16:17:46.622","Madison Ave & E 99 St",7443.01,"W 74 St & Columbus Ave",7230.1,40.78948541553215,-73.95242929458618,40.7785669,-73.97754961,casual
2218000,tripdata_3,4867150CAB8E374E,electric_bike,"2026-05-25 09:59:41.135","2026-05-25 10:04:18.562","4 Ave & 3 St",4028.04,"Degraw St & Hoyt St",4258.07,40.673746,-73.985649,40.681990442707026,-73.99079024791718,member
2218500,tripdata_3,F665F1401468475D,electric_bike,"2026-05-28 22:31:20.903","2026-05-28 22:52:57.529","E 93 St & 2 Ave",7286.02,"2 Ave & E 31 St",6197.11,40.782454175279874,-73.9489196240902,40.74299,-73.97711,casual
2219000,tripdata_3,D5EE645E5E5A6EB3,electric_bike,"2026-05-29 17:21:43.987","2026-05-29 17:27:09.498","Broadway & W 58 St",6948.1,"Riverside Blvd & W 67 St",7183.03,40.76695317,-73.98169333,40.777507027547976,-73.98888587951659,member
2219500,tripdata_3,59F3750C6C76E7AB,electric_bike,"2026-05-29 23:21:32.861","2026-05-29 23:30:32.193","E 44 St & Lexington Ave",6464.09,"1 Ave & E 68 St",6822.09,40.752643,-73.974996,40.76500525,-73.95818491,casual
2220000,tripdata_3,D37FA93390587DFB,electric_bike,"2026-05-19 21:38:46.467","2026-05-19 21:53:32.182","Park Ave & E 42 St",6432.09,"Riverside Blvd & W 67 St",7183.03,40.751873,-73.977706,40.777507027547976,-73.98888587951659,member
2220500,tripdata_3,25A8D2A9A45F3A21,classic_bike,"2026-05-29 20:50:39.148","2026-05-29 21:04:15.084","E 43 St & Madison Ave",6551.11,"Gramercy Park N & Gramercy Park E",6013.12,40.75354681867074,-73.97896572947502,40.73795,-73.98509,member
2221000,tripdata_3,790AF999757E00F1,electric_bike,"2026-05-22 07:24:32.385","2026-05-22 07:54:02.965","W 21 St & 6 Ave",6140.05,"Pier 61 at Chelsea Piers",6233.04,40.74173969,-73.99415556,40.746872,-74.00821,member
2221500,tripdata_3,8032D83C4901D8AF,classic_bike,"2026-05-26 05:48:57.961","2026-05-26 06:01:36.102","E 3 St & 1 Ave",5553.03,"Pier 61 at Chelsea Piers",6233.04,40.72467721,-73.98783413,40.746872,-74.00821,member
2222000,tripdata_3,DC4DAC9EF8126016,electric_bike,"2026-05-20 20:49:47.702","2026-05-20 21:08:13.315","6 Ave & W 34 St",6364.1,"Riverside Blvd & W 67 St",7183.03,40.74964,-73.98805,40.777507027547976,-73.98888587951659,member
2222500,tripdata_3,04D00093DC16BB1F,electric_bike,"2026-05-18 01:32:36.410","2026-05-18 02:50:12.716","E 84 St & Park Ave",7243.04,"Riverside Blvd & W 67 St",7183.03,40.77862688,-73.95772073,40.777507027547976,-73.98888587951659,member
2223000,tripdata_3,65AB45C67E881840,classic_bike,"2026-05-24 22:56:00.117","2026-05-24 22:59:32.980","31 St & Newtown Ave",6923.2,"18 St & 27 Ave",7062.07,40.7675487799971,-73.9209334552288,40.772768286288304,-73.92743647098541,member
2223500,tripdata_3,F9B7D5DC186309C6,electric_bike,"2026-05-25 11:08:07.465","2026-05-25 11:11:59.612","Thomas S. Boyland St & Macon St",4325.03,"Grove St & Broadway",4526.01,40.68491,-73.91493,40.69047,-73.923511,member
2224000,tripdata_3,244C1EBF47DCE31D,electric_bike,"2026-05-16 18:59:00.996","2026-05-16 19:06:47.888","N 7 St & Driggs Ave",5340.01,"S 2 St & Kent Ave",5276.04,40.716967,-73.956388,40.714731,-73.966612,casual
2224500,tripdata_3,7F386DB9FA40854B,electric_bike,"2026-05-21 17:30:53.019","2026-05-21 17:41:58.587","Montrose Ave & Bushwick Ave",5068.02,"S 4 St & Wythe Ave",5204.05,40.70767788,-73.94016171,40.71285887,-73.96590294,member
2225000,tripdata_3,6BEF985730D93B5E,classic_bike,"2026-05-26 16:36:34.955","2026-05-26 16:45:57.262","46 St & 25 Ave",6907.03,"38 St & Northern Blvd",6486.07,40.765753,-73.90676,40.752372,-73.925384,member
2225500,tripdata_3,6A848A28D82B62B4,electric_bike,"2026-05-28 07:44:02.626","2026-05-28 07:55:45.091","E 9 St & Ave C",5616.01,"S 4 St & Wythe Ave",5204.05,40.72521311,-73.97768752,40.71285887,-73.96590294,member
2226000,tripdata_3,EEB22DDF5E5DCCD1,classic_bike,"2026-05-22 18:29:52.232","2026-05-22 18:36:19.605","N 7 St & Driggs Ave",5340.01,"S 4 St & Wythe Ave",5204.05,40.716967,-73.956388,40.71285887,-73.96590294,member
2226500,tripdata_3,DF9CFDB2A7737C90,electric_bike,"2026-05-24 14:56:25.679","2026-05-24 15:02:24.070","S 4 St & Rodney St",5156.05,"S 4 St & Wythe Ave",5204.05,40.70934,-73.95608,40.71285887,-73.96590294,member
2227000,tripdata_3,C2FD9E2CEFC07033,electric_bike,"2026-05-27 00:05:10.294","2026-05-27 00:21:18.945","Pitt St & Stanton St",5406.04,"S 4 St & Wythe Ave",5204.05,40.71926081,-73.98178024,40.71285887,-73.96590294,member
2227500,tripdata_3,DF3F891510B4D6C1,classic_bike,"2026-05-18 19:03:53.016","2026-05-18 19:09:33.528","55 St & 5 Ave",3050.03,"56 St & 2 Ave",3138.03,40.642408,-74.013318,40.645705,-74.020292,casual
2228000,tripdata_3,3EBF71F8285A7262,electric_bike,"2026-05-26 07:49:03.963","2026-05-26 07:56:30.007","Stagg St & Union Ave",5117.05,"S 2 St & Kent Ave",5276.04,40.70877084,-73.95095259,40.714731,-73.966612,member
2228500,tripdata_3,8F586E20E2AC14F2,electric_bike,"2026-05-28 08:56:30.528","2026-05-28 09:15:40.170","Clinton St & Joralemon St",4605.04,"S 2 St & Kent Ave",5276.04,40.69239502,-73.99337909,40.714731,-73.966612,casual
2229000,tripdata_3,E0ABF5FCDEF13B39,electric_bike,"2026-05-15 09:49:29.113","2026-05-15 09:53:26.895","N 10 St & Berry St",5450.01,"S 2 St & Kent Ave",5276.04,40.720253,-73.957082,40.714731,-73.966612,member
2229500,tripdata_3,1D338C202E5F73A8,electric_bike,"2026-05-29 15:49:29.494","2026-05-29 15:56:00.145","Kent Ave & N 7 St",5489.03,"S 4 St & Wythe Ave",5204.05,40.72036775298455,-73.96165072917938,40.71285887,-73.96590294,member
2230000,tripdata_3,9B91611AECC8286E,classic_bike,"2026-05-29 09:36:31.693","2026-05-29 09:44:01.232","Meserole Ave & Manhattan Ave",5666.04,"S 2 St & Kent Ave",5276.04,40.72708584,-73.95299117,40.714731,-73.966612,member
2230500,tripdata_3,2A290D238B52B1FD,electric_bike,"2026-05-17 12:26:49.381","2026-05-17 12:32:33.467","N 7 St & Driggs Ave",5340.01,"S 4 St & Wythe Ave",5204.05,40.716967,-73.956388,40.71285887,-73.96590294,member
2231000,tripdata_3,248B5FDF7B649240,classic_bike,"2026-05-30 18:37:13.060","2026-05-30 18:46:22.121","Calyer St & West St",5676.04,"S 2 St & Kent Ave",5276.04,40.72693,-73.95863,40.714731,-73.966612,member
2231500,tripdata_3,832EDCB2620E5DF1,electric_bike,"2026-05-20 08:25:46.727","2026-05-20 08:27:40.406","Driggs Ave & N 9 St",5411.08,"Union Ave & Jackson St",5300.06,40.71816969454208,-73.95520135760307,40.7160751,-73.952029,member
2232000,tripdata_3,50F9E8B92D159806,electric_bike,"2026-05-18 14:46:46.177","2026-05-18 14:56:30.665","Adelphi St & Myrtle Ave",4620.02,"Pacific St & Classon Ave",4148.07,40.69308257,-73.97178913,40.6791944,-73.9587903,member
2232500,tripdata_3,AB12994AE63C9FED,classic_bike,"2026-05-25 12:03:15.424","2026-05-25 12:06:45.519","S 4 St & Rodney St",5156.05,"S 4 St & Wythe Ave",5204.05,40.70934,-73.95608,40.71285887,-73.96590294,member
2233000,tripdata_3,E8362D4CA3B56264,electric_bike,"2026-05-22 15:37:44.677","2026-05-22 16:11:26.063","5 Ave & E 87 St",7323.09,"8 Ave & W 49 St",6747.07,40.78232260730881,-73.95987510681152,40.76171227910671,-73.98655101656914,casual
2233500,tripdata_3,0FA4244EE776D14E,electric_bike,"2026-05-28 22:43:49.746","2026-05-28 22:58:24.483","W 15 St & 6 Ave",5989.02,"8 Ave & W 49 St",6747.07,40.738046142482766,-73.99642959237099,40.76171227910671,-73.98655101656914,member
2234000,tripdata_3,51788586A984C5B9,electric_bike,"2026-05-20 17:02:14.354","2026-05-20 17:18:21.005","1 Ave & E 38 St",6230.02,"8 Ave & W 49 St",6747.07,40.746202,-73.971822,40.76171227910671,-73.98655101656914,member
2234500,tripdata_3,61F531F45B66287C,classic_bike,"2026-05-20 14:09:37.535","2026-05-20 14:14:15.949","Broadway & Roebling St",5125.07,"S 2 St & Kent Ave",5276.04,40.70924826276157,-73.96063148975372,40.714731,-73.966612,member
2235000,tripdata_3,798532CE8B7B618E,electric_bike,"2026-05-27 14:20:57.337","2026-05-27 14:26:58.607","Bedford Ave & Nassau Ave",5550.05,"S 2 St & Kent Ave",5276.04,40.72311651,-73.95212324,40.714731,-73.966612,member
2235500,tripdata_3,656AFEA88ABD2383,electric_bike,"2026-05-18 15:41:57.178","2026-05-18 15:57:47.641","Center Blvd & 51 Ave",6179.07,"44 Dr & Jackson Ave",6352.01,40.743366080270214,-73.95960688591003,40.74718234,-73.9432635,member
2236000,tripdata_3,13C39D33F14B6F85,classic_bike,"2026-05-16 18:33:36.028","2026-05-16 19:16:15.077","E 61 St & Madison Ave",6801.16,"Cooper Square & Astor Pl",5712.03,40.764752828526326,-73.97037800510203,40.72951496224949,-73.99075269699097,member
2236500,tripdata_3,F736C8BA9D6672C9,electric_bike,"2026-05-17 11:28:41.056","2026-05-17 11:34:27.685","E 14 St & Ave B",5736.09,"Cooper Square & Astor Pl",5712.03,40.72938685,-73.97772429,40.72951496224949,-73.99075269699097,member
2237000,tripdata_3,97A06974C850B567,electric_bike,"2026-05-15 21:55:10.699","2026-05-15 21:59:24.058","Walton Ave & E 171 St",8249.1,"W 176 St & Montgomery Ave",8366.06,40.840683,-73.915073,40.849629,-73.919205,member
2237500,tripdata_3,DEDA5F13105AAB45,electric_bike,"2026-05-27 09:44:56.794","2026-05-27 09:52:33.061","W 37 St & 10 Ave",6611.02,"9 Ave & W 18 St",6190.08,40.75660359,-73.9979009,40.74317449,-74.00366443,member
2238000,tripdata_3,E396EF46B8354190,electric_bike,"2026-05-21 18:33:11.594","2026-05-21 18:40:09.962","Morton St & Greenwich St",5772.05,"Franklin St & W Broadway",5430.08,40.731135726910246,-74.00815155572697,40.71911552,-74.00666661,member
2238500,tripdata_3,563E71C4C0936FC7,electric_bike,"2026-05-22 18:05:01.049","2026-05-22 18:15:55.256","8 Ave & W 38 St",6526.05,"W 64 St & Thelonious Monk Circle",7123.04,40.75461,-73.99177,40.77515953434235,-73.98918695747852,member
2239000,tripdata_3,A24CE97340EE4D99,classic_bike,"2026-05-30 12:06:38.440","2026-05-30 12:13:59.219","31 Ave & 14 St",6966.04,"Broadway & 31 St",6789.08,40.7682,-73.9322662,40.76194,-73.92513,member
2239500,tripdata_3,32EFA7C362052DC4,electric_bike,"2026-05-28 09:51:12.308","2026-05-28 09:59:41.567","Columbus Ave & W 95 St",7520.07,"W 120 St & Claremont Ave",7745.07,40.7919557,-73.968087,40.8109494,-73.9634,member
2240000,tripdata_3,4E9FC7FC2F0C241B,electric_bike,"2026-05-22 15:20:11.196","2026-05-22 15:38:52.653","E 2 St & 2 Ave",5593.02,"8 Ave & W 52 St",6816.07,40.72502876,-73.99069656,40.76370739,-73.9851615,member
2240500,tripdata_3,885D4D24B1136370,classic_bike,"2026-05-30 20:30:35.884","2026-05-30 21:09:37.637","Ditmars Blvd & 102 St",6970.02,"Broadway & 31 St",6789.08,40.76894,-73.86832,40.76194,-73.92513,casual
2241000,tripdata_3,4BC472E07962C268,electric_bike,"2026-05-17 13:30:49.036","2026-05-17 13:38:25.227","Perry St & Greenwich Ave",5955.12,"E 4 St & 2 Ave",5593.04,40.735918,-74.000939,40.7262807,-73.98978041,casual
2241500,tripdata_3,B01A2D8581C0FFBB,electric_bike,"2026-05-19 12:07:52.832","2026-05-19 12:17:49.810","Mercer St & Spring St",5532.01,"W 18 St & 6 Ave",6064.08,40.72362738,-73.99949601,40.73971301,-73.99456405,member
2242000,tripdata_3,FC16DB782D01C9D4,electric_bike,"2026-05-19 04:21:17.301","2026-05-19 04:30:00.685","Albemarle Rd & E 21 St",3180.09,"Eastern Pkwy & Franklin Ave (NE Corner)",3919.07,40.64741,-73.95933,40.6707767,-73.9576801,member
2242500,tripdata_3,7DDB414913B80144,electric_bike,"2026-05-20 09:33:04.157","2026-05-20 09:37:13.081","W 42 St & 8 Ave",6602.05,"8 Ave & W 52 St",6816.07,40.7575699,-73.99098507,40.76370739,-73.9851615,member
2243000,tripdata_3,F530C15840F8CBB7,electric_bike,"2026-05-15 10:03:33.507","2026-05-15 10:15:04.402","E 27 St & 1 Ave",6004.06,"E 48 St & 3 Ave",6541.03,40.739445,-73.976806,40.7546011026,-73.971878855,casual
2243500,tripdata_3,09C138E0E2A60D77,classic_bike,"2026-05-15 22:57:04.051","2026-05-15 23:01:50.487","1 Pl & Clinton St",4193.14,"Carroll St & Columbia St",4348.07,40.6809591,-73.99905709,40.6830456,-74.00348559,member
2244000,tripdata_3,AA9F8898E79519B2,electric_bike,"2026-05-29 20:47:44.922","2026-05-29 20:52:22.182","4 Ave & 9 St",3955.05,"5 Ave & 3 St",3987.06,40.6705135,-73.98876585,40.6728155,-73.98352355,member
2244500,tripdata_3,6D2488323B4DF711,electric_bike,"2026-05-17 16:29:45.557","2026-05-17 17:05:51.438","Metropolitan Ave & Meeker Ave",5300.05,"Halsey St & Tompkins Ave",4319.07,40.71413311,-73.95234386,40.6823687,-73.944118,member
2245000,tripdata_3,12F5A5653E05D32B,electric_bike,"2026-05-31 14:38:52.119","2026-05-31 14:48:07.607","Broadway & E 19 St",5980.11,"6 Ave & W 45 St",6593.15,40.73829,-73.99006,40.756951,-73.982631,member
2245500,tripdata_3,3072C3AD60BC3833,electric_bike,"2026-05-24 15:18:29.390","2026-05-24 15:39:34.400","Powers St & Olive St",5210.01,"Bridge St & York St",4853.06,40.71323,-73.93894,40.70133448066992,-73.98471236228943,casual
2246000,tripdata_3,7A6A0A436E6036CD,classic_bike,"2026-05-27 22:59:56.745","2026-05-27 23:09:15.403","5 Ave & E 30 St",6248.08,"E 48 St & 3 Ave",6541.03,40.7459849,-73.98629487,40.7546011026,-73.971878855,member
2246500,tripdata_3,A2D4D9AB2959F296,classic_bike,"2026-05-24 20:47:21.821","2026-05-24 20:59:47.907","Court St & Huntington St",4077.07,"5 Ave & 3 St",3987.06,40.67595768953126,-73.99894942833194,40.6728155,-73.98352355,member
2247000,tripdata_3,4A66B90BD21E7E5E,electric_bike,"2026-05-16 16:54:33.710","2026-05-16 17:00:07.053","Allen St & Rivington St",5414.06,"1 Ave & E 6 St",5626.15,40.72019576,-73.98997825,40.72633085971696,-73.98616880178452,member
2247500,tripdata_3,5BE38C9BD45CC795,electric_bike,"2026-05-16 15:48:14.393","2026-05-16 16:15:16.387","36 St & Hunters Point Ave",5992.02,"1 Ave & E 6 St",5626.15,40.73781699881193,-73.93024072051048,40.72633085971696,-73.98616880178452,member
2248000,tripdata_3,1EFEAA6000BF3D91,classic_bike,"2026-05-29 09:19:20.145","2026-05-29 09:32:48.362","Columbus Ave & W 72 St",7175.05,"W 42 St & 6 Ave",6517.08,40.7770575,-73.97898475,40.75492,-73.98455,casual
2248500,tripdata_3,2F1812553549CF59,electric_bike,"2026-05-17 15:37:21.098","2026-05-17 15:40:38.841","W 52 St & 6 Ave",6740.01,"8 Ave & W 52 St",6816.07,40.76132983124814,-73.97982001304626,40.76370739,-73.9851615,member
2249000,tripdata_3,6A0C3FAE96347B8B,electric_bike,"2026-05-26 17:42:26.155","2026-05-26 17:56:10.356","3 Ave & E 174 St",8241.07,"Ogden Ave & W 165 St",8149.09,40.84224,-73.8985,40.834457,-73.928381,member
2249500,tripdata_3,3E8BE124E0719076,electric_bike,"2026-05-30 19:07:46.842","2026-05-30 19:21:37.833","E 74 St & 1 Ave",6953.08,"W 64 St & Thelonious Monk Circle",7123.04,40.7689738,-73.95482273,40.77515953434235,-73.98918695747852,member
2250000,tripdata_3,38C443F977812938,electric_bike,"2026-05-31 15:21:42.843","2026-05-31 15:33:38.214","Park Ave & E 42 St",6432.09,"E 4 St & 2 Ave",5593.04,40.751873,-73.977706,40.7262807,-73.98978041,member
2250500,tripdata_3,B1C66329726061CE,electric_bike,"2026-05-31 10:50:01.747","2026-05-31 10:59:48.668","Sullivan St & Washington Sq",5721.01,"Grand St & Samuel Dickstein Plaza",5335.07,40.73047747,-73.99906065,40.71511871996496,-73.98417055606842,member
2251000,tripdata_3,FD657508C62E849C,electric_bike,"2026-05-20 16:09:57.992","2026-05-20 16:26:49.379","E 53 St & Madison Ave",6659.03,"Broadway & 31 St",6789.08,40.7597108,-73.97402311,40.76194,-73.92513,casual
2251500,tripdata_3,DDE5F3C5B03A0144,electric_bike,"2026-05-20 12:07:14.915","2026-05-20 12:16:40.265","Ave A & E 11 St",5703.13,"W 18 St & 6 Ave",6064.08,40.72854745023944,-73.98175925016403,40.73971301,-73.99456405,member
2252000,tripdata_3,7A7CFC22D816ECD5,classic_bike,"2026-05-21 22:01:51.707","2026-05-21 22:29:29.749","Cleveland Pl & Spring St",5492.05,"8 Ave & W 52 St",6816.07,40.722103786686034,-73.99724900722504,40.76370739,-73.9851615,member
2252500,tripdata_3,0A4570565086B33C,classic_bike,"2026-05-22 14:37:32.630","2026-05-22 14:55:57.480","Christopher St & Greenwich St",5847.01,"Little West St & 1 Pl",5001.08,40.73291553,-74.00711384,40.70569254,-74.01677685,member
2253000,tripdata_3,27351B0B8E2AAE5B,electric_bike,"2026-05-20 19:51:20.730","2026-05-20 19:53:25.032","W 20 St & 11 Ave",6306.07,"9 Ave & W 18 St",6190.08,40.746745,-74.007756,40.74317449,-74.00366443,member
2253500,tripdata_3,B6D52B1FB023B5DC,electric_bike,"2026-05-18 05:22:34.708","2026-05-18 05:31:41.982","Perry St & Bleecker St",5922.07,"W 42 St & 6 Ave",6517.08,40.73535398,-74.00483091,40.75492,-73.98455,member
2254000,tripdata_3,16411505B6BFBC03,electric_bike,"2026-05-23 06:00:54.087","2026-05-23 06:03:19.701","E 133 St & Cypress Pl",7642.04,"E 138 St & Willow Ave",7654.04,40.80262,-73.9174,40.804168,-73.911545,member
2254500,tripdata_3,9EEC9F87B53E64DD,classic_bike,"2026-05-22 18:44:22.901","2026-05-22 18:51:41.974","Howard St & Lafayette St",5422.04,"Norfolk St & Broome St",5374.01,40.71910537,-73.99973337,40.7172274,-73.98802084,member
2255000,tripdata_3,015DE32BF8E02D08,electric_bike,"2026-05-31 13:42:10.130","2026-05-31 14:01:05.707","Kenmare St & Elizabeth St",5453.06,"Kent Ave & Division Ave",5021.05,40.72054,-73.9949,40.706563674670925,-73.9683187007904,member
2255500,tripdata_3,2981A43ED7F2D2A1,electric_bike,"2026-05-22 12:24:44.853","2026-05-22 12:49:20.833","11 St & 44 Rd",6319.04,"Central Ave & Himrod St",4713.01,40.749207,-73.949373,40.69676,-73.92302,casual
2256000,tripdata_3,9E1FA2A50FEFEBDB,electric_bike,"2026-05-21 07:59:10.449","2026-05-21 08:03:20.668","N 7 St & Driggs Ave",5340.01,"S 3 St & Bedford Ave",5235.05,40.716967,-73.956388,40.71260486,-73.96264403,member
2256500,tripdata_3,140C372D83BF5854,electric_bike,"2026-05-21 18:47:55.019","2026-05-21 18:51:39.995","N 7 St & Driggs Ave",5340.01,"S 3 St & Bedford Ave",5235.05,40.716967,-73.956388,40.71260486,-73.96264403,member
2257000,tripdata_3,79641654C9CDB074,electric_bike,"2026-05-20 00:03:03.030","2026-05-20 00:21:54.133","Washington St & Gansevoort St",6039.06,"S 3 St & Bedford Ave",5235.05,40.739323,-74.008119,40.71260486,-73.96264403,member
2257500,tripdata_3,8A8B8F10B32524F9,classic_bike,"2026-05-26 13:39:09.259","2026-05-26 13:45:18.572","South St & Pike St",5159.07,"Norfolk St & Broome St",5374.01,40.70991806921533,-73.99161100387573,40.7172274,-73.98802084,member
2258000,tripdata_3,B2A6ED944C9CB891,electric_bike,"2026-05-15 19:36:46.431","2026-05-15 19:48:36.172","E 63 St & 3 Ave",6830.02,"E 91 St & Park Ave",7344.05,40.763954,-73.9646,40.7835016,-73.955327,member
2258500,tripdata_3,B28A71C399DD510D,classic_bike,"2026-05-28 20:00:25.999","2026-05-28 20:46:25.272","Maple St & New York Ave",3617.02,"Suydam St & Broadway",4689.03,40.66104,-73.94795,40.69544,-73.93223,member
2259000,tripdata_3,DE93C83B10EBE95E,electric_bike,"2026-05-16 01:26:57.402","2026-05-16 01:46:33.615","W 17 St & 8 Ave",6148.02,"W 89 St & Columbus Ave",7432.09,40.74177603,-74.00149746,40.7882213,-73.97041561,member
2259500,tripdata_3,47D7228EAA276CDE,classic_bike,"2026-05-17 15:18:03.826","2026-05-17 15:57:06.674","Peck Slip & South St",5096.12,"Stanton St & Norfolk St",5445.07,40.7075188830923,-74.00108054280281,40.720747,-73.986274,member
2260000,tripdata_3,77F952F8759226AC,electric_bike,"2026-05-28 22:20:10.063","2026-05-28 22:23:24.017","S 4 St & Wythe Ave",5204.05,"Kent Ave & Division Ave",5021.05,40.71285887,-73.96590294,40.706563674670925,-73.9683187007904,member
2260500,tripdata_3,AB8C00C55E4B5306,electric_bike,"2026-05-15 17:41:11.814","2026-05-15 17:42:49.734","Willis Ave & E 141 St",7759.08,"Willis Ave & E 137 St",7726.02,40.81093,-73.921606,40.808384,-73.923604,member
2261000,tripdata_3,E64E1F98A7F366BA,classic_bike,"2026-05-28 11:37:25.754","2026-05-28 12:05:49.462","Vesey Pl & River Terrace",5297.02,"W 45 St & 8 Ave",6676.02,40.7153379,-74.01658354,40.75929124,-73.98859651,casual
2261500,tripdata_3,212E62DDFA91C5FC,electric_bike,"2026-05-15 17:09:07.284","2026-05-15 17:14:32.825","W Broadway & Spring St",5569.06,"W 4 St & 7 Ave S",5880.02,40.72494672359416,-74.00165855884552,40.73401143,-74.00293877,member
2262000,tripdata_3,26C8D66B35A5AD62,classic_bike,"2026-05-19 18:49:34.758","2026-05-19 18:51:46.307","E 6 St & Ave B",5584.04,"E 5 St & Ave C",5545.04,40.72453734,-73.98185424,40.72299208,-73.97995466,member
2262500,tripdata_3,2B1F8C33B20BA0FD,electric_bike,"2026-05-19 17:37:03.251","2026-05-19 17:43:16.086","E 85 St & 3 Ave",7212.05,"2 Ave & E 72 St",6925.09,40.77801203,-73.95407149,40.7687620293096,-73.95840793848038,member
2263000,tripdata_3,64EF03CB88B03A34,classic_bike,"2026-05-19 23:49:36.763","2026-05-19 23:56:02.161","Watts St & Greenwich St",5578.02,"Vesey Pl & River Terrace",5297.02,40.72405549,-74.00965965,40.7153379,-74.01658354,member
2263500,tripdata_3,D0EBDD7DD9B0BDBE,electric_bike,"2026-05-27 08:03:37.802","2026-05-27 08:07:54.625","Maiden Ln & Pearl St",5065.1,"Vesey Pl & River Terrace",5297.02,40.70706456,-74.00731853,40.7153379,-74.01658354,member
2264000,tripdata_3,C361B1B29C5E87A7,electric_bike,"2026-05-29 14:37:57.151","2026-05-29 14:48:25.617","W 34 St & Hudson Blvd E",6535.04,"Broadway & W 58 St",6948.1,40.75516719072139,-74.00059908628464,40.76695317,-73.98169333,member
2264500,tripdata_3,3B0F1D3667CE5597,electric_bike,"2026-05-15 08:38:41.802","2026-05-15 08:41:45.673","E 46 St & Madison Ave",6551.16,"E 56 St & Madison Ave",6732.01,40.755393,-73.977601,40.761573,-73.972628,casual
2265000,tripdata_3,BF0AD60D5A6F00C5,classic_bike,"2026-05-31 15:52:03.973","2026-05-31 16:22:04.792","Broadway & W 25 St",6173.08,"E 77 St & 3 Ave",7092.06,40.74286877312112,-73.98918628692627,40.77314236,-73.95856158,member
2265500,tripdata_3,6FFE96706DC6D3A3,electric_bike,"2026-05-27 11:14:02.490","2026-05-27 11:28:20.746","Bergen St & Vanderbilt Ave",4157.1,"Rutland Rd & Brooklyn Ave",3576.1,40.6794388,-73.9680438,40.65969,-73.94517,member
2266000,tripdata_3,1894BAC3BE88BD00,classic_bike,"2026-05-17 14:02:16.745","2026-05-17 14:08:12.597","Liberty St & Nassau St",5105.09,"Vesey Pl & River Terrace",5297.02,40.70858894,-74.00935482,40.7153379,-74.01658354,member
2266500,tripdata_3,B01AAA8D7F4F5D8F,classic_bike,"2026-05-16 20:11:58.178","2026-05-16 20:30:19.746","Sharon St & Olive St",5323.06,"Banker St & Meserole Ave",5633.04,40.715341620424475,-73.93865078687668,40.72606,-73.95621,member
2267000,tripdata_3,68CFA63149430B56,electric_bike,"2026-05-14 21:12:09.479","2026-05-14 21:24:05.956","Old Slip & South St",4993.13,"Vesey Pl & River Terrace",5297.02,40.70336686695866,-74.007867872715,40.7153379,-74.01658354,casual
2267500,tripdata_3,64C511D5A346AE8A,electric_bike,"2026-05-20 23:09:40.887","2026-05-20 23:14:00.161","Summerfield St & Cypress Ave",4727.06,"61 St & 60 Ln",4830.02,40.69662,-73.90056,40.70055,-73.8943,member
2268000,tripdata_3,C3489499A35C5434,electric_bike,"2026-05-25 12:42:21.698","2026-05-25 12:50:33.726","Dean St & Franklin Ave",4107.13,"Lexington Ave & Classon Ave",4452.03,40.67759206937376,-73.955637216568,40.68676793,-73.95928168,member
2268500,tripdata_3,5E580B173E5F589D,classic_bike,"2026-05-18 20:42:35.696","2026-05-18 20:49:12.552","Bayard St & Leonard St",5442.05,"Banker St & Meserole Ave",5633.04,40.71915571696044,-73.94885390996933,40.72606,-73.95621,member
2269000,tripdata_3,CA60632AB0868556,classic_bike,"2026-05-19 15:16:31.013","2026-05-19 15:49:59.316","Adam Clayton Powell Blvd & W 123 St",7704.04,"2 Ave & E 72 St",6925.09,40.8078316,-73.949373,40.7687620293096,-73.95840793848038,member
2269500,tripdata_3,D5DAD23B66438AE3,electric_bike,"2026-05-17 09:21:18.248","2026-05-17 09:27:38.661","W 70 St & Amsterdam Ave",7207.08,"Broadway & W 58 St",6948.1,40.77748046,-73.98288594,40.76695317,-73.98169333,member
2270000,tripdata_3,E24544982D34DDFB,electric_bike,"2026-05-29 14:20:50.485","2026-05-29 14:28:38.285","Central Ave & Melrose St",4832.07,"Central Ave & Covert St",4550.05,40.70112,-73.93039,40.68929,-73.90951,member
2270500,tripdata_3,0837CAEF349DB6EE,electric_bike,"2026-05-28 15:28:00.576","2026-05-28 15:36:31.132","E 91 St & Park Ave",7344.05,"2 Ave & E 72 St",6925.09,40.7835016,-73.955327,40.7687620293096,-73.95840793848038,member
2271000,tripdata_3,743AB13A7A26EEA9,electric_bike,"2026-05-18 11:08:22.398","2026-05-18 11:17:37.852","Albany Ave & Fulton St",4237.02,"Sterling St & Nostrand Ave",3657.06,40.6800105,-73.938475,40.66318,-73.95076,member
2271500,tripdata_3,609D6619831E0E2A,classic_bike,"2026-05-28 11:37:10.320","2026-05-28 11:57:42.282","E 48 St & 3 Ave",6541.03,"Broadway & W 58 St",6948.1,40.7546011026,-73.971878855,40.76695317,-73.98169333,member
2272000,tripdata_3,FD4ED399F000262F,electric_bike,"2026-05-27 06:16:57.120","2026-05-27 06:23:14.802","Greenwich St & W Houston St",5730.08,"Vesey Pl & River Terrace",5297.02,40.728846,-74.008591,40.7153379,-74.01658354,casual
2272500,tripdata_3,0B4186A4D7ECFD0F,electric_bike,"2026-05-30 11:33:55.419","2026-05-30 11:53:18.909","Lafayette Ave & St James Pl",4494.04,"Vesey Pl & River Terrace",5297.02,40.68851534,-73.9647628,40.7153379,-74.01658354,member
2273000,tripdata_3,3C7DE7F179D79714,electric_bike,"2026-05-29 18:15:32.176","2026-05-29 18:27:13.688","Riverside Dr & W 82 St",7388.1,"Broadway & W 58 St",6948.1,40.78720869,-73.98128127,40.76695317,-73.98169333,member
2273500,tripdata_3,04E6A7AA38F8CE94,electric_bike,"2026-05-19 10:44:53.883","2026-05-19 10:56:10.575","8 Ave & W 24 St",6224.06,"E 56 St & Madison Ave",6732.01,40.74591072834279,-73.99807110428809,40.761573,-73.972628,member
2274000,tripdata_3,1480650FAFC6EE6A,electric_bike,"2026-05-30 22:18:07.340","2026-05-30 22:20:55.403","8 Ave & W 49 St",6747.07,"Broadway & W 58 St",6948.1,40.76171227910671,-73.98655101656914,40.76695317,-73.98169333,member
2274500,tripdata_3,95AFAA01C58DDBF7,electric_bike,"2026-05-18 15:41:27.988","2026-05-18 15:53:46.774","5 Ave & E 78 St",7161.08,"Broadway & W 58 St",6948.1,40.77632142182271,-73.96427392959595,40.76695317,-73.98169333,casual
2275000,tripdata_3,10B12384518E5186,electric_bike,"2026-05-30 19:58:25.626","2026-05-30 20:06:15.589","E 13 St & 2 Ave",5820.08,"MacDougal St & Prince St",5687.04,40.73153937464073,-73.9853024482727,40.72710258,-74.00297088,member
2275500,tripdata_3,218CC47B1FDE83BA,electric_bike,"2026-05-28 15:35:04.070","2026-05-28 15:52:14.829","8 Ave & W 38 St",6526.05,"Madison Ave & E 82 St",7188.13,40.75461,-73.99177,40.7781314,-73.96069399,member
2276000,tripdata_3,0231DEDBCEBC3583,electric_bike,"2026-05-23 12:05:49.479","2026-05-23 12:12:56.030","Troy Ave & Park Pl",3934.07,"MacDonough St & Malcolm X Blvd",4301.07,40.67251,-73.93642,40.68273,-73.92926,member
2276500,tripdata_3,0AC7B234917C3BBD,classic_bike,"2026-05-27 20:23:22.281","2026-05-27 20:29:45.899","Henry St & Atlantic Ave",4531.05,"President St & Henry St",4307.13,40.69089272,-73.99612349,40.6828003,-73.99990419,member
2277000,tripdata_3,B4E7642FF3A2B0D9,electric_bike,"2026-05-30 14:06:16.159","2026-05-30 14:15:57.132","2 Ave & E 72 St",6925.09,"Central Park W & W 68 St",7079.06,40.7687620293096,-73.95840793848038,40.7734066,-73.97782542,casual
2277500,tripdata_3,4AC33DF5B7A2986A,classic_bike,"2026-05-26 18:16:01.108","2026-05-26 18:25:20.253","Devoe St & Lorimer St",5259.06,"Kent Ave & Grand St",5388.01,40.71335226222875,-73.9491033554077,40.716425,-73.96594,member
2278000,tripdata_3,E8BA6FAEB1D27DDC,classic_bike,"2026-05-19 07:29:13.948","2026-05-19 08:02:28.755","N 7 St & Driggs Ave",5340.01,"West St & Liberty St",5184.08,40.716967,-73.956388,40.711444,-74.014847,member
2278500,tripdata_3,007496435130921B,electric_bike,"2026-05-25 16:47:00.709","2026-05-25 17:08:28.794","Willoughby Ave & Walworth St",4634.02,"6 St & 7 Ave",3834.1,40.69331716,-73.95381995,40.6686627,-73.97988067,member
2279000,tripdata_3,A4B1FD7FD20EE245,electric_bike,"2026-05-24 14:49:29.431","2026-05-24 15:02:52.046","1 Pl & Clinton St",4193.14,"6 St & 7 Ave",3834.1,40.6809591,-73.99905709,40.6686627,-73.97988067,member
2279500,tripdata_3,B51355BB1F543915,electric_bike,"2026-05-31 01:15:55.030","2026-05-31 01:20:31.383","Leonard St & Nassau Ave",5550.09,"N 9 St & Wythe Ave",5489.06,40.7239567849954,-73.94984364509583,40.72054,-73.959,member
2280000,tripdata_3,50155E75186E8C34,electric_bike,"2026-05-22 22:07:34.398","2026-05-22 22:12:03.819","W 84 St & Columbus Ave",7382.04,"Central Park W & W 68 St",7079.06,40.78499979,-73.97283406,40.7734066,-73.97782542,casual
2280500,tripdata_3,124560EF520EE573,electric_bike,"2026-05-27 19:34:53.468","2026-05-27 19:40:11.924","Valentine Ave & E 183 St",8472.06,"E 196 St & Valentine Ave",8635.09,40.856987,-73.898237,40.86744,-73.89198,member
2281000,tripdata_3,D10DD32469A276F0,electric_bike,"2026-05-29 07:55:37.495","2026-05-29 08:06:57.986","5 Ave & E 103 St",7511.19,"W 67 St & Broadway",7116.04,40.7922553,-73.95249933,40.77492513,-73.98266566,member
2281500,tripdata_3,1F767F8F5489B3AB,electric_bike,"2026-05-17 14:33:50.410","2026-05-17 14:40:14.767","W 13 St & 7 Ave",6030.04,"MacDougal St & Prince St",5687.04,40.73781509,-73.99994661,40.72710258,-74.00297088,casual
2282000,tripdata_3,6E61E11C82917BDF,electric_bike,"2026-05-26 14:16:06.156","2026-05-26 14:33:29.010","Henry St & Atlantic Ave",4531.05,"President St & Henry St",4307.13,40.69089272,-73.99612349,40.6828003,-73.99990419,member
2282500,tripdata_3,AD38676F3251BB1B,electric_bike,"2026-05-22 00:09:24.203","2026-05-22 00:34:45.116","Mt Morris Park W & W 120 St",7685.14,"Fort Washington Ave & W 183 St",8399.06,40.804038,-73.945925,40.852252,-73.937854,member
2283000,tripdata_3,60F98445B1EA695C,classic_bike,"2026-05-22 08:05:09.956","2026-05-22 08:12:40.774","E 77 St & 3 Ave",7092.06,"W 67 St & Broadway",7116.04,40.77314236,-73.95856158,40.77492513,-73.98266566,member
2283500,tripdata_3,06A1DD625AD4A045,electric_bike,"2026-05-30 10:14:52.317","2026-05-30 10:22:08.632","Underhill Ave & Lincoln Pl",4042.08,"6 St & 7 Ave",3834.1,40.6740123,-73.9671457,40.6686627,-73.97988067,member
2284000,tripdata_3,1D1D6E7AA1E7CC0E,classic_bike,"2026-05-26 17:15:45.985","2026-05-26 17:19:43.049","Frederick Douglass Blvd & W 112 St",7631.23,"W 107 St & Columbus Ave",7619.05,40.801694,-73.957145,40.7997568,-73.9621128676,member
2284500,tripdata_3,7D7AEFA49EC23FF8,electric_bike,"2026-05-26 18:12:22.750","2026-05-26 18:19:31.930","E 128 St & Madison Ave",7735.23,"Edgecombe Ave & W 145 St",7976.08,40.80756,-73.939182,40.823498,-73.94386,casual
2285000,tripdata_3,E61C1F19BDB3D585,electric_bike,"2026-05-22 19:40:37.612","2026-05-22 19:54:58.591","Kosciuszko St & Nostrand Ave",4519.04,"Kent Ave & Grand St",5388.01,40.69072549,-73.95133465,40.716425,-73.96594,member
2285500,tripdata_3,EAF76EEDF53B17D0,electric_bike,"2026-05-22 16:17:22.600","2026-05-22 16:21:41.610","North Moore St & Greenwich St",5470.12,"West St & Liberty St",5184.08,40.72019521437465,-74.0103006362915,40.711444,-74.014847,member
2286000,tripdata_3,4916649C7EFB6381,classic_bike,"2026-05-30 16:48:08.682","2026-05-30 17:05:08.855","E 77 St & 1 Ave",7020.02,"Central Park W & W 68 St",7079.06,40.77095553869235,-73.95356208096926,40.7734066,-73.97782542,casual
2286500,tripdata_3,D286D72973456782,electric_bike,"2026-05-30 16:26:57.508","2026-05-30 16:47:53.689","2 Ave & E 29 St",6122.09,"Central Park W & W 68 St",7079.06,40.741723510974715,-73.97809267044067,40.7734066,-73.97782542,member
2287000,tripdata_3,381E8164ACCDDC8B,electric_bike,"2026-05-16 13:43:45.937","2026-05-16 14:11:19.695","W 145 St & Amsterdam Ave",7997.08,"Central Park W & W 68 St",7079.06,40.825244,-73.947257,40.7734066,-73.97782542,member
2287500,tripdata_3,F94ADF5BD296FBDC,electric_bike,"2026-05-25 18:42:30.786","2026-05-25 19:30:27.509","Central Park S & Grand Army Plaza",6839.15,"Central Park W & W 68 St",7079.06,40.764555,-73.973473,40.7734066,-73.97782542,casual
2288000,tripdata_3,55F4383C75386E78,electric_bike,"2026-05-20 11:05:46.260","2026-05-20 11:16:50.957","Dwight St & Van Dyke St",3981.1,"6 St & 7 Ave",3834.1,40.67363551341504,-74.01195555925369,40.6686627,-73.97988067,member
2288500,tripdata_3,B8423361AD703E68,electric_bike,"2026-05-16 16:42:31.243","2026-05-16 17:16:22.124","Riverside Dr & W 104 St",7623.13,"W 67 St & Broadway",7116.04,40.8013434,-73.9711457439,40.77492513,-73.98266566,casual
2289000,tripdata_3,A82A5A452FD935A7,electric_bike,"2026-05-28 16:33:40.632","2026-05-28 16:38:26.027","11 Ave & W 59 St",7059.01,"W 67 St & Broadway",7116.04,40.77149671054441,-73.99046033620834,40.77492513,-73.98266566,member
2289500,tripdata_3,B362EAB619277F9B,classic_bike,"2026-05-17 16:52:06.400","2026-05-17 17:16:07.770","E 44 St & Lexington Ave",6464.09,"W 67 St & Broadway",7116.04,40.752643,-73.974996,40.77492513,-73.98266566,member
2290000,tripdata_3,C330E31DF7A3029D,electric_bike,"2026-05-26 07:53:12.521","2026-05-26 08:03:48.523","Riverside Dr & W 78 St",7340.06,"Madison Ave & E 82 St",7188.13,40.78414472,-73.98362492,40.7781314,-73.96069399,member
2290500,tripdata_3,F6756FE4597C6ADB,electric_bike,"2026-05-24 16:26:10.648","2026-05-24 16:46:16.998","E 54 St & 1 Ave",6608.09,"W 67 St & Broadway",7116.04,40.756265,-73.964179,40.77492513,-73.98266566,member
2291000,tripdata_3,633C2C500D8F1FC9,classic_bike,"2026-05-18 07:27:13.891","2026-05-18 07:36:27.307","E 10 St & 2 Ave",5746.02,"E 32 St & Park Ave",6280.12,40.72970805644994,-73.9865979552269,40.7457121,-73.98194829,member
2291500,tripdata_3,591E3F1C16D44021,electric_bike,"2026-05-28 09:46:17.198","2026-05-28 09:59:16.372","E 188 St & Creston Ave",8566.05,"W 190 St & St Nicholas Ave",8453.14,40.861669,-73.898589,40.854788,-73.929513,member
2292000,tripdata_3,ED83A7A715CE649C,electric_bike,"2026-05-17 12:31:18.088","2026-05-17 12:52:18.584","E 58 St & 1 Ave (NW Corner)",6723.1,"Madison Ave & E 82 St",7188.13,40.759125,-73.962658,40.7781314,-73.96069399,member
2292500,tripdata_3,64ADAA19FCE93D99,electric_bike,"2026-05-29 08:57:21.493","2026-05-29 09:04:44.971","Cleveland Pl & Spring St",5492.05,"West St & Liberty St",5184.08,40.722103786686034,-73.99724900722504,40.711444,-74.014847,member
2293000,tripdata_3,AA93FF917C418AD0,electric_bike,"2026-05-26 17:19:23.379","2026-05-26 17:38:41.385","Murray St & Greenwich St",5288.12,"Columbia St & Degraw St",4422.04,40.71485150526251,-74.01122331619263,40.6859296,-74.00242364,member
2293500,tripdata_3,320370051354AA81,electric_bike,"2026-05-20 17:19:05.326","2026-05-20 17:27:30.641","Division Ave & Hooper St",5045.05,"N 5 St & Northside Piers",5458.02,40.70684203101325,-73.9544353965357,40.719876,-73.963865,member
2294000,tripdata_3,25FA87E0D6FAF77D,classic_bike,"2026-05-20 15:56:06.568","2026-05-20 16:00:08.204","E 33 St & 1 Ave",6197.08,"E 32 St & Park Ave",6280.12,40.74322681432173,-73.97449783980846,40.7457121,-73.98194829,member
2294500,tripdata_3,9F5D53EDD4AA8BFB,electric_bike,"2026-05-17 14:54:23.310","2026-05-17 15:08:09.656","E 91 St & 2 Ave",7286.01,"W 67 St & Broadway",7116.04,40.78115276427915,-73.94963040947914,40.77492513,-73.98266566,member
2295000,tripdata_3,A582241FCA7FF008,electric_bike,"2026-05-17 16:36:08.009","2026-05-17 16:46:37.587","Columbus Ave & W 72 St",7175.05,"W 47 St & 6 Ave",6667.12,40.7770575,-73.97898475,40.758154,-73.981957,member
2295500,tripdata_3,D9BE6F5D0B2F19B9,classic_bike,"2026-05-17 08:51:27.667","2026-05-17 09:38:25.126","Central Park S & Grand Army Plaza",6839.15,"Central Park W & W 68 St",7079.06,40.764555,-73.973473,40.7734066,-73.97782542,casual
2296000,tripdata_3,2697D829BF92759E,electric_bike,"2026-05-27 18:42:48.001","2026-05-27 18:46:45.850","Adelphi St & Myrtle Ave",4620.02,"Lafayette Ave & St James Pl",4494.04,40.69308257,-73.97178913,40.68851534,-73.9647628,casual
2296500,tripdata_3,8D2AB7D50DC49412,classic_bike,"2026-05-15 00:11:00.379","2026-05-15 00:17:58.429","Willoughby Ave & Myrtle Ave",4759.02,"MacDonough St & Malcolm X Blvd",4301.07,40.69757,-73.93098,40.68273,-73.92926,member
2297000,tripdata_3,D49EB16B090BCD64,classic_bike,"2026-05-25 15:33:29.117","2026-05-25 15:42:48.818","W 12 St & Hudson St",5997.1,"MacDougal St & Prince St",5687.04,40.73752993301071,-74.00558933615685,40.72710258,-74.00297088,casual
2297500,tripdata_3,06ECC55FD8350371,electric_bike,"2026-05-15 15:45:39.910","2026-05-15 16:25:09.759","3 Ave & E 82 St",7154.1,"Central Park W & W 68 St",7079.06,40.775744,-73.9563752,40.7734066,-73.97782542,member
2298000,tripdata_3,92BAA4EB23BE9BCB,electric_bike,"2026-05-22 09:04:26.923","2026-05-22 09:14:00.867","Ave A & E 11 St",5703.13,"MacDougal St & Prince St",5687.04,40.72854745023944,-73.98175925016403,40.72710258,-74.00297088,casual
2298500,tripdata_3,58D8345A941E6DFD,classic_bike,"2026-05-31 14:48:54.670","2026-05-31 14:54:09.648","Norman Ave & Leonard St",5666.11,"N 9 St & Wythe Ave",5489.06,40.725819,-73.950815,40.72054,-73.959,member
2299000,tripdata_3,7A95AF571A950E95,classic_bike,"2026-05-16 08:17:46.565","2026-05-16 08:40:06.685","Union Ave & N 12 St",5411.07,"N 5 St & Northside Piers",5458.02,40.71924,-73.95242,40.719876,-73.963865,member
2299500,tripdata_3,4FAE8A2A54C4D351,electric_bike,"2026-05-21 20:11:44.576","2026-05-21 20:25:06.277","Willoughby Ave & Hall St",4611.03,"Carroll St & Columbia St",4348.07,40.69196035,-73.96536851,40.6830456,-74.00348559,member
2300000,tripdata_3,D8D77D6CEC2A3390,electric_bike,"2026-05-15 21:57:16.564","2026-05-15 22:15:46.107","E 80 St & 2 Ave",7121.02,"W 47 St & 9 Ave",6786.02,40.77391390238118,-73.9543953537941,40.76153045158114,-73.99007007479668,member
2300500,tripdata_3,20452A9EADBB781F,electric_bike,"2026-05-17 18:39:13.657","2026-05-17 19:14:49.518","Metropolitan Ave & Meeker Ave",5300.05,"West Drive & Prospect Park West",3651.04,40.71413311,-73.95234386,40.6610633719006,-73.97945255041122,member
2301000,tripdata_3,D51CF99D9FB9B742,electric_bike,"2026-05-19 15:04:42.423","2026-05-19 15:13:21.277","Walker St & Baxter St",5351.07,"1 Ave & E 6 St",5626.15,40.717411,-73.999573,40.72633085971696,-73.98616880178452,member
2301500,tripdata_3,683F201BC84F9C66,classic_bike,"2026-05-29 19:19:24.857","2026-05-29 19:24:56.619","Brevoort Pl & Bedford Ave",4181.1,"Halsey St & Tompkins Ave",4319.07,40.68012,-73.95362,40.6823687,-73.944118,member
2302000,tripdata_3,7184D0B90EE190FF,electric_bike,"2026-05-26 14:59:59.873","2026-05-26 15:02:33.627","Broadway & W 38 St",6560.15,"W 39 St & 9 Ave",6644.04,40.7529728216068,-73.98734897375107,40.75645824,-73.99372222,member
2302500,tripdata_3,7A629766BE138108,electric_bike,"2026-05-23 11:14:32.208","2026-05-23 11:39:45.018","E 2 St & Ave A",5553.1,"6 Ave & W 45 St",6593.15,40.72307749068673,-73.98583620786667,40.756951,-73.982631,casual
2303000,tripdata_3,E5C8183457DABEC4,classic_bike,"2026-05-28 23:27:17.617","2026-05-28 23:34:01.632","E 16 St & Irving Pl",5938.11,"1 Ave & E 6 St",5626.15,40.735367055605394,-73.98797392845154,40.72633085971696,-73.98616880178452,member
2303500,tripdata_3,D0B1BABD99CF4792,classic_bike,"2026-05-19 16:27:27.126","2026-05-19 17:08:47.119","Graham Ave & Withers St",5403.04,"West Drive & Prospect Park West",3651.04,40.7169811,-73.94485918,40.6610633719006,-73.97945255041122,member
2304000,tripdata_3,A9CC2A053199FD10,classic_bike,"2026-05-19 19:48:57.914","2026-05-19 19:58:42.997","Carroll St & Columbia St",4348.07,"Van Brunt St & Van Dyke St",4095.1,40.6830456,-74.00348559,40.6758329439129,-74.01472628116608,member
2304500,tripdata_3,3A27AB892789F0F1,electric_bike,"2026-05-30 14:39:59.992","2026-05-30 14:46:39.671","6 Ave & W 33 St",6364.07,"6 Ave & W 45 St",6593.15,40.74901271,-73.98848395,40.756951,-73.982631,member
2305000,tripdata_3,B9E885CC98C5C682,electric_bike,"2026-05-28 10:21:15.893","2026-05-28 10:25:13.899","Van Brunt St & Wolcott St",4095.03,"Carroll St & Columbia St",4348.07,40.6773429,-74.01275056,40.6830456,-74.00348559,member
2305500,tripdata_3,78AFBEB7512C96E4,electric_bike,"2026-05-17 08:55:33.436","2026-05-17 08:59:16.699","44 St & 48 Ave",6058.08,"39 St & Queens Blvd",6218.04,40.73941387498411,-73.92131969332695,40.74431,-73.92601,member
2306000,tripdata_3,D7A2381A20F6CBB3,classic_bike,"2026-05-22 16:20:07.511","2026-05-22 16:27:28.183","Greene Ave & Nostrand Ave",4519.02,"Halsey St & Tompkins Ave",4319.07,40.6883337,-73.950916,40.6823687,-73.944118,casual
2306500,tripdata_3,CCB8C9879269277E,electric_bike,"2026-05-17 16:49:55.308","2026-05-17 17:03:02.483","W 87 St & West End Ave",7484.05,"W 47 St & 9 Ave",6786.02,40.789622,-73.97757,40.76153045158114,-73.99007007479668,member
2307000,tripdata_3,E385E147CB0FCD07,classic_bike,"2026-05-19 17:23:32.734","2026-05-19 17:54:07.263","Harrison St & Hudson St",5400.05,"E 39 St & Lexington Ave",6389.09,40.71870987,-74.0090009,40.749498546025194,-73.97729203113158,member
2307500,tripdata_3,80BD0D4E1C2A3D23,electric_bike,"2026-05-27 13:57:12.253","2026-05-27 13:59:21.829","Park Ave & E 42 St",6432.09,"E 39 St & Lexington Ave",6389.09,40.751873,-73.977706,40.749498546025194,-73.97729203113158,member
2308000,tripdata_3,3B217D5A6B901D08,classic_bike,"2026-05-28 12:58:47.202","2026-05-28 13:04:56.232","Brevoort Pl & Bedford Ave",4181.1,"Halsey St & Tompkins Ave",4319.07,40.68012,-73.95362,40.6823687,-73.944118,casual
2308500,tripdata_3,617DBA32FB893085,electric_bike,"2026-05-28 15:39:17.064","2026-05-28 15:46:54.059","E 53 St & Madison Ave",6659.03,"E 39 St & Lexington Ave",6389.09,40.7597108,-73.97402311,40.749498546025194,-73.97729203113158,member
2309000,tripdata_3,544C8A41CCF8A585,electric_bike,"2026-05-28 16:01:19.240","2026-05-28 16:07:21.821","E 3 St & 1 Ave",5553.03,"Market St & Henry St",5270.09,40.72467721,-73.98783413,40.71310702305908,-73.99446353316307,casual
2309500,tripdata_3,CCA54DADF7567017,electric_bike,"2026-05-26 09:19:44.003","2026-05-26 09:26:41.135","E 30 St & Park Ave S",6206.08,"E 48 St & 3 Ave",6541.03,40.74444921,-73.98303529,40.7546011026,-73.971878855,member
2310000,tripdata_3,EBC075B65BEA4392,classic_bike,"2026-05-15 17:38:27.261","2026-05-15 17:41:59.608","Macon St & Nostrand Ave",4214.03,"Halsey St & Tompkins Ave",4319.07,40.6809833854,-73.9500479759,40.6823687,-73.944118,member
2310500,tripdata_3,DCB9A9CB916142E7,electric_bike,"2026-05-23 00:48:49.023","2026-05-23 01:58:49.322","Allen St & Stanton St",5484.09,"6 Ave & W 45 St",6593.15,40.722055,-73.989111,40.756951,-73.982631,casual
2311000,tripdata_3,A4E699E78555108B,classic_bike,"2026-05-14 22:36:20.396","2026-05-14 22:45:02.830","5 Ave & 3 St",3987.06,"West Drive & Prospect Park West",3651.04,40.6728155,-73.98352355,40.6610633719006,-73.97945255041122,member
2311500,tripdata_3,37827F074660EEF2,electric_bike,"2026-05-14 20:38:07.357","2026-05-14 20:42:19.467","E 2 St & Ave C",5476.03,"1 Ave & E 6 St",5626.15,40.7208736,-73.98085795,40.72633085971696,-73.98616880178452,member
2312000,tripdata_3,146C69328201770C,classic_bike,"2026-05-27 08:58:51.239","2026-05-27 09:06:31.979","6 Ave & 21 St",3628.11,"West Drive & Prospect Park West",3651.04,40.66016,-73.990974,40.6610633719006,-73.97945255041122,member
2312500,tripdata_3,89E77466FCBBB107,electric_bike,"2026-05-15 17:29:10.918","2026-05-15 17:36:58.310","Schenectady Ave & President St",3822.08,"Troy Ave & Linden Blvd",3382.04,40.66732,-73.93398,40.6533,-73.93644,member
2313000,tripdata_3,919D30F9FD30C4D9,electric_bike,"2026-05-17 11:07:27.325","2026-05-17 11:30:51.666","5 Ave & 3 St",3987.06,"3 St & Prospect Park West",3865.05,40.6728155,-73.98352355,40.668132,-73.97363831,casual
2313500,tripdata_3,0F202A12569B4CD3,classic_bike,"2026-05-26 09:05:45.612","2026-05-26 09:08:51.255","1 Ave & E 6 St",5626.15,"E 11 St & 1 Ave",5746.14,40.72633085971696,-73.98616880178452,40.72953837,-73.98426726,member
2314000,tripdata_3,2B22229CC153040B,electric_bike,"2026-05-19 20:01:31.364","2026-05-19 20:06:31.020","Prospect Park SW & 16 St",3498.09,"3 St & Prospect Park West",3865.05,40.657265,-73.974165,40.668132,-73.97363831,casual
2314500,tripdata_3,560838215E3BBBFD,classic_bike,"2026-05-16 15:36:39.300","2026-05-16 15:45:21.661","W 70 St & Amsterdam Ave",7207.08,"W 50 St & 9 Ave",6854.05,40.77748046,-73.98288594,40.763604677958625,-73.98917958140373,member
2315000,tripdata_3,D230B3BA9C435EA5,electric_bike,"2026-05-29 22:55:38.022","2026-05-29 23:09:12.014","Prospect Park West & 8 St",3722.04,"Hancock St & Bedford Ave",4255.05,40.66514681533792,-73.97637605667114,40.68216564,-73.95399026,member
2315500,tripdata_3,A2488EDC2F74E9A8,electric_bike,"2026-05-22 23:45:46.579","2026-05-22 23:52:26.329","St Nicholas Ave & Manhattan Ave",7723.01,"W 106 St & Amsterdam Ave",7634.01,40.809725,-73.953149,40.8008363,-73.9664492472,member
2316000,tripdata_3,A7C1C33BEE5F53BB,electric_bike,"2026-05-22 13:07:42.413","2026-05-22 13:27:51.797","Ave A & E 14 St",5779.11,"Ave A & E 14 St",5779.11,40.73031071000895,-73.98047178983688,40.73031071000895,-73.98047178983688,member
2316500,tripdata_3,3688C0CA198289CC,classic_bike,"2026-05-27 22:33:28.474","2026-05-27 22:39:09.562","Ave A & E 14 St",5779.11,"E 2 St & Ave C",5476.03,40.73031071000895,-73.98047178983688,40.7208736,-73.98085795,member
2317000,tripdata_3,C49951D908E67236,electric_bike,"2026-05-22 19:32:32.541","2026-05-22 19:42:00.903","Grand St & Greene St",5500.02,"E 2 St & Ave C",5476.03,40.72170005235607,-74.00238141417502,40.7208736,-73.98085795,member
2317500,tripdata_3,76B1AF1FC5965C2E,electric_bike,"2026-05-25 20:05:44.662","2026-05-25 20:18:56.719","E 1 St & Bowery",5636.13,"Metropolitan Ave & Bedford Ave",5308.04,40.72486122254819,-73.99213135242462,40.71534825,-73.96024116,member
2318000,tripdata_3,F8994A76A77196DF,electric_bike,"2026-05-26 18:03:21.846","2026-05-26 18:09:30.937","E 74 St & 1 Ave",6953.08,"E 84 St & Park Ave",7243.04,40.7689738,-73.95482273,40.77862688,-73.95772073,member
2318500,tripdata_3,92D408120B173EE8,classic_bike,"2026-05-27 22:57:25.532","2026-05-27 23:30:22.072","1 Ave & E 62 St",6753.08,"McKibbin St & Manhattan Ave",4996.08,40.7612274,-73.96094022,40.70510918,-73.94407279,member
2319000,tripdata_3,41A9D9119AEFCF9B,electric_bike,"2026-05-30 00:12:19.042","2026-05-30 00:42:30.953","7 Ave S & Bleecker St",5805.07,"Lincoln Pl & Classon Ave",3960.01,40.73213896287381,-74.00363802909851,40.6721683,-73.9609,member
2319500,tripdata_3,6D14625F11FD0F86,electric_bike,"2026-05-27 18:22:58.146","2026-05-27 18:31:08.414","Leonard St & Nassau Ave",5550.09,"McKibbin St & Manhattan Ave",4996.08,40.7239567849954,-73.94984364509583,40.70510918,-73.94407279,member
2320000,tripdata_3,89D3639423C66F87,electric_bike,"2026-05-26 07:53:09.383","2026-05-26 08:23:28.853","3 Ave & E 100 St",7414.17,"Riverside Dr & Broadway",8616.06,40.7877214,-73.94728331,40.865364,-73.92791,member
2320500,tripdata_3,7351CA42D9074B7F,electric_bike,"2026-05-19 19:34:01.986","2026-05-19 20:09:48.725","Clinton St & Joralemon St",4605.04,"Ditmas Ave & McDonald Ave",2818.01,40.69239502,-73.99337909,40.63548,-73.97825,member
2321000,tripdata_3,1352810F3D7A014B,classic_bike,"2026-05-16 16:58:26.759","2026-05-16 17:26:08.727","Central Park W & W 72 St",7141.07,"Central Park W & W 72 St",7141.07,40.77579376683666,-73.9762057363987,40.77579376683666,-73.9762057363987,casual
2321500,tripdata_3,68D8119DB603A8DA,electric_bike,"2026-05-28 22:06:43.003","2026-05-28 22:13:52.987","Water St & Fletcher St",5024.1,"West Thames St",5114.06,40.706410755236135,-74.00559738278389,40.70834698,-74.01713445,member
2322000,tripdata_3,3F2574E581A3231C,electric_bike,"2026-05-17 00:49:21.024","2026-05-17 01:24:06.144","W 25 St & 9 Ave",6339.06,"Nassau Ave & Russell St",5581.01,40.747832605837715,-74.0005722643582,40.72557,-73.94434,member
2322500,tripdata_3,0F059E1AF4443799,electric_bike,"2026-05-20 08:48:37.953","2026-05-20 09:10:36.785","Washington Park",4546.05,"West Thames St",5114.06,40.6917823,-73.9737299,40.70834698,-74.01713445,member
2323000,tripdata_3,8CB8DD0E1C2B0A46,classic_bike,"2026-05-15 15:35:55.811","2026-05-15 15:42:58.703","South St & Gouverneur Ln",4953.04,"West Thames St",5114.06,40.70355377,-74.00670227,40.70834698,-74.01713445,member
2323500,tripdata_3,F0531D9C45702975,electric_bike,"2026-05-25 12:18:26.621","2026-05-25 12:44:00.902","Schermerhorn St & Court St",4565.07,"5 Ave & 37 St",3379.03,40.6910363748993,-73.99201065301895,40.652657,-74.002356,member
2324000,tripdata_3,BE6A3C98445646FD,classic_bike,"2026-05-16 11:17:30.392","2026-05-16 11:33:40.149","Knickerbocker Ave & Thames St",5018.06,"53 St & Flushing Ave",5257.01,40.70539,-73.92976,40.71435,-73.91405,member
2324500,tripdata_3,64EF8A55C1EFFCE7,electric_bike,"2026-05-22 20:43:26.118","2026-05-22 20:54:50.611","Nassau Ave & Newell St",5623.03,"Nassau Ave & Russell St",5581.01,40.724812564400175,-73.94752621650696,40.72557,-73.94434,casual
2325000,tripdata_3,B39D0051BD8DC756,electric_bike,"2026-05-15 18:06:15.022","2026-05-15 18:12:57.018","Graham Ave & Conselyea St",5291.05,"Nassau Ave & Russell St",5581.01,40.715143,-73.944507,40.72557,-73.94434,member
2325500,tripdata_3,A0863CE7E59A2D00,electric_bike,"2026-05-31 00:31:34.135","2026-05-31 00:35:33.948","South St & Whitehall St",4846.01,"West Thames St",5114.06,40.70122128,-74.01234218,40.70834698,-74.01713445,member
2326000,tripdata_3,AB0ADE413A08B845,classic_bike,"2026-05-31 02:02:26.172","2026-05-31 02:04:00.885","Longwood Ave & Southern Blvd",7849.1,"Longwood Ave & Southern Blvd",7849.1,40.816343,-73.896447,40.816343,-73.896447,casual
2326500,tripdata_3,EEC70A04E17D7C9E,electric_bike,"2026-05-22 14:55:16.709","2026-05-22 15:02:15.980","Park Pl & Church St",5288.08,"West Thames St",5114.06,40.71334184275907,-74.00935515761375,40.70834698,-74.01713445,member
2327000,tripdata_3,DCB8779C12DA76A6,electric_bike,"2026-05-22 13:19:29.761","2026-05-22 13:25:41.790","Fulton St & Williams Ave",4120.02,"Wilson Ave & Moffat St",4507.07,40.67709,-73.9008,40.68906,-73.90506,member
2327500,tripdata_3,2348E6D477764003,electric_bike,"2026-05-22 10:10:37.912","2026-05-22 10:16:49.967","E 33 St & 1 Ave",6197.08,"Park Ave & E 41 St",6432.08,40.74322681432173,-73.97449783980846,40.751581,-73.97791,member
2328000,tripdata_3,934978E2D43CF39D,electric_bike,"2026-05-31 13:36:16.282","2026-05-31 13:50:43.693","Washington Park",4546.05,"Metropolitan Ave & Bedford Ave",5308.04,40.6917823,-73.9737299,40.71534825,-73.96024116,member
2328500,tripdata_3,91034057DDD102C2,classic_bike,"2026-05-18 08:52:56.059","2026-05-18 08:57:22.815","Lexington Ave & E 36 St",6313.1,"Park Ave & E 41 St",6432.08,40.7475739589548,-73.9788007736206,40.751581,-73.97791,member
2329000,tripdata_3,0A91D25485152FF0,electric_bike,"2026-05-22 15:25:13.535","2026-05-22 15:50:03.380","Central Park North & Adam Clayton Powell Blvd",7617.07,"Central Park W & W 72 St",7141.07,40.799484,-73.955613,40.77579376683666,-73.9762057363987,casual
2329500,tripdata_3,CD250830B13186AE,classic_bike,"2026-05-26 18:14:52.906","2026-05-26 18:37:11.072","E 17 St & Broadway",5980.1,"W 51 St & 7 Ave",6779.07,40.737006,-73.990134,40.76167,-73.98256,casual
2330000,tripdata_3,1E6E8143824F0401,electric_bike,"2026-05-18 21:05:16.261","2026-05-18 21:36:38.370","E 15 St & 3 Ave",5863.07,"35 St & 34 Ave",6679.11,40.734232,-73.986923,40.7580583,-73.9242751,member
2330500,tripdata_3,4277208812F34B2E,electric_bike,"2026-05-15 09:12:23.517","2026-05-15 09:23:08.631","Park Pl & Carlton Ave",4125.13,"Fort Hamilton Pkwy & E 2 St",3280.04,40.677358,-73.97211,40.648005,-73.979342,member
2331000,tripdata_3,2B2D0CBD93E1F58E,classic_bike,"2026-05-28 14:49:56.978","2026-05-28 14:52:00.548","Grand St & Wythe Ave",5348.1,"Metropolitan Ave & Bedford Ave",5308.04,40.71575,-73.96433,40.71534825,-73.96024116,member
2331500,tripdata_3,6ADC3BDAD115BD56,electric_bike,"2026-05-17 16:23:02.071","2026-05-17 16:42:51.989","Henry St & Grand St",5294.04,"Gansevoort St & Hudson St",6072.16,40.714211,-73.981095,40.73937600789778,-74.00520807425661,member
2332000,tripdata_3,5AD1B96F55C8AAAB,electric_bike,"2026-05-16 11:19:17.841","2026-05-16 11:50:19.405","Bialystoker Pl & Delancey St",5335.03,"Lincoln Pl & Classon Ave",3960.01,40.71622644,-73.98261206,40.6721683,-73.9609,member
2332500,tripdata_3,4A1EA561B953181B,classic_bike,"2026-05-28 07:51:37.770","2026-05-28 07:52:50.975","Riverside Dr & W 148 St",8054.04,"Riverside Dr & W 145 St",8018.04,40.829114,-73.950426,40.827305,-73.951989,member
2333000,tripdata_3,56CCC63890A94E9F,electric_bike,"2026-05-19 18:00:53.312","2026-05-19 18:04:29.187","W 22 St & 10 Ave",6306.06,"Gansevoort St & Hudson St",6072.16,40.74691959,-74.00451887,40.73937600789778,-74.00520807425661,member
2333500,tripdata_3,73639BABE7BE3B52,electric_bike,"2026-05-17 13:35:50.697","2026-05-17 13:54:53.566","West End Ave & W 107 St",7650.05,"Columbus Ave & W 59 St",6986.07,40.8021174,-73.9681805305,40.76931,-73.98464,casual
2334000,tripdata_3,6F01A0B7484E724B,electric_bike,"2026-05-22 15:26:06.637","2026-05-22 15:28:15.399","E 14 St & 1 Ave",5779.1,"E 10 St & Ave A",5659.05,40.73139303364151,-73.98286700248718,40.72740794,-73.98142006,member
2334500,tripdata_3,1C9D08A9A237542D,electric_bike,"2026-05-31 16:35:36.819","2026-05-31 16:46:23.764","W 10 St & Washington St",5847.06,"E 10 St & Ave A",5659.05,40.73342399437081,-74.00851495563984,40.72740794,-73.98142006,casual
2335000,tripdata_3,EBEC7BD474D21DF3,electric_bike,"2026-05-28 07:44:59.849","2026-05-28 08:02:55.307","61 St & 60 Ln",4830.02,"36 St & 47 Ave",6143.01,40.70055,-73.8943,40.74221834996096,-73.92935156822205,member
2335500,tripdata_3,D5E6922B8DBB77B5,electric_bike,"2026-05-18 13:35:17.111","2026-05-18 13:41:44.923","W 46 St & 11 Ave",6795.01,"W 42 St & 8 Ave",6602.05,40.76341379,-73.99667444,40.7575699,-73.99098507,member
2336000,tripdata_3,70BF674434A4CA63,electric_bike,"2026-05-23 00:23:59.839","2026-05-23 00:33:40.199","E 14 St & 1 Ave",5779.1,"E 6 St & Ave D",5506.14,40.73139303364151,-73.98286700248718,40.72228087,-73.97668709,member
2336500,tripdata_3,6FD8E3D2EADEBCD3,electric_bike,"2026-05-16 04:33:59.547","2026-05-16 04:57:45.374","E 58 St & 1 Ave (NW Corner)",6723.1,"E 2 St & Ave A",5553.1,40.759125,-73.962658,40.72307749068673,-73.98583620786667,member
2337000,tripdata_3,EC67B840788C33A5,electric_bike,"2026-05-17 13:34:41.984","2026-05-17 14:24:24.888","Division St & Bowery",5311.08,"Broadway & Roebling St",5125.07,40.71419,-73.99673,40.70924826276157,-73.96063148975372,casual
2337500,tripdata_3,B9DA19E23F841486,classic_bike,"2026-05-25 20:12:17.136","2026-05-25 20:16:41.226","Ave A & E 14 St",5779.11,"E 6 St & Ave D",5506.14,40.73031071000895,-73.98047178983688,40.72228087,-73.97668709,member
2338000,tripdata_3,AF00781B654AAD06,classic_bike,"2026-05-22 20:08:51.402","2026-05-22 20:13:19.798","Putnam Ave & Nostrand Ave",4327.09,"Monroe St & Bedford Ave",4368.05,40.68402,-73.94977,40.6851443,-73.95380904,member
2338500,tripdata_3,38C61DBBA2EC7628,electric_bike,"2026-05-27 15:47:31.429","2026-05-27 15:57:02.409","1 Ave & E 68 St",6822.09,"27 St & Hunter St",6310.06,40.76500525,-73.95818491,40.7485,-73.941275,member
2339000,tripdata_3,D2F1989EF88F6A45,classic_bike,"2026-05-26 19:45:03.557","2026-05-26 19:57:57.214","E 31 St & 3 Ave",6239.08,"E 6 St & Ave B",5584.04,40.74394314,-73.97966069,40.72453734,-73.98185424,member
2339500,tripdata_3,6E79367C46031F04,classic_bike,"2026-05-28 21:37:49.543","2026-05-28 21:47:10.557","Madison St & Cypress Ave",4807.02,"Central Ave & Decatur St",4432.1,40.70068,-73.90742,40.6882,-73.90798,casual
2340000,tripdata_3,EA6F287EBFC0901D,electric_bike,"2026-05-30 17:12:31.005","2026-05-30 17:34:22.961","West End Ave & W 107 St",7650.05,"West End Ave & W 60 St",7059.08,40.8021174,-73.9681805305,40.77237,-73.99005,casual
2340500,tripdata_3,AB41CEA3BB573179,electric_bike,"2026-05-27 18:32:51.390","2026-05-27 18:48:13.042","E 33 St & 1 Ave",6197.08,"West End Ave & W 60 St",7059.08,40.74322681432173,-73.97449783980846,40.77237,-73.99005,member
2341000,tripdata_3,9B95594061E97E78,electric_bike,"2026-05-28 07:48:40.391","2026-05-28 07:58:38.589","W 37 St & 10 Ave",6611.02,"West End Ave & W 60 St",7059.08,40.75660359,-73.9979009,40.77237,-73.99005,member
2341500,tripdata_3,E92CACFD960629ED,electric_bike,"2026-05-28 07:55:42.849","2026-05-28 08:02:03.576","W 55 St & 6 Ave",6809.09,"West End Ave & W 60 St",7059.08,40.763189,-73.978434,40.77237,-73.99005,member
2342000,tripdata_3,80220CF9C092E7D1,electric_bike,"2026-05-28 09:38:13.605","2026-05-28 09:51:06.395","Orchard St & Grand St",5343.11,"Lexington Ave & E 24 St",6089.07,40.717318403855785,-73.99067759513855,40.74025878,-73.98409214,member
2342500,tripdata_3,00E5D6D245A88AEC,electric_bike,"2026-05-21 00:04:52.489","2026-05-21 00:29:33.034","2 Ave & E 96 St",7338.02,"Kent St & McGuinness Blvd",5785.1,40.7839636,-73.9471673,40.73124,-73.95161,member
2343000,tripdata_3,1B498A34542780BE,electric_bike,"2026-05-19 09:06:50.679","2026-05-19 09:11:43.353","W 56 St & 10 Ave",6955.01,"Central Park S & Grand Army Plaza",6839.15,40.768254,-73.988639,40.764555,-73.973473,member
2343500,tripdata_3,489C00E3596A3229,classic_bike,"2026-05-19 11:12:44.738","2026-05-19 11:25:07.150","E 47 St & 1 Ave",6498.09,"E 13 St & 2 Ave",5820.08,40.75206862,-73.96784384,40.73153937464073,-73.9853024482727,member
2344000,tripdata_3,5EF8784A12594C4E,electric_bike,"2026-05-28 12:40:53.539","2026-05-28 12:59:35.105","Adam Clayton Powell Blvd & W 138 St",7855.03,"Bergen Ave & E 152 St",7858.02,40.81695971032464,-73.9422959089279,40.817166,-73.914737,member
2344500,tripdata_3,A6A08B10E9A6876E,classic_bike,"2026-05-27 10:09:58.776","2026-05-27 10:12:10.911","Montrose Ave & Bushwick Ave",5068.02,"Waterbury St & Stagg St",5099.02,40.70767788,-73.94016171,40.71019,-73.93734,member
2345000,tripdata_3,B29D5AB7F91B7ECF,electric_bike,"2026-05-16 18:09:14.902","2026-05-16 18:20:40.885","E 58 St & 3 Ave",6762.02,"West End Ave & W 60 St",7059.08,40.76095756,-73.96724467,40.77237,-73.99005,casual
2345500,tripdata_3,8994903B4089699C,electric_bike,"2026-05-27 16:32:05.659","2026-05-27 16:42:17.327","E 47 St & 2 Ave",6498.1,"Central Park S & Grand Army Plaza",6839.15,40.75323098,-73.97032517,40.764555,-73.973473,casual
2346000,tripdata_3,6100C627FDFB5BA5,electric_bike,"2026-05-25 16:00:14.078","2026-05-25 16:05:41.391","Columbus Ave & W 72 St",7175.05,"W 54 St & 9 Ave",6920.05,40.7770575,-73.97898475,40.76604,-73.98737,member
2346500,tripdata_3,558585D902D8A91F,electric_bike,"2026-05-22 07:41:14.000","2026-05-22 07:52:14.819","W 37 St & 10 Ave",6611.02,"West End Ave & W 60 St",7059.08,40.75660359,-73.9979009,40.77237,-73.99005,member
2347000,tripdata_3,06B69692AAD642CC,classic_bike,"2026-05-26 00:05:14.517","2026-05-26 00:29:46.952","Vernon Blvd & 31 Ave",7003.06,"Vernon Blvd & 31 Ave",7003.06,40.7692475,-73.9354504,40.7692475,-73.9354504,member
3146000,tripdata_4,DDB0CC37535DA20D,electric_bike,"2026-05-26 17:10:01.214","2026-05-26 17:21:35.238","Broadway & W 25 St",6173.08,"E 4 St & 2 Ave",5593.04,40.74286877312112,-73.98918628692627,40.7262807,-73.98978041,casual
3146500,tripdata_4,F0936EB2451AEDFA,electric_bike,"2026-05-31 19:22:10.859","2026-05-31 19:39:25.219","Greenwich Ave & 8 Ave",6072.06,"W 64 St & Thelonious Monk Circle",7123.04,40.7390169121,-74.0026376103,40.77515953434235,-73.98918695747852,casual
3147000,tripdata_4,EECE84CA07A3EDEB,electric_bike,"2026-05-17 17:10:55.608","2026-05-17 17:16:40.722","11 Ave & W 41 St",6726.01,"W 42 St & 6 Ave",6517.08,40.76030096,-73.99884222,40.75492,-73.98455,member
3147500,tripdata_4,CF011B1969BAAB65,electric_bike,"2026-05-23 00:46:16.194","2026-05-23 00:49:35.460","31 St & Newtown Ave",6923.2,"Broadway & 31 St",6789.08,40.7675487799971,-73.9209334552288,40.76194,-73.92513,member
3148000,tripdata_4,7D97C3D7FA52BB3C,classic_bike,"2026-05-29 09:34:26.251","2026-05-29 09:49:59.170","Allen St & Stanton St",5484.09,"Franklin St & W Broadway",5430.08,40.722055,-73.989111,40.71911552,-74.00666661,casual
3148500,tripdata_4,50E8DC0F8AA1435D,electric_bike,"2026-05-17 17:27:09.446","2026-05-17 17:40:14.499","E 40 St & 5 Ave",6474.11,"W 18 St & 6 Ave",6064.08,40.752062307,-73.9816324043,40.73971301,-73.99456405,casual
3149000,tripdata_4,A2B7CDC8DF3176FA,electric_bike,"2026-05-28 09:14:20.019","2026-05-28 09:17:48.186","Crescent St & 30 Ave",6958.06,"Broadway & 31 St",6789.08,40.768692,-73.9249574,40.76194,-73.92513,member
3149500,tripdata_4,F56ACC0A639BC5DC,electric_bike,"2026-05-28 09:00:14.752","2026-05-28 09:15:12.178","5 Ave & E 72 St",7100.07,"W 42 St & 6 Ave",6517.08,40.77282817,-73.96685276,40.75492,-73.98455,member
3150000,tripdata_4,F3127690CEE30D7E,electric_bike,"2026-05-30 09:44:06.830","2026-05-30 09:58:20.792","W 54 St & 11 Ave",6955.05,"W 18 St & 6 Ave",6064.08,40.768333,-73.992573,40.73971301,-73.99456405,member
3150500,tripdata_4,B5E0E51867146DA9,electric_bike,"2026-05-16 17:10:57.169","2026-05-16 17:17:58.545","W 33 St & 10 Ave",6492.04,"8 Ave & W 52 St",6816.07,40.753773368360385,-73.99937599897385,40.76370739,-73.9851615,member
3151000,tripdata_4,B8ED18AC0067EDAE,electric_bike,"2026-05-19 12:12:42.333","2026-05-19 12:23:17.530","W 22 St & 8 Ave",6224.03,"W 42 St & 6 Ave",6517.08,40.74475148,-73.99915362,40.75492,-73.98455,member
3151500,tripdata_4,D9227E9F4902FB6E,classic_bike,"2026-05-15 12:35:54.572","2026-05-15 12:40:23.639","Riverside Dr & W 72 St",7288.04,"W 64 St & Thelonious Monk Circle",7123.04,40.78057799010334,-73.98562431335449,40.77515953434235,-73.98918695747852,member
3152000,tripdata_4,C47175EF13FDF49B,electric_bike,"2026-05-26 17:54:47.461","2026-05-26 18:00:12.029","W 36 St & 7 Ave",6483.06,"W 18 St & 6 Ave",6064.08,40.752149,-73.989539,40.73971301,-73.99456405,member
3152500,tripdata_4,0DC8CA418E805AFF,electric_bike,"2026-05-30 15:04:28.202","2026-05-30 15:43:49.183","W 95 St & Broadway",7541.01,"E 4 St & 2 Ave",5593.04,40.7937704,-73.971888,40.7262807,-73.98978041,casual
3153000,tripdata_4,9C196C77696AE460,electric_bike,"2026-05-26 19:08:34.883","2026-05-26 19:20:26.347","Park Circle & East Dr",3344.02,"Eastern Pkwy & Franklin Ave (NE Corner)",3919.07,40.651566,-73.972212,40.6707767,-73.9576801,member
3153500,tripdata_4,3F181A8D11D890AD,electric_bike,"2026-05-20 18:54:21.949","2026-05-20 19:00:04.411","Nassau Ave & Newell St",5623.03,"McGuinness Blvd & Eagle St",5977.01,40.724812564400175,-73.94752621650696,40.73555,-73.95284,member
3154000,tripdata_4,C0A0BB52E9189F4C,electric_bike,"2026-05-18 19:18:13.101","2026-05-18 19:24:38.429","Lincoln Ave & E 138 St",7744.06,"Grand Concourse & E 144 St",7845.06,40.810893,-73.927311,40.816576,-73.927987,casual
3154500,tripdata_4,4B1F72A795D9F1EC,electric_bike,"2026-05-14 21:06:45.211","2026-05-14 21:12:13.658","Stanton St & Norfolk St",5445.07,"Grand St & Samuel Dickstein Plaza",5335.07,40.720747,-73.986274,40.71511871996496,-73.98417055606842,member
3155000,tripdata_4,782CC188AFE83726,electric_bike,"2026-05-22 18:26:01.694","2026-05-22 18:30:10.552","Plaza Dr & W 170 St",8213.01,"Ogden Ave & W 165 St",8149.09,40.840484,-73.917946,40.834457,-73.928381,member
3155500,tripdata_4,16E474C00BAC7DB9,electric_bike,"2026-05-31 18:21:19.553","2026-05-31 18:34:23.757","Greenwich St & Perry St",5922.04,"E 4 St & 2 Ave",5593.04,40.73498,-74.00697,40.7262807,-73.98978041,member
3156000,tripdata_4,EB7E4A2D98B82CFB,electric_bike,"2026-05-17 17:47:17.094","2026-05-17 17:53:07.339","Davis St & Jackson Ave",6278.05,"McGuinness Blvd & Eagle St",5977.01,40.745627,-73.945661,40.73555,-73.95284,member
3156500,tripdata_4,85C9571C0D91D09D,electric_bike,"2026-05-17 13:34:30.215","2026-05-17 13:42:34.942","W 34 St & Hudson Blvd E",6535.04,"W 42 St & 6 Ave",6517.08,40.75516719072139,-74.00059908628464,40.75492,-73.98455,member
3157000,tripdata_4,994FD597DCA2FFC8,electric_bike,"2026-05-23 11:50:08.590","2026-05-23 11:59:36.159","Grand Army Plaza & Plaza St West",4010.15,"Cambridge Pl & Gates Ave",4377.04,40.6729679,-73.97087984,40.68488,-73.96304,member
3157500,tripdata_4,6F4C114B46028112,classic_bike,"2026-05-28 07:09:59.941","2026-05-28 07:12:05.298","W 51 St & 7 Ave",6779.07,"8 Ave & W 52 St",6816.07,40.76167,-73.98256,40.76370739,-73.9851615,member
3158000,tripdata_4,A450E141BC117D2F,electric_bike,"2026-05-20 11:56:05.315","2026-05-20 12:01:15.154","MacDougal St & Prince St",5687.04,"W 18 St & 6 Ave",6064.08,40.72710258,-74.00297088,40.73971301,-73.99456405,member
3158500,tripdata_4,322B0CEEA24A6589,electric_bike,"2026-05-25 21:38:19.989","2026-05-25 21:45:28.374","Nassau Ave & Russell St",5581.01,"McGuinness Blvd & Eagle St",5977.01,40.72557,-73.94434,40.73555,-73.95284,casual
3159000,tripdata_4,5501C1F54F3E0039,electric_bike,"2026-05-26 08:33:57.321","2026-05-26 08:41:53.403","Pier 61 at Chelsea Piers",6233.04,"W 18 St & 6 Ave",6064.08,40.746872,-74.00821,40.73971301,-73.99456405,member
3159500,tripdata_4,35C056563685B10C,electric_bike,"2026-05-27 19:45:19.712","2026-05-27 19:50:49.092","7 Ave S & Bleecker St",5805.07,"E 4 St & 2 Ave",5593.04,40.73213896287381,-74.00363802909851,40.7262807,-73.98978041,member
3160000,tripdata_4,686BCB0B1DCA7EA2,electric_bike,"2026-05-29 17:33:37.070","2026-05-29 17:38:35.309","Mercer St & Spring St",5532.01,"E 4 St & 2 Ave",5593.04,40.72362738,-73.99949601,40.7262807,-73.98978041,member
3160500,tripdata_4,9D2D72B0A454B96D,classic_bike,"2026-05-21 18:33:49.344","2026-05-21 18:41:28.436","Broadway & W 25 St",6173.08,"9 Ave & W 18 St",6190.08,40.74286877312112,-73.98918628692627,40.74317449,-74.00366443,member
3161000,tripdata_4,356A29455FFA4194,classic_bike,"2026-05-16 17:06:48.661","2026-05-16 17:27:48.988","South St & Gouverneur Ln",4953.04,"Little West St & 1 Pl",5001.08,40.70355377,-74.00670227,40.70569254,-74.01677685,casual
3161500,tripdata_4,FE115C9709B3F867,electric_bike,"2026-05-28 15:55:38.392","2026-05-28 16:17:16.146","W 43 St & 6 Ave",6593.14,"9 Ave & W 18 St",6190.08,40.75527307,-73.98316936,40.74317449,-74.00366443,casual
3162000,tripdata_4,924331CEECAD9925,electric_bike,"2026-05-21 16:36:28.634","2026-05-21 16:53:17.511","W 53 St & 10 Ave",6890.01,"W 120 St & Claremont Ave",7745.07,40.76669671,-73.99061728,40.8109494,-73.9634,member
3162500,tripdata_4,4DF3D2E2B097FEA7,classic_bike,"2026-05-29 10:44:07.793","2026-05-29 10:49:02.206","Vesey St & West St",5256.06,"Little West St & 1 Pl",5001.08,40.714063,-74.014432,40.70569254,-74.01677685,member
3163000,tripdata_4,A5E5ED7A53D3465D,electric_bike,"2026-05-31 01:17:20.723","2026-05-31 01:20:49.152","6 Ave & W 33 St",6364.07,"W 42 St & 6 Ave",6517.08,40.74901271,-73.98848395,40.75492,-73.98455,member
3163500,tripdata_4,2861F65214EBB9F2,electric_bike,"2026-05-22 16:26:01.860","2026-05-22 17:00:01.862","S 2 St & Kent Ave",5276.04,"Little West St & 1 Pl",5001.08,40.714731,-73.966612,40.70569254,-74.01677685,member
3164000,tripdata_4,7661BF2EF494BD58,electric_bike,"2026-05-22 10:21:14.626","2026-05-22 10:40:57.297","W 90 St & Amsterdam Ave",7458.09,"9 Ave & W 18 St",6190.08,40.79018,-73.97289,40.74317449,-74.00366443,member
3164500,tripdata_4,A730DC00421CEED1,classic_bike,"2026-05-18 12:27:55.180","2026-05-18 12:38:44.188","Willoughby St & Fleet St",4628.05,"Cambridge Pl & Gates Ave",4377.04,40.69196566,-73.9813018,40.68488,-73.96304,member
3165000,tripdata_4,157A9DC335930728,electric_bike,"2026-05-28 20:07:53.170","2026-05-28 20:18:00.937","Riverside Blvd & W 67 St",7183.03,"8 Ave & W 52 St",6816.07,40.777507027547976,-73.98888587951659,40.76370739,-73.9851615,member
3165500,tripdata_4,0CC5CB55CCD49FCD,electric_bike,"2026-05-26 21:00:21.370","2026-05-26 21:34:26.136","E 4 St & 2 Ave",5593.04,"Eastern Pkwy & Franklin Ave (NE Corner)",3919.07,40.7262807,-73.98978041,40.6707767,-73.9576801,casual
3166000,tripdata_4,DA96E88C257F14BD,electric_bike,"2026-05-17 16:01:23.797","2026-05-17 16:17:20.057","E 53 St & 3 Ave",6617.02,"W 18 St & 6 Ave",6064.08,40.75763227739443,-73.96930575370789,40.73971301,-73.99456405,casual
3166500,tripdata_4,45A56D6DFAADDB40,electric_bike,"2026-05-16 16:57:20.511","2026-05-16 17:11:28.143","E 4 St & 2 Ave",5593.04,"W 42 St & 6 Ave",6517.08,40.7262807,-73.98978041,40.75492,-73.98455,member
3167000,tripdata_4,5DD724F198BD6F1F,electric_bike,"2026-05-19 14:56:15.554","2026-05-19 15:16:45.819","S 4 St & Wythe Ave",5204.05,"Franklin St & W Broadway",5430.08,40.71285887,-73.96590294,40.71911552,-74.00666661,member
3167500,tripdata_4,1BDCF94934711D72,electric_bike,"2026-05-20 11:24:09.454","2026-05-20 11:39:48.397","5 Ave & E 72 St",7100.07,"8 Ave & W 52 St",6816.07,40.77282817,-73.96685276,40.76370739,-73.9851615,casual
3168000,tripdata_4,53BD5DC9C058CFEC,classic_bike,"2026-05-24 20:05:10.869","2026-05-24 20:57:35.242","61 St & 39 Ave",6307.07,"McGuinness Blvd & Eagle St",5977.01,40.7471,-73.9028,40.73555,-73.95284,member
3168500,tripdata_4,081521143C4233DA,classic_bike,"2026-05-15 08:27:53.479","2026-05-15 08:43:43.259","10 Ave & W 14 St",6157.04,"Little West St & 1 Pl",5001.08,40.741981599940225,-74.00831580162048,40.70569254,-74.01677685,member
3169000,tripdata_4,C45981333CDC6B95,electric_bike,"2026-05-29 05:41:18.530","2026-05-29 05:50:26.654","31 St & Northern Blvd",6495.17,"48 St & 50 Ave",6016.06,40.75186951421875,-73.93349289894103,40.73737,-73.91803,member
3169500,tripdata_4,9E0E3ED75A440F21,electric_bike,"2026-05-17 17:00:05.085","2026-05-17 17:12:13.156","Berkeley Pl & 7 Ave",4051.01,"Kane St & Clinton St",4455.11,40.675146838709786,-73.97523209452629,40.6861758,-73.99645295,member
3170000,tripdata_4,E98F89C97CFD5478,classic_bike,"2026-05-29 22:45:00.258","2026-05-29 23:03:42.647","Broadway & Morris St",5033.01,"Liberty St & Broadway",5105.01,40.705945132708806,-74.01321887969969,40.70905623,-74.01043382,casual
3170500,tripdata_4,289431CEFB1B959B,electric_bike,"2026-05-27 17:33:54.379","2026-05-27 17:37:26.607","South End Ave & Albany St",5114.08,"Liberty St & Broadway",5105.01,40.709957,-74.016538,40.70905623,-74.01043382,member
3171000,tripdata_4,8D1B3DA4F2326C8D,electric_bike,"2026-05-17 10:53:47.456","2026-05-17 11:05:19.486","Hanson Pl & Ashland Pl",4395.07,"Kane St & Clinton St",4455.11,40.68506807308177,-73.97790759801863,40.6861758,-73.99645295,member
3171500,tripdata_4,072C0DFBF0CFC81D,electric_bike,"2026-05-25 11:59:31.215","2026-05-25 12:10:43.131","Central Park S & 6 Ave",6876.04,"Central Park W & W 85 St",7354.01,40.76590936,-73.97634151,40.78476,-73.969862,casual
3172000,tripdata_4,0C090A0BE58FE47D,classic_bike,"2026-05-18 12:03:36.028","2026-05-18 12:31:17.036","Madison Ave & E 82 St",7188.13,"Central Park W & W 85 St",7354.01,40.7781314,-73.96069399,40.78476,-73.969862,casual
3172500,tripdata_4,D939D3AF72264A25,electric_bike,"2026-05-18 10:43:49.857","2026-05-18 10:55:38.677","E 103 St & 2 Ave",7436.16,"5 Ave & W 126 St",7701.21,40.78864,-73.9436,40.80722,-73.9418,member
3173000,tripdata_4,A26421E20D9BCA1E,electric_bike,"2026-05-19 02:10:54.627","2026-05-19 02:15:16.296","Broadway & Madison St",4483.1,"Jefferson Ave & Patchen Ave",4375.02,40.68822,-73.91966,40.68609,-73.92628,casual
3173500,tripdata_4,86C8A0E4898ACB75,electric_bike,"2026-05-22 08:21:01.101","2026-05-22 08:36:42.604","Perry St & Bleecker St",5922.07,"W 48 St &  Rockefeller Plaza",6626.11,40.73535398,-74.00483091,40.75776935448309,-73.97929430007935,member
3174000,tripdata_4,7DDB6B309FBBE083,electric_bike,"2026-05-15 11:39:08.253","2026-05-15 11:55:30.226","7 Ave & Central Park South",6912.01,"5 Ave & E 72 St",7100.07,40.7667405590595,-73.9790689945221,40.77282817,-73.96685276,casual
3174500,tripdata_4,E9BF0F485EA49083,classic_bike,"2026-05-19 13:46:52.696","2026-05-19 14:15:14.460","Washington Ave & Empire Blvd",3704.01,"Matthews Ct & Coney Island Ave",3034.02,40.66314,-73.9605695,40.64235,-73.96951,casual
3175000,tripdata_4,E09C7076AC728886,electric_bike,"2026-05-17 19:57:39.497","2026-05-17 20:07:42.520","Central Park North & Adam Clayton Powell Blvd",7617.07,"5 Ave & W 126 St",7701.21,40.799484,-73.955613,40.80722,-73.9418,member
3175500,tripdata_4,B592A74E8BF4C40F,classic_bike,"2026-05-22 21:22:05.449","2026-05-22 21:30:27.304","N 15 St & Wythe Ave",5520.09,"Green St & McGuinness Blvd",5860.02,40.724055,-73.955736,40.73396,-73.95204,casual
3176000,tripdata_4,D59937C40CF4AF19,electric_bike,"2026-05-29 17:06:55.559","2026-05-29 17:10:17.652","Columbus Ave & W 95 St",7520.07,"Central Park W & W 85 St",7354.01,40.7919557,-73.968087,40.78476,-73.969862,member
3176500,tripdata_4,0040474FBE77715B,classic_bike,"2026-05-26 10:13:36.386","2026-05-26 10:41:39.439","Broadway & W 58 St",6948.1,"5 Ave & E 72 St",7100.07,40.76695317,-73.98169333,40.77282817,-73.96685276,casual
3177000,tripdata_4,82D865F8994B4732,electric_bike,"2026-05-22 04:45:20.903","2026-05-22 05:01:49.285","E 115 St & Madison Ave",7599.02,"W 48 St &  Rockefeller Plaza",6626.11,40.7989445,-73.944846,40.75776935448309,-73.97929430007935,casual
3177500,tripdata_4,DFA7997F8FC6CA5E,electric_bike,"2026-05-16 10:05:41.041","2026-05-16 10:11:13.677","5 Ave & E 87 St",7323.09,"Central Park W & W 85 St",7354.01,40.78232260730881,-73.95987510681152,40.78476,-73.969862,casual
3178000,tripdata_4,1349408E3AD6268A,electric_bike,"2026-05-26 19:26:32.916","2026-05-26 19:28:51.244","W 84 St & Columbus Ave",7382.04,"Amsterdam Ave & W 79 St",7311.02,40.78499979,-73.97283406,40.7829391,-73.9786517,member
3178500,tripdata_4,A291CD07380484CB,electric_bike,"2026-05-20 09:13:58.215","2026-05-20 09:25:27.596","W 41 St & 8 Ave",6602.03,"5 Ave & E 72 St",7100.07,40.75640548,-73.9900262,40.77282817,-73.96685276,member
3179000,tripdata_4,3BFB009312291A6C,electric_bike,"2026-05-27 15:40:25.746","2026-05-27 15:49:20.018","Madison Ave & E 51 St",6659.09,"5 Ave & E 72 St",7100.07,40.75863,-73.97513,40.77282817,-73.96685276,member
3179500,tripdata_4,5CB2E1B5B12C79A1,electric_bike,"2026-05-17 16:08:45.980","2026-05-17 16:18:35.546","Central Park W & W 68 St",7079.06,"5 Ave & E 72 St",7100.07,40.7734066,-73.97782542,40.77282817,-73.96685276,casual
3180000,tripdata_4,C773788B6BCFA529,electric_bike,"2026-05-15 21:39:34.478","2026-05-15 21:44:37.441","W 63 St & Broadway",7052.01,"Amsterdam Ave & W 79 St",7311.02,40.77163851,-73.98261428,40.7829391,-73.9786517,member
3180500,tripdata_4,1096CE7B3C917A7F,electric_bike,"2026-05-20 19:17:02.657","2026-05-20 19:22:25.260","8 Ave & W 49 St",6747.07,"W 56 St & 6 Ave",6809.07,40.76171227910671,-73.98655101656914,40.76340613,-73.97722479,member
3181000,tripdata_4,34E91741840BF1C0,classic_bike,"2026-05-27 16:12:33.310","2026-05-27 16:43:00.064","44 Dr & Jackson Ave",6352.01,"5 Ave & E 72 St",7100.07,40.74718234,-73.9432635,40.77282817,-73.96685276,member
3181500,tripdata_4,DCEE7F067F1C6362,electric_bike,"2026-05-22 15:30:23.108","2026-05-22 15:31:28.364","Central Park W & W 85 St",7354.01,"Central Park W & W 85 St",7354.01,40.78476,-73.969862,40.78476,-73.969862,member
3182000,tripdata_4,8BFDA7F41725FD68,classic_bike,"2026-05-15 19:44:01.420","2026-05-15 20:13:45.649","5 Ave & E 72 St",7100.07,"5 Ave & E 72 St",7100.07,40.77282817,-73.96685276,40.77282817,-73.96685276,casual
3182500,tripdata_4,9A16A438FD0E334D,electric_bike,"2026-05-17 15:17:50.446","2026-05-17 15:41:13.748","5 Ave & E 72 St",7100.07,"Central Park W & W 85 St",7354.01,40.77282817,-73.96685276,40.78476,-73.969862,casual
3183000,tripdata_4,2DA828CC5709CC1A,electric_bike,"2026-05-18 13:20:03.734","2026-05-18 13:25:38.227","Marcy Ave & Gates Ave",4401.04,"Madison St & Malcolm X Blvd",4416.1,40.686679,-73.947417,40.68713,-73.93008,member
3183500,tripdata_4,AABBE349C5E5A466,classic_bike,"2026-05-15 11:58:56.740","2026-05-15 12:10:59.744","Central Park W & W 97 St",7538.18,"Central Park W & W 85 St",7354.01,40.79249519495111,-73.96417066463071,40.78476,-73.969862,member
3184000,tripdata_4,AAF80FD4D0A11E35,classic_bike,"2026-05-20 22:37:36.601","2026-05-20 22:40:26.523","Lexington Ave & E 127 St",7662.13,"5 Ave & W 126 St",7701.21,40.805726,-73.936322,40.80722,-73.9418,member
3184500,tripdata_4,0F41AFB67CE29930,electric_bike,"2026-05-22 11:21:51.991","2026-05-22 12:28:09.392","Columbus Ave & W 103 St",7595.17,"Central Park W & W 85 St",7354.01,40.7969347,-73.9643412291,40.78476,-73.969862,casual
3185000,tripdata_4,7F8F32040872B661,electric_bike,"2026-05-15 08:12:44.334","2026-05-15 08:37:44.570","12 Ave & W 125 St",7886.02,"W 56 St & 6 Ave",6809.07,40.818299,-73.960405,40.76340613,-73.97722479,member
3185500,tripdata_4,696769FB09982407,electric_bike,"2026-05-21 13:42:56.569","2026-05-21 14:07:15.801","Broadway & W 25 St",6173.08,"Amsterdam Ave & W 79 St",7311.02,40.74286877312112,-73.98918628692627,40.7829391,-73.9786517,casual
3186000,tripdata_4,60C269417A53F968,classic_bike,"2026-05-15 12:35:12.610","2026-05-15 13:10:37.225","2 Ave & E 29 St",6122.09,"Amsterdam Ave & W 79 St",7311.02,40.741723510974715,-73.97809267044067,40.7829391,-73.9786517,member
3186500,tripdata_4,3DD5772E452ACDDB,electric_bike,"2026-05-30 14:10:17.991","2026-05-30 15:01:55.569","Central Park S & 6 Ave",6876.04,"Central Park W & W 85 St",7354.01,40.76590936,-73.97634151,40.78476,-73.969862,member
3187000,tripdata_4,2AB12C22737B2859,electric_bike,"2026-05-18 10:00:53.951","2026-05-18 10:36:35.154","Allen St & Rivington St",5414.06,"Liberty St & Broadway",5105.01,40.72019576,-73.98997825,40.70905623,-74.01043382,member
3187500,tripdata_4,ED5BC90E3A1F23E5,electric_bike,"2026-05-28 17:37:39.188","2026-05-28 17:50:20.018","E 39 St & Lexington Ave",6389.09,"5 Ave & E 72 St",7100.07,40.749498546025194,-73.97729203113158,40.77282817,-73.96685276,member
3188000,tripdata_4,4423DDEF494593DA,electric_bike,"2026-05-25 19:39:47.320","2026-05-25 19:52:40.342","Clinton St & Grand St",5303.06,"Marcy Ave & Rutledge St",4933.04,40.71559509,-73.9870295,40.703681,-73.95427,member
3188500,tripdata_4,3A6D9F4A7E3C1AD3,electric_bike,"2026-05-19 09:26:31.385","2026-05-19 09:47:24.124","Morningside Dr & Amsterdam Ave",7741.04,"W 56 St & 6 Ave",6809.07,40.81028506306003,-73.95736455917358,40.76340613,-73.97722479,member
3189000,tripdata_4,93E097A5A7FFC127,electric_bike,"2026-05-29 14:26:41.581","2026-05-29 14:33:29.912","E 40 St & Park Ave",6432.11,"W 48 St &  Rockefeller Plaza",6626.11,40.750756,-73.978326,40.75776935448309,-73.97929430007935,member
3189500,tripdata_4,B1642821E829A7E1,electric_bike,"2026-05-22 18:24:24.446","2026-05-22 18:30:08.244","5 Ave & E 72 St",7100.07,"Central Park W & W 85 St",7354.01,40.77282817,-73.96685276,40.78476,-73.969862,casual
3190000,tripdata_4,E09EF5835AB79385,classic_bike,"2026-05-31 12:29:52.943","2026-05-31 12:42:29.180","Broadway & W 61 St",7014.12,"Central Park W & W 85 St",7354.01,40.77003010255044,-73.9819684624672,40.78476,-73.969862,member
3190500,tripdata_4,65E458CF8E76D0C9,electric_bike,"2026-05-29 09:21:34.275","2026-05-29 09:30:47.944","Kent Ave & N 3 St",5348.06,"Green St & McGuinness Blvd",5860.02,40.71797940978296,-73.96427449047715,40.73396,-73.95204,member
3191000,tripdata_4,251F5FCF48373A83,electric_bike,"2026-05-28 17:15:21.691","2026-05-28 17:31:07.891","Broadway & W 61 St",7014.12,"W 56 St & 6 Ave",6809.07,40.77003010255044,-73.9819684624672,40.76340613,-73.97722479,casual
3191500,tripdata_4,0C1396887C62DDC2,electric_bike,"2026-05-17 12:31:04.490","2026-05-17 12:38:58.468","Atlantic Ave & Furman St",4614.04,"Kane St & Clinton St",4455.11,40.69165183,-73.9999786,40.6861758,-73.99645295,member
3192000,tripdata_4,5EAA1209B1DC5A19,electric_bike,"2026-05-18 17:28:20.330","2026-05-18 17:51:24.136","Broadway & W 25 St",6173.08,"Amsterdam Ave & W 79 St",7311.02,40.74286877312112,-73.98918628692627,40.7829391,-73.9786517,member
3192500,tripdata_4,1EA24EF8B5022780,classic_bike,"2026-05-26 17:21:45.349","2026-05-26 17:41:52.580","6 Ave & W 34 St",6364.1,"5 Ave & E 72 St",7100.07,40.74964,-73.98805,40.77282817,-73.96685276,member
3193000,tripdata_4,7AC0B8986F73F92C,electric_bike,"2026-05-19 20:01:59.518","2026-05-19 20:36:32.104","5 Ave & E 103 St",7511.19,"W 31 St & 7 Ave",6331.01,40.7922553,-73.95249933,40.749156,-73.9916,member
3193500,tripdata_4,E55B1739983B0BF3,electric_bike,"2026-05-23 10:34:40.806","2026-05-23 11:05:00.382","Riverside Dr & W 91 St",7524.16,"W 15 St & 10 Ave",6115.09,40.79313480986663,-73.97700369358063,40.742753828659026,-74.00747358798981,member
3194000,tripdata_4,505AFA71399B1CA5,classic_bike,"2026-05-17 20:18:27.338","2026-05-17 20:33:25.887","Pulaski St & Marcus Garvey Blvd",4656.03,"Duffield St & Willoughby St",4596.05,40.6933982,-73.939877,40.69221589,-73.9842844,member
3194500,tripdata_4,24D7BB1E4EAD71A2,electric_bike,"2026-05-31 00:27:30.695","2026-05-31 00:32:29.732","Bushwick Ave & Dekalb Ave",4680.05,"Suydam St & Knickerbocker Ave",4939.07,40.69502,-73.92825,40.702013,-73.923769,member
3195000,tripdata_4,B8342BED7FD6B179,classic_bike,"2026-05-21 12:00:48.134","2026-05-21 12:11:19.565","E 25 St & 1 Ave",6004.07,"W 31 St & 7 Ave",6331.01,40.7381765,-73.97738662,40.749156,-73.9916,member
3195500,tripdata_4,E55F2D0441C57F22,electric_bike,"2026-05-26 19:24:38.125","2026-05-26 19:33:31.780","E 46 St & Madison Ave",6551.16,"W 31 St & 7 Ave",6331.01,40.755393,-73.977601,40.749156,-73.9916,member
3196000,tripdata_4,1A98EB24E0886094,classic_bike,"2026-05-23 07:53:58.225","2026-05-23 07:55:59.856","86 St & Ridge Blvd",2387.07,"4 Ave & 85 St",2377.01,40.62402,-74.03396,40.62354,-74.02817,member
3196500,tripdata_4,6F5F6F24CD275BB9,electric_bike,"2026-05-23 16:45:21.802","2026-05-23 16:46:50.497","4 Ave & 81 St",2453.05,"4 Ave & 85 St",2377.01,40.62643,-74.02707,40.62354,-74.02817,casual
3197000,tripdata_4,7957021EC22CB2BE,electric_bike,"2026-05-20 07:20:58.463","2026-05-20 07:31:33.353","1 Ave & E 6 St",5626.15,"W 31 St & 7 Ave",6331.01,40.72633085971696,-73.98616880178452,40.749156,-73.9916,member
3197500,tripdata_4,7E5CEC8387C9AF24,electric_bike,"2026-05-27 17:53:51.807","2026-05-27 18:00:01.641","E 40 St & 5 Ave",6474.11,"W 31 St & 7 Ave",6331.01,40.752062307,-73.9816324043,40.749156,-73.9916,member
3198000,tripdata_4,A9213EDA4442C930,electric_bike,"2026-05-26 17:39:18.869","2026-05-26 18:00:52.720","Pier 61 at Chelsea Piers",6233.04,"Duffield St & Willoughby St",4596.05,40.746872,-74.00821,40.69221589,-73.9842844,member
3198500,tripdata_4,62ABEF393D7D671B,electric_bike,"2026-05-16 13:25:36.419","2026-05-16 14:59:33.438","W 4 St & 7 Ave S",5880.02,"W 15 St & 10 Ave",6115.09,40.73401143,-74.00293877,40.742753828659026,-74.00747358798981,casual
3199000,tripdata_4,DD247801A2E427B7,classic_bike,"2026-05-22 02:01:27.707","2026-05-22 02:11:12.816","Menahan St & Wyckoff Ave",4890.11,"Suydam St & Knickerbocker Ave",4939.07,40.70113,-73.91422,40.702013,-73.923769,casual
3199500,tripdata_4,2FF0FC16EF40CB94,classic_bike,"2026-05-17 05:21:36.221","2026-05-17 05:25:04.679","Irving Ave & Harman St",4856.05,"Suydam St & Knickerbocker Ave",4939.07,40.70108,-73.9179,40.702013,-73.923769,member
3200000,tripdata_4,BFA80E219D685F8B,classic_bike,"2026-05-30 11:12:52.057","2026-05-30 11:23:40.066","Plaza St East & Flatbush Ave",4010.01,"St Johns Pl & Kingston Ave",3943.03,40.673134,-73.969106,40.67113,-73.94222,member
3200500,tripdata_4,844C8326BAB965B5,classic_bike,"2026-05-22 15:57:24.686","2026-05-22 16:04:24.811","46 Rd & 11 St",6245.08,"India St & Manhattan Ave",5826.02,40.745805,-73.950752,40.73232194,-73.9550858,casual
3201000,tripdata_4,660C9888A1360155,electric_bike,"2026-05-22 09:24:47.273","2026-05-22 09:30:13.968","W 27 St & 7 Ave",6257.06,"W 15 St & 10 Ave",6115.09,40.74665,-73.99392,40.742753828659026,-74.00747358798981,member
3201500,tripdata_4,F29017138793A1D8,classic_bike,"2026-05-16 16:02:18.041","2026-05-16 16:20:17.880","Broadway & Kent Ave",5134.09,"Duffield St & Willoughby St",4596.05,40.710888,-73.968329,40.69221589,-73.9842844,member
3202000,tripdata_4,E64E23EA2D51F69F,electric_bike,"2026-05-25 22:28:23.014","2026-05-25 22:43:30.643","1 Ave & E 62 St",6753.08,"W 31 St & 7 Ave",6331.01,40.7612274,-73.96094022,40.749156,-73.9916,casual
3202500,tripdata_4,45548525E5C9322A,classic_bike,"2026-05-27 19:48:21.098","2026-05-27 20:03:16.067","Manhattan Ave & Devoe St",5219.05,"India St & Manhattan Ave",5826.02,40.713532,-73.9459867,40.73232194,-73.9550858,member
3203000,tripdata_4,9C008CC8A38F7534,electric_bike,"2026-05-20 16:23:03.324","2026-05-20 16:33:32.590","E 12 St & 3 Ave",5788.12,"Market St & Cherry St",5198.04,40.73223272,-73.98889957,40.71076228,-73.99400398,member
3203500,tripdata_4,9E908073F93F7F8D,classic_bike,"2026-05-26 13:38:53.231","2026-05-26 13:51:45.770","N 5 St & Northside Piers",5458.02,"India St & Manhattan Ave",5826.02,40.719876,-73.963865,40.73232194,-73.9550858,member
3204000,tripdata_4,392F139851C7B1AA,electric_bike,"2026-05-28 15:27:27.428","2026-05-28 15:32:24.679","Franklin St & Dupont St",5944.01,"India St & Manhattan Ave",5826.02,40.73564,-73.95866,40.73232194,-73.9550858,casual
3204500,tripdata_4,3F56C8C5817DFFE0,electric_bike,"2026-05-15 08:34:10.484","2026-05-15 08:38:42.358","E 10 St & 5 Ave",5872.08,"W 15 St & 10 Ave",6115.09,40.73331967,-73.99510132,40.742753828659026,-74.00747358798981,member
3205000,tripdata_4,B88DF0DA3EC2A389,classic_bike,"2026-05-20 08:13:49.326","2026-05-20 08:18:28.837","W 20 St & 8 Ave",6224.05,"W 31 St & 7 Ave",6331.01,40.74345335,-74.00004031,40.749156,-73.9916,member
3205500,tripdata_4,42E4A23467A1CC88,electric_bike,"2026-05-18 15:14:21.827","2026-05-18 15:23:32.387","E 17 St & Broadway",5980.1,"8 Ave & W 31 St",6450.05,40.737006,-73.990134,40.7505853470215,-73.9946848154068,member
3206000,tripdata_4,805B8D03D81C2E86,classic_bike,"2026-05-18 11:56:41.423","2026-05-18 12:02:54.017","W 20 St & 10 Ave",6306.01,"W 17 St & 8 Ave",6148.02,40.745686,-74.005141,40.74177603,-74.00149746,member
3206500,tripdata_4,AA5A91CA3B13D558,electric_bike,"2026-05-16 19:22:01.637","2026-05-16 19:26:19.159","Menahan St & Onderdonk Ave",5034.03,"Willoughby Ave & Wyckoff Ave",5010.02,40.70553,-73.9096,40.705614,-73.92153,member
3207000,tripdata_4,B59DE94812E9B066,electric_bike,"2026-05-20 05:19:31.233","2026-05-20 05:28:18.458","1 Ave & E 38 St",6230.02,"8 Ave & W 31 St",6450.05,40.746202,-73.971822,40.7505853470215,-73.9946848154068,member
3207500,tripdata_4,1DBFA1C3630A8A05,electric_bike,"2026-05-30 22:20:39.205","2026-05-30 22:30:36.838","Washington Pl & 6 Ave",5838.09,"E 7 St & Ave A",5626.07,40.73224119,-74.00026394,40.72621788,-73.98379855,member
3208000,tripdata_4,7EA8BE70F798108A,classic_bike,"2026-05-15 17:37:12.049","2026-05-15 18:13:36.700","Park Ave & E 42 St",6432.09,"Driggs Ave & S 2 St",5235.1,40.751873,-73.977706,40.712628,-73.960575,member
3208500,tripdata_4,20A03EE125229640,electric_bike,"2026-05-17 14:06:13.260","2026-05-17 14:13:06.039","University Pl & E 8 St",5755.14,"E 7 St & Ave A",5626.07,40.73143724085228,-73.99490341544151,40.72621788,-73.98379855,casual
3209000,tripdata_4,6F2EB6212EBBAD86,electric_bike,"2026-05-21 22:38:04.765","2026-05-21 22:42:46.310","E 10 St & 2 Ave",5746.02,"W 11 St & 6 Ave",5914.03,40.72970805644994,-73.9865979552269,40.73532427,-73.99800419,member
3209500,tripdata_4,5F7B77DEEACF4D0A,classic_bike,"2026-05-26 19:44:28.334","2026-05-26 19:50:36.218","34 Ave & Vernon Blvd",6873.01,"34 Ave & 31 St",6720.07,40.76535380385866,-73.93986314535141,40.759604471387945,-73.92714411020279,member
3210000,tripdata_4,F768492CD6773974,classic_bike,"2026-05-17 10:04:42.359","2026-05-17 10:09:33.576","3 Ave & Wakeman Pl",2883.03,"62 St & 4 Ave",2923.01,40.638246,-74.024714,40.639859,-74.019776,member
3210500,tripdata_4,DFA6146D70B3F855,electric_bike,"2026-05-17 12:08:43.951","2026-05-17 12:21:51.754","Henry St & Bay St",3972.08,"DeKalb Ave & Vanderbilt Ave",4461.04,40.6725058,-74.00494695,40.68940747,-73.96885458,member
3211000,tripdata_4,5589026E238E5901,classic_bike,"2026-05-15 04:19:07.542","2026-05-15 04:20:51.244","E 2 St & Ave A",5553.1,"E 7 St & Ave A",5626.07,40.72307749068673,-73.98583620786667,40.72621788,-73.98379855,member
3211500,tripdata_4,A55EAFCFEA0D563D,electric_bike,"2026-05-16 12:28:12.255","2026-05-16 12:35:56.032","South St & Pike St",5159.07,"E 7 St & Ave A",5626.07,40.70991806921533,-73.99161100387573,40.72621788,-73.98379855,casual
3212000,tripdata_4,910CC3D2441807F1,classic_bike,"2026-05-27 22:51:11.886","2026-05-27 22:58:11.816","E New York Ave & Troy Ave",3680.04,"Kingston Ave & Carroll St",3831.03,40.66227,-73.93762,40.66688,-73.9425,member
3212500,tripdata_4,6CB98F581F4C68C0,electric_bike,"2026-05-19 08:20:43.011","2026-05-19 08:24:32.005","Bergen St & Vanderbilt Ave",4157.1,"DeKalb Ave & Vanderbilt Ave",4461.04,40.6794388,-73.9680438,40.68940747,-73.96885458,member
3213000,tripdata_4,A36E1494C92B9298,electric_bike,"2026-05-30 16:30:02.298","2026-05-30 16:41:46.171","E 20 St & FDR Dr",5886.13,"8 Ave & W 31 St",6450.05,40.733208626522426,-73.9756813647,40.7505853470215,-73.9946848154068,member
3213500,tripdata_4,D97FCC43720B9E32,electric_bike,"2026-05-21 15:34:35.821","2026-05-21 15:44:12.355","Leonard St & Maujer St",5148.03,"Driggs Ave & S 2 St",5235.1,40.7103685423523,-73.94705951213837,40.712628,-73.960575,member
3214000,tripdata_4,52F30115A493E6CC,electric_bike,"2026-05-25 17:01:04.043","2026-05-25 17:04:33.544","Washington Ave & Park Ave",4724.03,"DeKalb Ave & Vanderbilt Ave",4461.04,40.69610226,-73.96751037,40.68940747,-73.96885458,member
3214500,tripdata_4,AC6B75577FC4A06F,electric_bike,"2026-05-25 20:23:25.964","2026-05-25 20:39:35.864","99 St & 32 Ave",6660.05,"32 Ave & 77 St",6603.06,40.75896,-73.86976,40.75727,-73.89024,casual
3215000,tripdata_4,0F8C556BFEE1D225,electric_bike,"2026-05-22 10:44:12.369","2026-05-22 10:50:59.517","Cleveland Pl & Spring St",5492.05,"W 11 St & 6 Ave",5914.03,40.722103786686034,-73.99724900722504,40.73532427,-73.99800419,member
3215500,tripdata_4,ACF9364F7137C261,electric_bike,"2026-05-16 18:27:32.656","2026-05-16 18:47:03.625","11 Ave & W 41 St",6726.01,"E 7 St & Ave A",5626.07,40.76030096,-73.99884222,40.72621788,-73.98379855,member
3216000,tripdata_4,D42AD88601ABB795,electric_bike,"2026-05-26 07:04:56.441","2026-05-26 07:11:58.886","W 54 St & 11 Ave",6955.05,"8 Ave & W 31 St",6450.05,40.768333,-73.992573,40.7505853470215,-73.9946848154068,member
3216500,tripdata_4,20220B5B7881B703,electric_bike,"2026-05-17 17:01:49.132","2026-05-17 17:20:36.966","E 68 St & Madison Ave",6932.15,"34 Ave & 31 St",6720.07,40.7691572,-73.96703464,40.759604471387945,-73.92714411020279,member
3217000,tripdata_4,08A22706ED8E617C,electric_bike,"2026-05-30 18:47:48.666","2026-05-30 19:08:46.380","West St & Liberty St",5184.08,"E 7 St & Ave A",5626.07,40.711444,-74.014847,40.72621788,-73.98379855,member
3217500,tripdata_4,31D583F2E9F8C0AE,electric_bike,"2026-05-22 21:47:19.839","2026-05-22 21:51:25.533","Rugby Rd & Albemarle Rd",3188.04,"E 21 St & Church Ave",3294.03,40.64672,-73.96637,40.65007,-73.96001,casual
3218000,tripdata_4,8EE3B8D45A4E6BD3,electric_bike,"2026-05-25 15:50:41.216","2026-05-25 15:58:24.984","Suydam St & Broadway",4689.03,"Willoughby Ave & Wyckoff Ave",5010.02,40.69544,-73.93223,40.705614,-73.92153,member
3218500,tripdata_4,50FE25A9775651AB,electric_bike,"2026-05-16 17:59:43.474","2026-05-16 18:24:57.269","Sands St & Jay St",4821.03,"Willoughby Ave & Wyckoff Ave",5010.02,40.700119,-73.9862,40.705614,-73.92153,member
3219000,tripdata_4,6B53B9F4E70AF399,electric_bike,"2026-05-25 12:20:58.483","2026-05-25 12:25:30.573","King St & Varick St",5687.11,"W 11 St & 6 Ave",5914.03,40.72789701409023,-74.00536268949507,40.73532427,-73.99800419,member
3219500,tripdata_4,2ED58FD9FF7E289D,electric_bike,"2026-05-15 08:45:17.880","2026-05-15 08:48:20.395","W 30 St & 10 Ave",6459.07,"8 Ave & W 31 St",6450.05,40.752694,-74.002353,40.7505853470215,-73.9946848154068,member
3220000,tripdata_4,958966EBADCEC739,electric_bike,"2026-05-28 17:31:15.565","2026-05-28 17:41:07.109","W 47 St & 6 Ave",6667.12,"W 17 St & 8 Ave",6148.02,40.758154,-73.981957,40.74177603,-74.00149746,member
3220500,tripdata_4,97CB983683DD12FA,classic_bike,"2026-05-22 09:34:37.055","2026-05-22 09:39:18.936","Allen St & Rivington St",5414.06,"E 7 St & Ave A",5626.07,40.72019576,-73.98997825,40.72621788,-73.98379855,member
3221000,tripdata_4,337D3E7811FBF2CD,classic_bike,"2026-05-28 16:41:43.035","2026-05-28 17:21:22.486","W 89 St & Columbus Ave",7432.09,"Riverside Dr & W 148 St",8054.04,40.7882213,-73.97041561,40.829114,-73.950426,member
3221500,tripdata_4,9FFCB8D75B62EA10,classic_bike,"2026-05-31 13:54:34.372","2026-05-31 13:56:25.649","1 Ave & E 6 St",5626.15,"E 7 St & Ave A",5626.07,40.72633085971696,-73.98616880178452,40.72621788,-73.98379855,member
3222000,tripdata_4,88BF30C05F5FE75E,electric_bike,"2026-05-16 17:37:42.897","2026-05-16 17:45:05.526","Washington Ave & Park Pl",4116.09,"DeKalb Ave & Vanderbilt Ave",4461.04,40.675832,-73.963308,40.68940747,-73.96885458,member
3222500,tripdata_4,6FD6E6E345E7BDDD,classic_bike,"2026-05-17 18:06:25.020","2026-05-17 18:20:45.173","W 50 St & 9 Ave",6854.05,"8 Ave & W 31 St",6450.05,40.763604677958625,-73.98917958140373,40.7505853470215,-73.9946848154068,member
3223000,tripdata_4,ADF8FACCFC5E0B95,electric_bike,"2026-05-22 19:34:37.985","2026-05-22 19:43:13.149","Macon St & Nostrand Ave",4214.03,"Crown St & Rogers Ave",3768.02,40.6809833854,-73.9500479759,40.66639,-73.95346,member
3223500,tripdata_4,6B7225B6E7DD7439,classic_bike,"2026-05-18 13:00:21.270","2026-05-18 13:25:29.166","Allen St & Rivington St",5414.06,"8 Ave & W 31 St",6450.05,40.72019576,-73.98997825,40.7505853470215,-73.9946848154068,casual
3224000,tripdata_4,95C8884CC5D1B50C,classic_bike,"2026-05-29 13:29:16.558","2026-05-29 13:38:57.197","Engert Ave & McGuinness Blvd",5473.03,"Driggs Ave & S 2 St",5235.1,40.72158,-73.94546,40.712628,-73.960575,member
3224500,tripdata_4,15D6EC7CC9999B36,electric_bike,"2026-05-15 14:54:33.598","2026-05-15 14:57:29.950","8 Ave & W 24 St",6224.06,"8 Ave & W 31 St",6450.05,40.74591072834279,-73.99807110428809,40.7505853470215,-73.9946848154068,member
3225000,tripdata_4,6ED6A415E03C66AD,electric_bike,"2026-05-18 20:54:11.987","2026-05-18 20:57:32.027","W 30 St & 10 Ave",6459.07,"8 Ave & W 31 St",6450.05,40.752694,-74.002353,40.7505853470215,-73.9946848154068,member
3225500,tripdata_4,8138040C459EFEB1,electric_bike,"2026-05-19 17:59:43.269","2026-05-19 18:24:54.242","McGuinness Blvd & Eagle St",5977.01,"DeKalb Ave & Vanderbilt Ave",4461.04,40.73555,-73.95284,40.68940747,-73.96885458,member
3226000,tripdata_4,5B8D402191D44428,electric_bike,"2026-05-15 17:28:29.553","2026-05-15 17:34:16.212","Queens Plaza North & Crescent St",6429.01,"34 Ave & 31 St",6720.07,40.75110165,-73.94073717,40.759604471387945,-73.92714411020279,member
3226500,tripdata_4,7AEC9A148D99344F,electric_bike,"2026-05-20 15:18:58.821","2026-05-20 15:21:30.352","Cooper Square & Astor Pl",5712.03,"E 7 St & Ave A",5626.07,40.72951496224949,-73.99075269699097,40.72621788,-73.98379855,member
3227000,tripdata_4,DE446DF5D91234CB,classic_bike,"2026-05-31 20:39:28.211","2026-05-31 20:49:46.430","Plaza St East & Flatbush Ave",4010.01,"DeKalb Ave & Vanderbilt Ave",4461.04,40.673134,-73.969106,40.68940747,-73.96885458,member
3227500,tripdata_4,3E85E32ACBFD1778,electric_bike,"2026-05-31 00:15:41.378","2026-05-31 00:26:42.037","W 110 St & Amsterdam Ave",7646.04,"Riverside Dr & W 148 St",8054.04,40.802692,-73.96295,40.829114,-73.950426,casual
3228000,tripdata_4,71811AEBD4E7F6FE,electric_bike,"2026-05-22 13:29:22.661","2026-05-22 13:42:39.325","W 170 St & University Ave",8254.01,"Southern Blvd & E 149 St",7788.13,40.84207,-73.926075,40.811892,-73.904192,member
3228500,tripdata_4,23C85F70166C2011,electric_bike,"2026-05-25 19:20:25.569","2026-05-25 19:39:55.600","Lenox Ave & W 126 St",7720.03,"Westchester Ave & Southern Blvd",8004.03,40.808442,-73.9452087,40.824956,-73.891677,member
3229000,tripdata_4,9B5BD73E6E65B2FE,electric_bike,"2026-05-30 11:03:35.210","2026-05-30 11:12:41.302","6 Ave & Walker St",5430.1,"Peck Slip & South St",5096.12,40.7197920901383,-74.0052238852195,40.7075188830923,-74.00108054280281,casual
3229500,tripdata_4,8F734DE50146D932,classic_bike,"2026-05-26 10:43:06.156","2026-05-26 11:10:37.055","Little West St & 1 Pl",5001.08,"Peck Slip & South St",5096.12,40.70569254,-74.01677685,40.7075188830923,-74.00108054280281,casual
3230000,tripdata_4,959DEDA16DB27CAF,electric_bike,"2026-05-21 01:01:49.506","2026-05-21 01:09:03.154","Suydam St & Broadway",4689.03,"Harman St & Seneca Ave",5002.09,40.69544,-73.93223,40.70577,-73.91292,casual
3230500,tripdata_4,3A3ABF8F27220A87,electric_bike,"2026-05-30 09:19:58.726","2026-05-30 09:25:04.285","Crescent St & 30 Ave",6958.06,"Steinway St & Broadway",6711.13,40.768692,-73.9249574,40.75905795418586,-73.91897544264793,member
3231000,tripdata_4,C43037ACB19A597C,electric_bike,"2026-05-15 06:10:48.908","2026-05-15 06:14:53.323","51 St & Hobart St",6662.09,"Steinway St & Broadway",6711.13,40.75767234025041,-73.90769943594933,40.75905795418586,-73.91897544264793,member
3231500,tripdata_4,B8231AB036E90BAC,electric_bike,"2026-05-22 17:58:41.296","2026-05-22 18:12:09.870","Bushwick Ave & Stagg St",5140.06,"Bushwick Ave & Stagg St",5140.06,40.709897,-73.94008,40.709897,-73.94008,member
3232000,tripdata_4,372E1B2DB2CC181B,electric_bike,"2026-05-18 19:17:15.639","2026-05-18 19:55:58.826","University Pl & E 14 St",5905.14,"Irving Ave & Jefferson St",5051.02,40.734814,-73.992085,40.70538,-73.92535,casual
3232500,tripdata_4,CCABD0EC10B5B8C4,classic_bike,"2026-05-18 18:09:29.603","2026-05-18 18:13:50.454","Arion Pl & Broadway",4801.1,"Central Ave & Melrose St",4832.07,40.697891,-73.936642,40.70112,-73.93039,member
3233000,tripdata_4,7636C8786EEE24E4,electric_bike,"2026-05-27 17:49:01.779","2026-05-27 18:19:38.134","Broadway & W 25 St",6173.08,"Graham Ave & Conselyea St",5291.05,40.74286877312112,-73.98918628692627,40.715143,-73.944507,member
3233500,tripdata_4,088FC6B183829856,electric_bike,"2026-05-29 18:36:21.062","2026-05-29 18:50:47.696","Dock 72 Way & Market St",4804.02,"Graham Ave & Conselyea St",5291.05,40.69985,-73.97141,40.715143,-73.944507,member
3234000,tripdata_4,6FBC843E5E53D345,classic_bike,"2026-05-16 18:27:40.579","2026-05-16 18:31:34.486","35 St & 34 Ave",6679.11,"Steinway St & Broadway",6711.13,40.7580583,-73.9242751,40.75905795418586,-73.91897544264793,member
3234500,tripdata_4,C1E289C0E144089D,electric_bike,"2026-05-20 16:31:25.183","2026-05-20 16:36:58.786","Garfield Pl & 8 Ave",3978.13,"7 St & 5 Ave",3914.02,40.6711978,-73.97484126,40.6704922,-73.98541675,member
3235000,tripdata_4,04B41FDE7A2BAC0C,electric_bike,"2026-05-28 20:58:51.865","2026-05-28 21:07:30.721","Bulova Ave & Brooklyn Queens Expressway W",6766.03,"Steinway St & Broadway",6711.13,40.762507,-73.902534,40.75905795418586,-73.91897544264793,member
3235500,tripdata_4,D6208571C0230188,electric_bike,"2026-05-31 11:49:13.872","2026-05-31 12:14:04.732","42 Ave & 108 St",6371.03,"Steinway St & Broadway",6711.13,40.74944,-73.85792,40.75905795418586,-73.91897544264793,member
3236000,tripdata_4,4EDFB66373893209,electric_bike,"2026-05-25 19:18:39.621","2026-05-25 19:24:34.915","Frederick Douglass Blvd & W 117 St",7688.12,"Frederick Douglass Blvd & W 139 St",7876.07,40.805159,-73.954692,40.81900581806558,-73.94476890563965,member
3236500,tripdata_4,BFFDD8B61F615B23,electric_bike,"2026-05-27 08:45:08.184","2026-05-27 08:46:46.811","Graham Ave & Herbert St",5403.05,"Graham Ave & Conselyea St",5291.05,40.71929301,-73.94500379,40.715143,-73.944507,member
3237000,tripdata_4,FEC4E534CDE2CD18,electric_bike,"2026-05-29 19:22:51.144","2026-05-29 19:40:56.522","Norfolk St & Broome St",5374.01,"Central Ave & Melrose St",4832.07,40.7172274,-73.98802084,40.70112,-73.93039,member
3237500,tripdata_4,B39ED9C20B138624,electric_bike,"2026-05-30 02:35:27.183","2026-05-30 03:01:57.495","Cumberland St & Lafayette Ave",4428.02,"Irving Ave & Jefferson St",5051.02,40.68753406,-73.97265183,40.70538,-73.92535,casual
3238000,tripdata_4,B7DA0D3A2B6764AA,classic_bike,"2026-05-16 15:08:32.929","2026-05-16 16:31:18.206","W 52 St & 5 Ave",6700.01,"E 75 St & 3 Ave",6991.12,40.75992262,-73.97648516,40.77112927,-73.95772297,casual
3238500,tripdata_4,E61D00F31F4C24C1,classic_bike,"2026-05-18 20:01:33.614","2026-05-18 20:47:13.548","Withers St & Kingsland Ave",5362.08,"Steinway St & Broadway",6711.13,40.71773,-73.94051,40.75905795418586,-73.91897544264793,member
3239000,tripdata_4,617A262C8BC7B54A,electric_bike,"2026-05-31 02:36:10.712","2026-05-31 02:42:58.713","Flushing Ave & Woodward Ave",5225.02,"Central Ave & Melrose St",4832.07,40.71246,-73.91873,40.70112,-73.93039,member
3239500,tripdata_4,A9C8F09E32AC66DC,electric_bike,"2026-05-28 14:37:07.964","2026-05-28 14:55:16.724","W 26 St & 10 Ave",6382.05,"West End Ave & W 94 St",7524.09,40.749717753,-74.002950346,40.7941654,-73.974124,member
3240000,tripdata_4,87A4F549849B38CF,electric_bike,"2026-05-29 07:46:11.971","2026-05-29 07:50:45.422","E 15 St & 5 Ave",5947.06,"Washington Pl & Greene St",5755.15,40.736592,-73.992949,40.72980619180496,-73.99546380915461,member
3240500,tripdata_4,5448F482A4E9912E,classic_bike,"2026-05-22 19:33:52.912","2026-05-22 19:38:01.013","6 Ave & 9 St",3803.09,"16 St & 4 Ave",3811.05,40.668127,-73.98377641,40.666197,-73.992466,member
3241000,tripdata_4,B1EEDC1A5AD0EF5B,electric_bike,"2026-05-17 11:47:30.216","2026-05-17 12:18:35.844","Linden Blvd & Nostrand Ave",3359.03,"Graham Ave & Conselyea St",5291.05,40.65272,-73.94994,40.715143,-73.944507,casual
3241500,tripdata_4,0438F368C97475CF,electric_bike,"2026-05-15 18:23:03.092","2026-05-15 18:29:53.389","3 Ave & E 71 St",6960.12,"Madison Ave & E 51 St",6659.09,40.76879,-73.9614,40.75863,-73.97513,member
3242000,tripdata_4,C6AECC7A53A7618D,classic_bike,"2026-05-16 14:29:28.925","2026-05-16 14:39:42.557","Amsterdam Ave & W 73 St",7260.09,"West End Ave & W 94 St",7524.09,40.77966809007312,-73.98093044757842,40.7941654,-73.974124,member
3242500,tripdata_4,E04C74AF27B08CEA,electric_bike,"2026-05-29 18:48:18.255","2026-05-29 19:28:55.565","E 81 St & Park Ave",7188.1,"1 Ave & E 94 St",7286.05,40.77677702,-73.9590097,40.7817212,-73.94594,member
3243000,tripdata_4,B7237F3BE2F6749D,classic_bike,"2026-05-25 14:38:59.171","2026-05-25 14:48:40.753","E 60 St & York Ave",6682.08,"Madison Ave & E 51 St",6659.09,40.759107,-73.959223,40.75863,-73.97513,member
3243500,tripdata_4,D1AD5884D1F48F36,electric_bike,"2026-05-20 15:03:30.796","2026-05-20 15:07:07.186","E 85 St & 3 Ave",7212.05,"E 75 St & 3 Ave",6991.12,40.77801203,-73.95407149,40.77112927,-73.95772297,member
3244000,tripdata_4,F2BFE89413B3AFD1,classic_bike,"2026-05-20 12:28:08.809","2026-05-20 12:37:15.208","Greenwich Ave & 8 Ave",6072.06,"Washington Pl & Greene St",5755.15,40.7390169121,-74.0026376103,40.72980619180496,-73.99546380915461,member
3244500,tripdata_4,2E4D021324F18F46,electric_bike,"2026-05-26 19:10:02.557","2026-05-26 19:37:33.396","E 20 St & Park Ave",6055.08,"Carroll St & 5 Ave",4060.09,40.73827428,-73.98751968,40.6751622,-73.9814832,member
3245000,tripdata_4,E1292304F3D214AA,electric_bike,"2026-05-31 13:18:11.041","2026-05-31 13:27:05.121","E 72 St & Park Ave",6998.08,"1 Ave & E 94 St",7286.05,40.77118287540658,-73.96409422159195,40.7817212,-73.94594,member
3245500,tripdata_4,170A7E1272FEEC84,classic_bike,"2026-05-27 17:48:04.680","2026-05-27 18:17:36.055","West End Ave & W 60 St",7059.08,"West End Ave & W 94 St",7524.09,40.77237,-73.99005,40.7941654,-73.974124,casual
3246000,tripdata_4,0EF08A38FD687965,classic_bike,"2026-05-25 12:27:59.862","2026-05-25 12:33:06.455","Jefferson St & Cypress Ave",5082.08,"Harman St & Seneca Ave",5002.09,40.70907,-73.92157,40.70577,-73.91292,member
3246500,tripdata_4,CEBA6E66081C5ECF,classic_bike,"2026-05-16 16:24:07.568","2026-05-16 16:29:47.594","28 Ave & 44 St",6879.04,"Steinway St & Broadway",6711.13,40.76408932350688,-73.91065120697021,40.75905795418586,-73.91897544264793,member
3247000,tripdata_4,C92D8D4496B36EF8,electric_bike,"2026-05-21 16:07:26.967","2026-05-21 16:33:19.775","Harrison St & Hudson St",5400.05,"Graham Ave & Conselyea St",5291.05,40.71870987,-74.0090009,40.715143,-73.944507,member
3247500,tripdata_4,6C2F6E2EFB01BAF6,classic_bike,"2026-05-17 14:23:33.221","2026-05-17 14:30:26.509","Yankee Ferry Terminal",4440.02,"Picnic Point",4374.01,40.68706579875912,-74.01675585121666,40.68512559515415,-74.02535319328308,member
3248000,tripdata_4,DE8D16165D3B2DE5,electric_bike,"2026-05-20 18:38:03.303","2026-05-20 18:47:49.986","W 84 St & Columbus Ave",7382.04,"West End Ave & W 94 St",7524.09,40.78499979,-73.97283406,40.7941654,-73.974124,casual
3248500,tripdata_4,54D151C62F81FDEE,electric_bike,"2026-05-30 18:02:02.907","2026-05-30 18:22:14.431","Lenox Ave & W 130 St",7753.13,"E 75 St & 3 Ave",6991.12,40.8107922,-73.9430681,40.77112927,-73.95772297,casual
3249000,tripdata_4,52B13814463AD0CE,classic_bike,"2026-05-16 15:09:46.642","2026-05-16 15:20:16.947","E 75 St & 3 Ave",6991.12,"E 75 St & 3 Ave",6991.12,40.77112927,-73.95772297,40.77112927,-73.95772297,casual
3249500,tripdata_4,0176AC9B286A3BE1,electric_bike,"2026-05-20 11:32:32.686","2026-05-20 11:36:52.382","10 St & 5 Ave",3842.08,"Carroll St & 5 Ave",4060.09,40.6686273,-73.98700053,40.6751622,-73.9814832,member
3250000,tripdata_4,1CF4BB851CE952D1,electric_bike,"2026-05-20 16:18:15.067","2026-05-20 16:25:18.983","Central Ave & Starr St",4792.03,"Harman St & Seneca Ave",5002.09,40.700003,-73.92834,40.70577,-73.91292,member
3250500,tripdata_4,74315059CE8B357D,electric_bike,"2026-05-30 20:21:41.278","2026-05-30 20:34:22.102","Broadway & Kent Ave",5134.09,"Sharon St & Olive St",5323.06,40.710888,-73.968329,40.715341620424475,-73.93865078687668,casual
3251000,tripdata_4,35AC83C9386A1B67,classic_bike,"2026-05-27 13:39:55.688","2026-05-27 13:46:30.149","Broadway & W 61 St",7014.12,"W 42 St & 8 Ave",6602.05,40.77003010255044,-73.9819684624672,40.7575699,-73.99098507,member
3251500,tripdata_4,8E36E796B2535030,electric_bike,"2026-05-20 18:16:54.168","2026-05-20 18:29:34.112","N 12 St & Bedford Ave",5450.04,"Broadway & Roebling St",5125.07,40.72079821,-73.95484712,40.70924826276157,-73.96063148975372,member
3252000,tripdata_4,2B4AD0B2A901D5B9,electric_bike,"2026-05-22 15:02:03.253","2026-05-22 15:08:36.983","Lexington Ave & E 26 St",6089.08,"E 10 St & Ave A",5659.05,40.741459,-73.983293,40.72740794,-73.98142006,member
3252500,tripdata_4,7F6335D1ADEB37EB,electric_bike,"2026-05-30 10:56:18.237","2026-05-30 11:04:55.195","Withers St & Kingsland Ave",5362.08,"Broadway & Roebling St",5125.07,40.71773,-73.94051,40.70924826276157,-73.96063148975372,member
3253000,tripdata_4,084816E2D18616B5,classic_bike,"2026-05-17 17:35:35.597","2026-05-17 17:48:31.595","W 13 St & 7 Ave",6030.04,"E 14 St & Ave B",5736.09,40.73781509,-73.99994661,40.72938685,-73.97772429,casual
3253500,tripdata_4,E0E7B50F9B24DDDA,classic_bike,"2026-05-29 20:26:16.386","2026-05-29 20:33:05.868","Kosciuszko St & Tompkins Ave",4553.04,"Monroe St & Bedford Ave",4368.05,40.69128258,-73.9452416,40.6851443,-73.95380904,member
3254000,tripdata_4,DCDE7B837F14BF6A,electric_bike,"2026-05-28 05:07:16.002","2026-05-28 05:21:46.440","Goble Pl & Macombs Rd",8269.01,"Jerome Ave & Bedford Park Blvd E",8734.02,40.844075,-73.917256,40.87307,-73.88971,member
3254500,tripdata_4,77B667861F9E2500,classic_bike,"2026-05-25 23:05:02.309","2026-05-25 23:11:11.576","Union St & Bedford Ave",3879.04,"Monroe St & Bedford Ave",4368.05,40.6691783,-73.9554162,40.6851443,-73.95380904,member
3255000,tripdata_4,F65DDAC509A1E5D3,classic_bike,"2026-05-31 16:49:02.831","2026-05-31 16:50:07.932","Ave D & E 3 St",5436.09,"E 6 St & Ave D",5506.14,40.72082834,-73.97793172,40.72228087,-73.97668709,member
3255500,tripdata_4,21F78B814CC6A36C,electric_bike,"2026-05-17 11:08:01.868","2026-05-17 11:15:11.631","S 4 St & Wythe Ave",5204.05,"N 10 St & Berry St",5450.01,40.71285887,-73.96590294,40.720253,-73.957082,casual
3256000,tripdata_4,85CB6F34EF382471,electric_bike,"2026-05-17 17:58:14.450","2026-05-17 18:06:27.280","FDR Drive & E 35 St",6230.04,"E 14 St & Ave B",5736.09,40.744219,-73.97121214,40.72938685,-73.97772429,casual
3256500,tripdata_4,6F3BA951D80A8A3E,classic_bike,"2026-05-23 13:17:50.174","2026-05-23 13:30:13.752","43 St & Broadway",6670.03,"27 St & Hunter St",6310.06,40.7577284,-73.9166368,40.7485,-73.941275,member
3257000,tripdata_4,4A0832BB6B6A28F7,electric_bike,"2026-05-17 00:06:42.185","2026-05-17 00:15:54.491","Van Buren St & Broadway",4568.01,"Central Ave & Decatur St",4432.1,40.692,-73.92617,40.6882,-73.90798,casual
3257500,tripdata_4,AFC27BA12B41AFAD,classic_bike,"2026-05-18 10:13:49.044","2026-05-18 10:20:47.134","Vernon Blvd & 47 Rd",6212.08,"27 St & Hunter St",6310.06,40.7449067,-73.9534573,40.7485,-73.941275,member
3258000,tripdata_4,2D48BC515B7A1C20,classic_bike,"2026-05-18 15:20:51.034","2026-05-18 15:32:48.556","Grand St & Elizabeth St",5382.06,"E 2 St & Ave A",5553.1,40.718822,-73.99596,40.72307749068673,-73.98583620786667,member
3258500,tripdata_4,1A2324D5572F37A9,classic_bike,"2026-05-31 22:11:03.292","2026-05-31 22:39:54.170","DeKalb Ave & Hudson Ave",4513.06,"E 14 St & Ave B",5736.09,40.689888,-73.981013,40.72938685,-73.97772429,member
3259000,tripdata_4,A811AE0AD14702EB,electric_bike,"2026-05-31 18:54:54.726","2026-05-31 19:02:09.025","Vernon Blvd & 41 Rd",6514.08,"27 St & Hunter St",6310.06,40.7552433,-73.9485678,40.7485,-73.941275,member
3259500,tripdata_4,892D1FD954CBB45C,electric_bike,"2026-05-18 22:57:30.523","2026-05-18 23:04:23.437","Lafayette St & Jersey St",5561.06,"E 2 St & Ave A",5553.1,40.72456089,-73.99565293,40.72307749068673,-73.98583620786667,member
3260000,tripdata_4,C6A4521B075F66E9,electric_bike,"2026-05-29 18:44:46.685","2026-05-29 18:58:30.078","Leonard St & Maujer St",5148.03,"E 10 St & Ave A",5659.05,40.7103685423523,-73.94705951213837,40.72740794,-73.98142006,member
3260500,tripdata_4,9FB5FF56579037BF,electric_bike,"2026-05-22 19:03:57.366","2026-05-22 19:10:29.743","E 23 St & 1 Ave",5929.01,"E 6 St & Ave D",5506.14,40.736502,-73.97809472,40.72228087,-73.97668709,member
3261000,tripdata_4,746AE4BDB0D07036,classic_bike,"2026-05-26 14:47:28.178","2026-05-26 14:48:50.613","Ave D & E 8 St",5506.1,"E 6 St & Ave D",5506.14,40.72368361,-73.97574813,40.72228087,-73.97668709,member
3261500,tripdata_4,9958A53DCE1D6DD1,electric_bike,"2026-05-30 15:02:19.898","2026-05-30 15:09:04.339","W 34 St & Hudson Blvd E",6535.04,"W 42 St & 8 Ave",6602.05,40.75516719072139,-74.00059908628464,40.7575699,-73.99098507,casual
3262000,tripdata_4,38A468790DB1E4DE,electric_bike,"2026-05-27 20:18:12.158","2026-05-27 20:46:17.525","W 35 St & 9 Ave",6569.09,"Broadway & Roebling St",5125.07,40.75414519263519,-73.9960889518261,40.70924826276157,-73.96063148975372,member
3262500,tripdata_4,5A79194B46C32175,electric_bike,"2026-05-18 16:48:47.476","2026-05-18 17:45:48.657","E 6 St & Ave D",5506.14,"E 6 St & Ave D",5506.14,40.72228087,-73.97668709,40.72228087,-73.97668709,member
3263000,tripdata_4,62AE35DD451B65A1,electric_bike,"2026-05-18 11:39:49.073","2026-05-18 11:47:16.261","W 50 St & 10 Ave",6890.06,"W 42 St & 8 Ave",6602.05,40.764734200065185,-73.99194359779358,40.7575699,-73.99098507,member
3263500,tripdata_4,CB4FD19FEF337F72,electric_bike,"2026-05-17 18:26:28.190","2026-05-17 18:29:57.542","E 10 St & Ave A",5659.05,"E 2 St & Ave A",5553.1,40.72740794,-73.98142006,40.72307749068673,-73.98583620786667,member
3264000,tripdata_4,B01C791238971CA7,electric_bike,"2026-05-22 08:14:46.592","2026-05-22 08:18:10.787","Allen St & Stanton St",5484.09,"E 6 St & Ave B",5584.04,40.722055,-73.989111,40.72453734,-73.98185424,member
3264500,tripdata_4,C7EB5FE220A9A84D,classic_bike,"2026-05-17 13:50:42.806","2026-05-17 14:06:16.685","W 89 St & Columbus Ave",7432.09,"Columbus Ave & W 59 St",6986.07,40.7882213,-73.97041561,40.76931,-73.98464,member
3265000,tripdata_4,F0549E295BB5B878,classic_bike,"2026-05-16 22:45:17.882","2026-05-16 22:48:07.036","W 47 St & 9 Ave",6786.02,"W 42 St & 8 Ave",6602.05,40.76153045158114,-73.99007007479668,40.7575699,-73.99098507,member
3265500,tripdata_4,4E2BE1A07B720B8C,electric_bike,"2026-05-15 22:56:50.487","2026-05-15 23:31:47.279","Greenwood Ave & E 4 St",3353.04,"E 2 St & Ave A",5553.1,40.650739,-73.977739,40.72307749068673,-73.98583620786667,member
3266000,tripdata_4,7D7AF677ECFC9530,electric_bike,"2026-05-27 08:28:03.295","2026-05-27 08:37:41.385","Nassau Ave & Newell St",5623.03,"5 St & 51 Ave",6137.04,40.724812564400175,-73.94752621650696,40.7423737,-73.9566,member
3266500,tripdata_4,04519C895F17EE66,electric_bike,"2026-05-29 09:02:44.604","2026-05-29 09:14:50.030","Kent Ave & Grand St",5388.01,"Adelphi St & Myrtle Ave",4620.02,40.716425,-73.96594,40.69308257,-73.97178913,member
3267000,tripdata_4,08B9613A9DADCC2C,classic_bike,"2026-05-20 17:02:43.230","2026-05-20 17:20:52.146","Willoughby Ave & Wyckoff Ave",5010.02,"Putnam Ave & Ralph Ave",4450.06,40.705614,-73.92153,40.68705,-73.92338,casual
3267500,tripdata_4,C73725C67CEC364A,electric_bike,"2026-05-17 18:39:39.257","2026-05-17 18:47:57.348","Adams St & Prospect St",4821.1,"Adelphi St & Myrtle Ave",4620.02,40.700763083261506,-73.98869812488556,40.69308257,-73.97178913,member
3268000,tripdata_4,7E515C8FD4503705,electric_bike,"2026-05-26 07:02:53.305","2026-05-26 07:07:20.473","W 50 St & 9 Ave",6854.05,"W 51 St & Rockefeller Plaza",6700.14,40.763604677958625,-73.98917958140373,40.75973805251143,-73.97811613976955,member
3268500,tripdata_4,92595C2CDA855861,electric_bike,"2026-05-30 12:18:58.235","2026-05-30 12:28:50.800","Carroll St & Smith St",4225.14,"3 Ave & 14 St",3850.03,40.680611,-73.99475825,40.6685455,-73.99333264,casual
3269000,tripdata_4,8B3632192D12AD12,electric_bike,"2026-05-16 22:27:18.372","2026-05-16 22:36:26.206","Union St & Bedford Ave",3879.04,"Winthrop St & Nostrand Ave",3544.02,40.6691783,-73.9554162,40.65707,-73.95005,casual
3269500,tripdata_4,47CCDAC385FB822A,electric_bike,"2026-05-27 18:47:00.203","2026-05-27 19:36:00.091","12 Ave & W 40 St",6765.01,"Putnam Ave & Ralph Ave",4450.06,40.76087502,-74.00277668,40.68705,-73.92338,member
3270000,tripdata_4,C2E93612122EB264,electric_bike,"2026-05-29 18:31:12.131","2026-05-29 18:34:59.633","38 St & 30 Ave",6850.01,"31 Ave & Crescent St",6893.1,40.764174520197685,-73.91583994030952,40.7658346,-73.9265474,member
3270500,tripdata_4,FA7F8EE157A8C101,electric_bike,"2026-05-31 17:01:23.966","2026-05-31 17:22:00.909","St Marks Pl & 2 Ave",5669.1,"Adelphi St & Myrtle Ave",4620.02,40.7284186,-73.98713956,40.69308257,-73.97178913,member
3271000,tripdata_4,34045329289B5B1C,electric_bike,"2026-05-22 16:53:28.808","2026-05-22 17:10:42.302","Wadsworth Ave & W 179 St",8336.02,"E 167 St & Franklin Ave",8048.01,40.848467,-73.936064,40.82895,-73.90521,casual
3271500,tripdata_4,050926B8C58C0E5B,electric_bike,"2026-05-31 01:21:35.400","2026-05-31 01:30:04.924","Cooper Square & Astor Pl",5712.03,"Forsyth St & Broome St",5453.05,40.72951496224949,-73.99075269699097,40.71893904,-73.99266288,member
3272000,tripdata_4,D2666CF616BB2506,electric_bike,"2026-05-15 10:18:18.671","2026-05-15 10:24:04.330","Walton Ave & E 168 St",8179.03,"River Ave & E 151 St",7967.04,40.83649,-73.918316,40.822217,-73.928939,member
3272500,tripdata_4,7E60ADBE8F5DFF08,classic_bike,"2026-05-30 12:00:20.039","2026-05-30 12:10:56.572","Bergen St & Vanderbilt Ave",4157.1,"DeKalb Ave & S Portland Ave",4546.06,40.6794388,-73.9680438,40.68967018552252,-73.97527355121376,member
3273000,tripdata_4,3312FCAB4B530B4B,electric_bike,"2026-05-15 07:44:54.755","2026-05-15 07:47:46.613","3 Ave & E 62 St",6830.04,"E 53 St & Lexington Ave",6617.09,40.76313,-73.96527,40.75828065,-73.97069431,member
3273500,tripdata_4,CD6282985E938688,electric_bike,"2026-05-31 00:25:44.872","2026-05-31 00:56:40.887","Canal St & Rutgers St",5303.08,"3 Ave & 14 St",3850.03,40.71427487,-73.98990025,40.6685455,-73.99333264,casual
3274000,tripdata_4,F45C4650150C7D55,electric_bike,"2026-05-27 20:10:07.177","2026-05-27 20:29:50.483","Coffey St & Conover St",4137.1,"Adelphi St & Myrtle Ave",4620.02,40.677236,-74.015665,40.69308257,-73.97178913,member
3274500,tripdata_4,331044D39F2EEBAF,electric_bike,"2026-05-18 17:23:07.395","2026-05-18 17:27:19.734","Clarkson Ave & E 40 St",3423.1,"Winthrop St & Nostrand Ave",3544.02,40.65592,-73.94068,40.65707,-73.95005,member
3275000,tripdata_4,CC1B77ECE9C61316,electric_bike,"2026-05-27 18:41:10.817","2026-05-27 18:43:58.869","23 St & 31 Ave",6929.01,"31 Ave & Crescent St",6893.1,40.76663971723091,-73.9286595582962,40.7658346,-73.9265474,member
3275500,tripdata_4,5683A3F5CC1FE3C4,electric_bike,"2026-05-30 18:35:42.766","2026-05-30 19:20:30.779","5 Ave & E 103 St",7511.19,"E 53 St & Lexington Ave",6617.09,40.7922553,-73.95249933,40.75828065,-73.97069431,casual
3276000,tripdata_4,DB9BE3D71F1E02B1,electric_bike,"2026-05-15 20:16:16.443","2026-05-15 20:33:13.298","Coffey St & Conover St",4137.1,"Adelphi St & Myrtle Ave",4620.02,40.677236,-74.015665,40.69308257,-73.97178913,member
3276500,tripdata_4,A3F0828D8D35BC09,electric_bike,"2026-05-26 18:44:11.784","2026-05-26 18:52:57.507","2 Ave & E 72 St",6925.09,"E 53 St & Lexington Ave",6617.09,40.7687620293096,-73.95840793848038,40.75828065,-73.97069431,member
3277000,tripdata_4,1AB95A6B1A677C63,electric_bike,"2026-05-28 18:22:31.926","2026-05-28 18:36:52.011","61 St & Queens Blvd",6116.03,"79 St & 37 Ave",6365.1,40.74091,-73.90273,40.74937,-73.88714,member
3277500,tripdata_4,0086598D1223BC3A,electric_bike,"2026-05-21 20:58:03.961","2026-05-21 21:18:24.171","Stockholm St & Wilson Ave",4824.03,"Forsyth St & Broome St",5453.05,40.699304,-73.923044,40.71893904,-73.99266288,casual
3278000,tripdata_4,BEEEC5911D66C97D,electric_bike,"2026-05-26 10:20:22.734","2026-05-26 10:25:43.409","Prospect Pl & 6 Ave",4166.08,"DeKalb Ave & S Portland Ave",4546.06,40.6793307,-73.97519523,40.68967018552252,-73.97527355121376,member
3278500,tripdata_4,07D20F2960AC21D2,electric_bike,"2026-05-29 15:50:31.168","2026-05-29 15:53:28.153","5 St & 51 Ave",6137.04,"5 St & 51 Ave",6137.04,40.7423737,-73.9566,40.7423737,-73.9566,casual
3279000,tripdata_4,3FE119DCBF1BAE0F,electric_bike,"2026-05-27 19:04:51.705","2026-05-27 19:07:55.797","DeKalb Ave & Hudson Ave",4513.06,"DeKalb Ave & S Portland Ave",4546.06,40.689888,-73.981013,40.68967018552252,-73.97527355121376,member
3279500,tripdata_4,32DEF542375F2857,electric_bike,"2026-05-26 05:56:58.423","2026-05-26 06:00:25.754","E 44 St & 2 Ave",6422.09,"E 53 St & Lexington Ave",6617.09,40.75118387463277,-73.97138714790344,40.75828065,-73.97069431,member
3280000,tripdata_4,E98A14562B7B5DA7,electric_bike,"2026-05-21 07:09:50.512","2026-05-21 08:07:45.498","Carlton Ave & Park Ave",4732.04,"Adelphi St & Myrtle Ave",4620.02,40.69580705,-73.97355569,40.69308257,-73.97178913,member
3280500,tripdata_4,47A2A52A90ED11D5,electric_bike,"2026-05-27 08:00:43.948","2026-05-27 08:12:12.558","E 25 St & 1 Ave",6004.07,"W 51 St & Rockefeller Plaza",6700.14,40.7381765,-73.97738662,40.75973805251143,-73.97811613976955,member
3281000,tripdata_4,CEBDF880DB2B3C91,electric_bike,"2026-05-18 14:08:22.208","2026-05-18 14:21:06.215","Grand St & Wythe Ave",5348.1,"Adelphi St & Myrtle Ave",4620.02,40.71575,-73.96433,40.69308257,-73.97178913,member
3281500,tripdata_4,B210115C0E86BB3F,electric_bike,"2026-05-16 03:43:47.155","2026-05-16 03:52:31.696","Greene Ave & Throop Ave",4510.04,"Menahan St & Central Ave",4672.01,40.6894932,-73.942061,40.69543,-73.9196,casual
3282000,tripdata_4,95A17DC3733BAFDC,electric_bike,"2026-05-16 06:47:36.495","2026-05-16 07:16:07.128","43 Ave & 40 St",6292.03,"Adelphi St & Myrtle Ave",4620.02,40.74562,-73.92402,40.69308257,-73.97178913,member
3282500,tripdata_4,6D8AA2480493C6E2,electric_bike,"2026-05-15 13:33:07.015","2026-05-15 13:44:18.122","Kingsland Ave & Nassau Ave",5613.04,"5 St & 51 Ave",6137.04,40.72577,-73.94173,40.7423737,-73.9566,member
3283000,tripdata_4,1DBBED4B3D1AB429,electric_bike,"2026-05-16 16:10:41.884","2026-05-16 16:11:57.776","W 33 St & 10 Ave",6492.04,"W 37 St & 10 Ave",6611.02,40.753773368360385,-73.99937599897385,40.75660359,-73.9979009,member
3283500,tripdata_4,F15C9BE7D8223E53,electric_bike,"2026-05-23 11:19:42.740","2026-05-23 11:23:59.556","Broadway & Roebling St",5125.07,"N 7 St & Driggs Ave",5340.01,40.70924826276157,-73.96063148975372,40.716967,-73.956388,member
3284000,tripdata_4,E7F893EB9D944F6E,classic_bike,"2026-05-19 07:17:47.741","2026-05-19 07:19:00.361","10 Ave & W 34 St",6535.05,"W 37 St & 10 Ave",6611.02,40.75476986284269,-73.99914588449698,40.75660359,-73.9979009,member
3284500,tripdata_4,1F120290BF9BDD8E,classic_bike,"2026-05-31 13:27:55.347","2026-05-31 14:18:16.332","Broadway & W 138 St",7942.07,"E 68 St & 3 Ave",6896.16,40.82182,-73.95353,40.76712840349542,-73.96224617958069,member
3285000,tripdata_4,C546CB95F71C5B62,electric_bike,"2026-05-29 16:07:04.952","2026-05-29 16:08:05.196","Driggs Ave & N 9 St",5411.08,"N 7 St & Driggs Ave",5340.01,40.71816969454208,-73.95520135760307,40.716967,-73.956388,member
3285500,tripdata_4,1BC178869F14101B,classic_bike,"2026-05-31 15:52:29.900","2026-05-31 16:31:19.867","E 67 St & Park Ave",6932.14,"Bronx Shore Comfort Station",7618.01,40.76780080148132,-73.96592080593109,40.80046,-73.92404,member
3286000,tripdata_4,2B4025B829560040,classic_bike,"2026-05-20 14:27:00.634","2026-05-20 14:48:05.920","W 51 St & 7 Ave",6779.07,"E 68 St & 3 Ave",6896.16,40.76167,-73.98256,40.76712840349542,-73.96224617958069,casual
3286500,tripdata_4,D37B1A0236E6CA7C,electric_bike,"2026-05-27 08:59:01.265","2026-05-27 09:14:49.236","King St & Varick St",5687.11,"W 37 St & 10 Ave",6611.02,40.72789701409023,-74.00536268949507,40.75660359,-73.9979009,casual
3287000,tripdata_4,C349D2525A0D398B,classic_bike,"2026-05-30 08:45:06.482","2026-05-30 08:51:39.255","99 St & 35 Ave",6542.05,"87 St & Roosevelt Ave",6356.01,40.75404,-73.86887,40.74825,-73.87936,member
3287500,tripdata_4,1DAA0E539117152B,electric_bike,"2026-05-28 16:04:05.836","2026-05-28 16:54:49.003","Central Park S & Grand Army Plaza",6839.15,"W 34 St & 11 Ave",6578.01,40.764555,-73.973473,40.75594159,-74.0021163,member
3288000,tripdata_4,E34B5780EE514198,electric_bike,"2026-05-30 14:23:19.325","2026-05-30 14:35:35.617","Columbus Ave & W 59 St",6986.07,"W 34 St & 11 Ave",6578.01,40.76931,-73.98464,40.75594159,-74.0021163,member
3288500,tripdata_4,CA83524F53C5D925,electric_bike,"2026-05-25 17:29:02.149","2026-05-25 17:34:32.555","W 47 St & 9 Ave",6786.02,"W 37 St & 10 Ave",6611.02,40.76153045158114,-73.99007007479668,40.75660359,-73.9979009,member
3289000,tripdata_4,F77D6388416B7835,classic_bike,"2026-05-16 15:54:20.122","2026-05-16 16:10:19.723","W 15 St & 10 Ave",6115.09,"W 37 St & 10 Ave",6611.02,40.742753828659026,-74.00747358798981,40.75660359,-73.9979009,casual
3289500,tripdata_4,6E0681252166D2ED,electric_bike,"2026-05-27 12:54:09.305","2026-05-27 13:03:51.440","Broadway & W 61 St",7014.12,"E 68 St & 3 Ave",6896.16,40.77003010255044,-73.9819684624672,40.76712840349542,-73.96224617958069,member
3290000,tripdata_4,6234AE67D2C5DF0C,electric_bike,"2026-05-18 21:12:18.649","2026-05-18 21:31:15.214","Harrison St & Hudson St",5400.05,"W 37 St & 10 Ave",6611.02,40.71870987,-74.0090009,40.75660359,-73.9979009,casual
3290500,tripdata_4,519A8DCD1732A0DC,classic_bike,"2026-05-27 08:36:13.857","2026-05-27 08:43:57.116","Grand St & Wythe Ave",5348.1,"N 7 St & Driggs Ave",5340.01,40.71575,-73.96433,40.716967,-73.956388,member
3291000,tripdata_4,21BC9F7FE17509AB,classic_bike,"2026-05-18 19:03:15.731","2026-05-18 19:11:07.532","7 Ave & Central Park South",6912.01,"E 68 St & 3 Ave",6896.16,40.7667405590595,-73.9790689945221,40.76712840349542,-73.96224617958069,casual
3291500,tripdata_4,54E8D8F188D299C5,electric_bike,"2026-05-19 17:20:10.101","2026-05-19 17:32:29.896","Orchard St & Grand St",5343.11,"N 7 St & Driggs Ave",5340.01,40.717318403855785,-73.99067759513855,40.716967,-73.956388,member
3292000,tripdata_4,9BAF240E20F474EF,electric_bike,"2026-05-20 07:09:34.988","2026-05-20 07:17:45.389","E 60 St & York Ave",6682.08,"E 68 St & 3 Ave",6896.16,40.759107,-73.959223,40.76712840349542,-73.96224617958069,member
3292500,tripdata_4,51EE7CDC5D2A4277,classic_bike,"2026-05-27 16:16:34.249","2026-05-27 16:19:04.911","Norman St & Wyckoff Ave",4654.01,"Cypress Ave & St Felix Ave",4687.03,40.69517,-73.90311,40.69559,-73.89927,member
3293000,tripdata_4,ED46BC15C541FF96,electric_bike,"2026-05-24 16:00:06.099","2026-05-24 16:04:22.754","31 St & Northern Blvd",6495.17,"36 St & Queens Blvd",6260.04,40.75186951421875,-73.93349289894103,40.74408,-73.92901,member
3293500,tripdata_4,F133EF71B51DB4E2,electric_bike,"2026-05-31 15:33:35.109","2026-05-31 15:40:59.248","W 21 St & 6 Ave",6140.05,"W 37 St & 10 Ave",6611.02,40.74173969,-73.99415556,40.75660359,-73.9979009,member
3294000,tripdata_4,E13A6F9DDB733172,classic_bike,"2026-05-22 11:08:18.559","2026-05-22 11:12:06.461","W 44 St & 11 Ave",6756.05,"W 34 St & 11 Ave",6578.01,40.762009,-73.996975,40.75594159,-74.0021163,member
3294500,tripdata_4,893B8140000B7107,electric_bike,"2026-05-19 15:21:03.858","2026-05-19 15:25:04.530","Boston Rd & Prospect Ave",8133.08,"Crotona Ave & Crotona Park N",8257.03,40.833246,-73.896599,40.84234,-73.89409,member
3295000,tripdata_4,82822BC4CCCC040B,electric_bike,"2026-05-20 17:09:00.313","2026-05-20 17:20:04.578","W 37 St & 10 Ave",6611.02,"W 37 St & 10 Ave",6611.02,40.75660359,-73.9979009,40.75660359,-73.9979009,casual
3295500,tripdata_4,99B02144876FAB44,electric_bike,"2026-05-21 07:20:50.197","2026-05-21 07:34:22.990","E 60 St & York Ave",6682.08,"E 68 St & 3 Ave",6896.16,40.759107,-73.959223,40.76712840349542,-73.96224617958069,casual
3296000,tripdata_4,FF90A6E151C1FBC0,electric_bike,"2026-05-15 18:54:10.927","2026-05-15 19:04:22.214","Riverside Blvd & W 67 St",7183.03,"W 37 St & 10 Ave",6611.02,40.777507027547976,-73.98888587951659,40.75660359,-73.9979009,casual
3296500,tripdata_4,1670BC1001333C0C,classic_bike,"2026-05-20 21:36:00.649","2026-05-20 21:53:47.536","E 68 St & 3 Ave",6896.16,"E 68 St & 3 Ave",6896.16,40.76712840349542,-73.96224617958069,40.76712840349542,-73.96224617958069,member
3297000,tripdata_4,10AA261C4F3AE7D7,classic_bike,"2026-05-31 14:09:08.009","2026-05-31 14:28:55.579","Centre St & Worth St",5279.03,"W 34 St & 11 Ave",6578.01,40.71494807,-74.00234482,40.75594159,-74.0021163,member
3297500,tripdata_4,FA9EF71A7FE13A4F,classic_bike,"2026-05-20 17:41:58.269","2026-05-20 18:33:57.757","E 27 St & 1 Ave",6004.06,"W 37 St & 10 Ave",6611.02,40.739445,-73.976806,40.75660359,-73.9979009,member
3298000,tripdata_4,7A38E71A1FDB23DC,electric_bike,"2026-05-17 17:03:51.050","2026-05-17 17:12:54.039","Berry St & N 8 St",5379.09,"Ash St & Manhattan Ave",6019.04,40.7190095,-73.95852515,40.738095,-73.954867,casual
3298500,tripdata_4,FBF981F2113F305D,electric_bike,"2026-05-31 11:57:34.167","2026-05-31 12:04:55.188","8 Ave & W 33 St",6450.12,"W 34 St & 11 Ave",6578.01,40.75156757136795,-73.99376901480953,40.75594159,-74.0021163,casual
3299000,tripdata_4,81399226E82718C4,electric_bike,"2026-05-20 08:41:11.594","2026-05-20 08:44:11.218","Leonard St & Nassau Ave",5550.09,"N 7 St & Driggs Ave",5340.01,40.7239567849954,-73.94984364509583,40.716967,-73.956388,member
3299500,tripdata_4,4FA1ADCCFEC62239,classic_bike,"2026-05-29 17:05:32.801","2026-05-29 17:28:11.103","Fort Washington Ave & W 190 St",8496.01,"Margaret Corbin Plz & Ft Washington Ave",8532.03,40.856906,-73.935662,40.859166,-73.933872,member
3300000,tripdata_4,FBEE71A3294C6CF0,electric_bike,"2026-05-31 15:35:37.586","2026-05-31 15:47:38.650","Graham Ave & Conselyea St",5291.05,"Ash St & Manhattan Ave",6019.04,40.715143,-73.944507,40.738095,-73.954867,member
3300500,tripdata_4,934FA7A3A35FD922,electric_bike,"2026-05-30 18:16:27.399","2026-05-30 18:21:21.528","Lorimer St & Calyer St",5709.04,"N 7 St & Driggs Ave",5340.01,40.72795,-73.95414,40.716967,-73.956388,member
3301000,tripdata_4,0BA2E1452744F59F,electric_bike,"2026-05-28 19:48:48.961","2026-05-28 19:56:47.961","Myrtle Ave & Linden St",4816.02,"Cypress Ave & St Felix Ave",4687.03,40.69943,-73.91337,40.69559,-73.89927,casual
3301500,tripdata_4,DDAD8E08995791EB,electric_bike,"2026-05-21 19:46:30.882","2026-05-21 19:52:28.019","Wythe Ave & N 13 St",5558.04,"Ash St & Manhattan Ave",6019.04,40.722767,-73.957021,40.738095,-73.954867,member
3302000,tripdata_4,686EB062BD4EA1A4,electric_bike,"2026-05-17 08:32:01.446","2026-05-17 08:55:43.877","Prospect Ave & E 151 St",7830.03,"E 68 St & 3 Ave",6896.16,40.814232,-73.903927,40.76712840349542,-73.96224617958069,casual
3302500,tripdata_4,96FA3B77B56E70B3,classic_bike,"2026-05-18 22:35:27.997","2026-05-18 23:03:33.229","Prospect Pl & Nostrand Ave",4025.02,"Rogers Ave & Snyder Ave",3286.07,40.67428,-73.9503,40.6487143313713,-73.95207855180962,casual
3303000,tripdata_4,19A27EC91A4279E5,classic_bike,"2026-05-22 15:10:13.670","2026-05-22 15:40:22.583","Broadway & 31 St",6789.08,"Columbus Ave & W 72 St",7175.05,40.76194,-73.92513,40.7770575,-73.97898475,casual
3303500,tripdata_4,4CC230FDEC86AE5B,electric_bike,"2026-05-23 21:46:58.542","2026-05-23 21:53:53.540","Fulton St & Waverly Ave",4345.11,"Ashland Pl & Dekalb Ave",4513.09,40.683238654603414,-73.96599590778351,40.690065,-73.978776,member
3304000,tripdata_4,9CDC5A555A9B3A12,electric_bike,"2026-05-15 17:16:21.161","2026-05-15 17:57:46.089","Clinton St & Tillary St",4748.07,"Columbus Ave & W 72 St",7175.05,40.69623297129315,-73.99142056703568,40.7770575,-73.97898475,casual
3304500,tripdata_4,D2E68BCDD86046C0,electric_bike,"2026-05-19 12:05:32.089","2026-05-19 12:15:47.600","E 58 St & 3 Ave",6762.02,"Columbus Ave & W 72 St",7175.05,40.76095756,-73.96724467,40.7770575,-73.97898475,member
3305000,tripdata_4,575455B222CE072A,electric_bike,"2026-05-15 18:39:08.246","2026-05-15 18:49:03.664","W 54 St & 6 Ave",6771.13,"Columbus Ave & W 72 St",7175.05,40.761865,-73.977242,40.7770575,-73.97898475,member
3305500,tripdata_4,F8763F7EE66C8D06,classic_bike,"2026-05-18 09:56:53.095","2026-05-18 10:20:40.252","W 34 St & 11 Ave",6578.01,"Columbus Ave & W 72 St",7175.05,40.75594159,-74.0021163,40.7770575,-73.97898475,member
3306000,tripdata_4,BEF8CCB3A3142E24,electric_bike,"2026-05-19 07:16:42.395","2026-05-19 07:23:48.908","E 77 St & 3 Ave",7092.06,"Columbus Ave & W 72 St",7175.05,40.77314236,-73.95856158,40.7770575,-73.97898475,member
3306500,tripdata_4,D491672D1FC1C510,electric_bike,"2026-05-14 20:40:10.709","2026-05-14 21:15:00.394","W 100 St & Manhattan Ave",7538.14,"W 100 St & Manhattan Ave",7538.14,40.795,-73.9645,40.795,-73.9645,member
3307000,tripdata_4,BA05B38C41F9C2DC,electric_bike,"2026-05-29 10:27:39.852","2026-05-29 10:35:36.674","Front St & Jay St",4895.03,"Ashland Pl & Dekalb Ave",4513.09,40.702461,-73.986842,40.690065,-73.978776,member
3307500,tripdata_4,54F22525E2CA7118,electric_bike,"2026-05-22 13:21:16.772","2026-05-22 13:32:25.712","E 106 St & 1 Ave",7456.03,"E 78 St & 2 Ave",7057.07,40.7892529,-73.93956237,40.7727966,-73.95577801,member
3308000,tripdata_4,1004F7DF1EC8646E,classic_bike,"2026-05-29 22:33:00.950","2026-05-29 22:42:08.073","Walker St & Baxter St",5351.07,"Hudson St & N Moore St",5470.13,40.717411,-73.999573,40.719887998,-74.0086269379,member
3308500,tripdata_4,A06B4D25A7B6405A,electric_bike,"2026-05-31 21:53:15.728","2026-05-31 21:56:08.333","Irving Ave & Halsey St",4695.04,"Central Ave & Weirfield St",4591.04,40.69467,-73.90663,40.69055,-73.91181,member
3309000,tripdata_4,1EA35013141C59D5,electric_bike,"2026-05-26 20:54:51.597","2026-05-26 20:57:57.005","Riverside Dr & W 72 St",7288.04,"Columbus Ave & W 72 St",7175.05,40.78057799010334,-73.98562431335449,40.7770575,-73.97898475,casual
3309500,tripdata_4,725D6548B27B0D45,classic_bike,"2026-05-27 22:18:41.427","2026-05-27 22:23:27.258","W 84 St & Columbus Ave",7382.04,"Columbus Ave & W 72 St",7175.05,40.78499979,-73.97283406,40.7770575,-73.97898475,member
3310000,tripdata_4,D056FFA8CB4D598F,classic_bike,"2026-05-15 08:28:53.404","2026-05-15 08:34:52.608","W 95 St & Broadway",7541.01,"W 100 St & Manhattan Ave",7538.14,40.7937704,-73.971888,40.795,-73.9645,casual
3310500,tripdata_4,78B2C5E2FB3EFED5,classic_bike,"2026-05-21 21:02:04.563","2026-05-21 21:08:34.327","Willoughby Ave & Tompkins Ave",4665.02,"Stuyvesant Ave & Hart St",4689.08,40.69425403,-73.94626915,40.69465,-73.9343,member
3311000,tripdata_4,5C4D0C8F572AFF0F,electric_bike,"2026-05-30 17:15:57.347","2026-05-30 17:23:39.834","Riverside Dr & W 82 St",7388.1,"Columbus Ave & W 72 St",7175.05,40.78720869,-73.98128127,40.7770575,-73.97898475,member
3311500,tripdata_4,F80A50DA5BA8375F,electric_bike,"2026-05-31 13:27:40.349","2026-05-31 14:08:45.135","Franklin St & Dupont St",5944.01,"Columbus Ave & W 72 St",7175.05,40.73564,-73.95866,40.7770575,-73.97898475,member
3312000,tripdata_4,92DBB070356FA1E4,electric_bike,"2026-05-16 08:51:44.116","2026-05-16 09:05:39.332","Driggs Ave & S 2 St",5235.1,"Ashland Pl & Dekalb Ave",4513.09,40.712628,-73.960575,40.690065,-73.978776,member
3312500,tripdata_4,E48C83B666D3C0C1,electric_bike,"2026-05-22 23:29:33.141","2026-05-22 23:31:38.789","E 157 St & River Ave",8005.03,"E 153 St & E 157 St",8025.01,40.825737,-73.927311,40.826677,-73.929327,casual
3313000,tripdata_4,B1E5ABCACA010BC4,electric_bike,"2026-05-16 12:54:28.413","2026-05-16 13:07:33.105","Suydam St & Broadway",4689.03,"Ashland Pl & Dekalb Ave",4513.09,40.69544,-73.93223,40.690065,-73.978776,casual
3313500,tripdata_4,20A3DD115BFD6ECA,electric_bike,"2026-05-25 21:28:40.084","2026-05-25 21:32:24.769","Decatur Ave & Bedford Park Blvd",8664.06,"Bainbridge Ave & E 193 St",8582.1,40.86813,-73.88412,40.86415477605928,-73.892452880543,member
3314000,tripdata_4,CCE6FEEBE36780A5,electric_bike,"2026-05-20 06:57:38.546","2026-05-20 07:03:55.713","Morris Ave & E 142 St",7821.01,"E 153 St & E 157 St",8025.01,40.814469,-73.924963,40.826677,-73.929327,member
3314500,tripdata_4,E852F3DDFA791C33,electric_bike,"2026-05-18 19:27:20.501","2026-05-18 19:42:03.669","1 Ave & E 68 St",6822.09,"Columbus Ave & W 72 St",7175.05,40.76500525,-73.95818491,40.7770575,-73.97898475,member
3315000,tripdata_4,A3A71410BBD2364D,classic_bike,"2026-05-28 13:36:14.225","2026-05-28 13:48:33.402","Central Park W & W 85 St",7354.01,"W 100 St & Manhattan Ave",7538.14,40.78476,-73.969862,40.795,-73.9645,member
3315500,tripdata_4,40F23F539596EA48,electric_bike,"2026-05-16 23:59:52.508","2026-05-17 00:06:37.955","Central Park W & W 76 St",7253.04,"W 100 St & Manhattan Ave",7538.14,40.77896784,-73.97374737,40.795,-73.9645,member
3316000,tripdata_4,65F67B7BB7323E20,electric_bike,"2026-05-22 23:16:44.066","2026-05-22 23:19:49.975","Johnson St & Gold St",4668.08,"Ashland Pl & Dekalb Ave",4513.09,40.69474881,-73.98362464,40.690065,-73.978776,member
3316500,tripdata_4,CFAB479DB10B222F,electric_bike,"2026-05-31 12:26:18.257","2026-05-31 12:57:02.561","Allen St & Rivington St",5414.06,"Columbus Ave & W 72 St",7175.05,40.72019576,-73.98997825,40.7770575,-73.97898475,member
3317000,tripdata_4,5C2902211B8C4BC9,electric_bike,"2026-05-29 17:09:12.413","2026-05-29 17:18:49.579","6 Ave & W 45 St",6593.15,"Columbus Ave & W 72 St",7175.05,40.756951,-73.982631,40.7770575,-73.97898475,member
3317500,tripdata_4,5C69E2E6718F42CF,electric_bike,"2026-05-25 15:16:37.529","2026-05-25 16:16:43.599","7 Ave & Central Park South",6912.01,"Columbus Ave & W 72 St",7175.05,40.7667405590595,-73.9790689945221,40.7770575,-73.97898475,casual
3318000,tripdata_4,D5FA4B5C7E109FF2,electric_bike,"2026-05-27 17:58:55.144","2026-05-27 18:10:41.773","Pier 61 at Chelsea Piers",6233.04,"Hudson St & N Moore St",5470.13,40.746872,-74.00821,40.719887998,-74.0086269379,member
3318500,tripdata_4,32F0F1399335A5E0,electric_bike,"2026-05-22 15:43:23.600","2026-05-22 15:48:07.417","Central Park W & W 85 St",7354.01,"Columbus Ave & W 72 St",7175.05,40.78476,-73.969862,40.7770575,-73.97898475,member
3319000,tripdata_4,9936B44C6837AE7E,electric_bike,"2026-05-20 11:31:14.759","2026-05-20 11:33:56.512","Goulden Ave & W 205 St",8799.01,"Jerome Ave & E Mosholu Pkwy N",8824.02,40.87812,-73.89192,40.88031,-73.88426,member
3319500,tripdata_4,6D574182A2C5A895,electric_bike,"2026-05-20 13:12:46.415","2026-05-20 13:15:42.489","State St & Smith St",4522.07,"Bond St & Fulton St",4479.06,40.68917,-73.9886,40.6896218879,-73.9830426872,member
3320000,tripdata_4,1F7DCF1812354FFD,classic_bike,"2026-05-29 01:24:26.076","2026-05-29 01:31:37.874","9 Ave & W 18 St",6190.08,"E 15 St & 5 Ave",5947.06,40.74317449,-74.00366443,40.736592,-73.992949,casual
3320500,tripdata_4,2F21A6C21337D12B,classic_bike,"2026-05-18 08:59:51.964","2026-05-18 09:06:26.868","President St & Hoyt St",4184.08,"Bond St & Fulton St",4479.06,40.680057,-73.991753,40.6896218879,-73.9830426872,member
3321000,tripdata_4,4E39AC7EF566B15D,classic_bike,"2026-05-24 16:50:34.509","2026-05-24 17:00:51.601","8 Ave & W 33 St",6450.12,"11 Ave & W 41 St",6726.01,40.75156757136795,-73.99376901480953,40.76030096,-73.99884222,member
3321500,tripdata_4,F48B4387C6C09033,electric_bike,"2026-05-30 17:36:45.084","2026-05-30 17:50:25.054","Broadway & Kent Ave",5134.09,"Bond St & Fulton St",4479.06,40.710888,-73.968329,40.6896218879,-73.9830426872,member
3322000,tripdata_4,13D569A8C13CE514,classic_bike,"2026-05-25 12:05:57.040","2026-05-25 12:07:42.130","E 17 St & Broadway",5980.1,"E 15 St & 5 Ave",5947.06,40.737006,-73.990134,40.736592,-73.992949,member
3322500,tripdata_4,9C18B3E0B7B461E9,electric_bike,"2026-05-27 15:23:50.359","2026-05-27 15:46:10.470","Grand St & Wythe Ave",5348.1,"Bond St & Fulton St",4479.06,40.71575,-73.96433,40.6896218879,-73.9830426872,member
3323000,tripdata_4,A6E0A0F3BE8D1179,electric_bike,"2026-05-15 19:02:46.419","2026-05-15 19:08:11.714","8 Ave & W 38 St",6526.05,"11 Ave & W 41 St",6726.01,40.75461,-73.99177,40.76030096,-73.99884222,casual
3323500,tripdata_4,887134F18021D7C1,electric_bike,"2026-05-19 13:12:21.702","2026-05-19 13:17:23.408","Eastern Pkwy & Franklin Ave (SW Corner)",3919.12,"Rogers Ave & Lincoln Rd",3625.07,40.670529,-73.958222,40.66127,-73.95352,member
3324000,tripdata_4,49B4A8F703D925D5,electric_bike,"2026-05-20 01:32:55.757","2026-05-20 02:03:06.293","Allen St & Hester St",5343.1,"Bedford Ave & Nassau Ave",5550.05,40.71606,-73.99191,40.72311651,-73.95212324,casual
3324500,tripdata_4,CD49E2F49B273A71,electric_bike,"2026-05-30 14:26:52.836","2026-05-30 14:34:20.774","Riverside Blvd & W 67 St",7183.03,"11 Ave & W 41 St",6726.01,40.777507027547976,-73.98888587951659,40.76030096,-73.99884222,member
3325000,tripdata_4,F3838B66740CECAA,electric_bike,"2026-05-19 15:59:27.346","2026-05-19 16:03:20.633","New York Ave & St Marks Ave",4098.06,"MacDonough St & Marcy Ave",4246.02,40.67514,-73.94716,40.68078,-73.94613,member
3325500,tripdata_4,FFEB3DEAF1C02E9E,electric_bike,"2026-05-18 18:10:44.483","2026-05-18 18:15:43.533","Clinton St & Joralemon St",4605.04,"Bond St & Fulton St",4479.06,40.69239502,-73.99337909,40.6896218879,-73.9830426872,member
3326000,tripdata_4,3E1E5CF7AFD0CB7B,classic_bike,"2026-05-19 00:57:22.996","2026-05-19 05:25:20.723","48 Ave & 5 St",6212.04,"48 Ave & 5 St",6212.04,40.744363287066875,-73.9558732509613,40.744363287066875,-73.9558732509613,casual
3326500,tripdata_4,84877283CD39E1B4,electric_bike,"2026-05-16 11:41:43.927","2026-05-16 11:45:55.311","Metropolitan Ave & Bedford Ave",5308.04,"Bedford Ave & Nassau Ave",5550.05,40.71534825,-73.96024116,40.72311651,-73.95212324,casual
3327000,tripdata_4,975B538880ACCFED,electric_bike,"2026-05-21 15:05:41.816","2026-05-21 15:08:15.862","W 47 St & 10 Ave",6824.07,"11 Ave & W 41 St",6726.01,40.76269882,-73.99301222,40.76030096,-73.99884222,member
3327500,tripdata_4,CF2278E1410317EF,electric_bike,"2026-05-26 07:47:32.498","2026-05-26 07:54:41.414","E 32 St & Park Ave",6280.12,"W 43 St & 6 Ave",6593.14,40.7457121,-73.98194829,40.75527307,-73.98316936,member
3328000,tripdata_4,01E0D61FE0A69FC9,classic_bike,"2026-05-31 10:36:33.604","2026-05-31 11:10:05.255","53 St & 4 Ave",3169.07,"Pacific St & Smith St",4446.03,40.644862,-74.014531,40.687880939612775,-73.98939281702042,casual
3328500,tripdata_4,B394B3E96A517BD3,electric_bike,"2026-05-17 15:41:08.878","2026-05-17 15:54:48.842","Van Brunt St & Van Dyke St",4095.1,"Pacific St & Smith St",4446.03,40.6758329439129,-74.01472628116608,40.687880939612775,-73.98939281702042,member
3329000,tripdata_4,434853D6C5121133,electric_bike,"2026-05-21 17:32:11.440","2026-05-21 17:41:32.798","Great Jones St",5636.11,"Broadway & W 36 St",6441.11,40.72743423,-73.99379025,40.751226078125995,-73.98772201748262,member
3329500,tripdata_4,A0FEA4BADB0C8967,classic_bike,"2026-05-22 15:40:21.837","2026-05-22 15:48:43.996","44 Dr & 21 St",6319.03,"48 Ave & 5 St",6212.04,40.748036,-73.946705,40.744363287066875,-73.9558732509613,member
3330000,tripdata_4,BEFC099A89BF3AD2,classic_bike,"2026-05-29 13:12:38.176","2026-05-29 13:20:27.755","8 Ave & W 52 St",6816.07,"11 Ave & W 41 St",6726.01,40.76370739,-73.9851615,40.76030096,-73.99884222,member
3330500,tripdata_4,B2FB388A1D816EAA,electric_bike,"2026-05-19 14:56:45.496","2026-05-19 15:03:28.173","8 Ave & W 38 St",6526.05,"11 Ave & W 41 St",6726.01,40.75461,-73.99177,40.76030096,-73.99884222,member
3331000,tripdata_4,8300FD65B79A70B5,electric_bike,"2026-05-29 10:26:07.735","2026-05-29 10:35:50.165","1 Ave & E 38 St",6230.02,"Broadway & W 36 St",6441.11,40.746202,-73.971822,40.751226078125995,-73.98772201748262,casual
3331500,tripdata_4,B83E4FD7E6E56A6B,classic_bike,"2026-05-17 09:44:11.388","2026-05-17 09:45:47.493","42 St & 1 Ave",3428.02,"39 St & 2 Ave",3501.01,40.654798,-74.014372,40.6553997745,-74.0106278658,casual
3332000,tripdata_4,ED9D3A4509A265B9,electric_bike,"2026-05-23 11:33:35.156","2026-05-23 11:38:52.912","Carroll St & Smith St",4225.14,"Pacific St & Smith St",4446.03,40.680611,-73.99475825,40.687880939612775,-73.98939281702042,member
3332500,tripdata_4,250732E2AC7BF092,electric_bike,"2026-05-20 16:26:39.818","2026-05-20 16:40:52.584","Van Sinderen Ave & Truxton St",4161.01,"MacDonough St & Marcy Ave",4246.02,40.6786,-73.90369,40.68078,-73.94613,member
3333000,tripdata_4,517F1431C802FA10,electric_bike,"2026-05-16 17:05:50.001","2026-05-16 17:07:48.159","DeKalb Ave & Hudson Ave",4513.06,"Bond St & Fulton St",4479.06,40.689888,-73.981013,40.6896218879,-73.9830426872,member
3333500,tripdata_4,721D1AE5E85F8F13,electric_bike,"2026-05-24 20:17:59.276","2026-05-24 20:26:41.952","Gerard Ave & McClellan St",8145.03,"Fulton Ave & E 172 St",8186.01,40.833909,-73.92112,40.839229,-73.899047,member
3334000,tripdata_4,9E7F35153882CF2F,electric_bike,"2026-05-29 20:43:39.078","2026-05-29 20:58:22.172","Rivington St & Chrystie St",5453.01,"Bedford Ave & Nassau Ave",5550.05,40.72110063,-73.9919254,40.72311651,-73.95212324,member
3334500,tripdata_4,FC19489DFD5F3B94,electric_bike,"2026-05-19 15:41:14.459","2026-05-19 15:53:40.246","8 Ave & W 31 St",6450.05,"E 15 St & 5 Ave",5947.06,40.7505853470215,-73.9946848154068,40.736592,-73.992949,member
3335000,tripdata_4,8469693C74307475,electric_bike,"2026-05-21 17:05:52.209","2026-05-21 17:23:34.992","West St & Liberty St",5184.08,"11 Ave & W 41 St",6726.01,40.711444,-74.014847,40.76030096,-73.99884222,member
3335500,tripdata_4,CFC24E06CF1899EF,classic_bike,"2026-05-27 21:58:14.302","2026-05-27 22:21:11.318","MacDougal St & Prince St",5687.04,"11 Ave & W 41 St",6726.01,40.72710258,-74.00297088,40.76030096,-73.99884222,casual
3336000,tripdata_4,6CF1F1FC027700DA,electric_bike,"2026-05-17 10:29:47.841","2026-05-17 10:33:58.976","3 Ave & Schermerhorn St",4437.01,"Pacific St & Smith St",4446.03,40.68683208,-73.9796772,40.687880939612775,-73.98939281702042,member
3336500,tripdata_4,19070892F637606B,electric_bike,"2026-05-30 09:01:13.066","2026-05-30 09:20:02.226","E 65 St & 2 Ave",6860.12,"11 Ave & W 41 St",6726.01,40.76471851944339,-73.96222069859505,40.76030096,-73.99884222,member
3337000,tripdata_4,8A95A2228CC7A042,electric_bike,"2026-05-31 11:36:21.219","2026-05-31 12:05:52.488","E 6 St & 2 Ave",5669.12,"48 Ave & 5 St",6212.04,40.727378693232225,-73.98840844631195,40.744363287066875,-73.9558732509613,member
3337500,tripdata_4,ECE3A957C5753175,electric_bike,"2026-05-20 13:53:57.252","2026-05-20 14:14:41.510","3 Ave & E 71 St",6960.12,"E 15 St & 5 Ave",5947.06,40.76879,-73.9614,40.736592,-73.992949,member
3338000,tripdata_4,BD889C7DF0EEA9F6,electric_bike,"2026-05-19 21:53:10.306","2026-05-19 22:00:05.634","8 Ave & W 33 St",6450.12,"11 Ave & W 41 St",6726.01,40.75156757136795,-73.99376901480953,40.76030096,-73.99884222,member
3338500,tripdata_4,0A37EDD9766B6FDF,electric_bike,"2026-05-29 19:05:00.239","2026-05-29 19:24:04.142","Central Ave & Starr St",4792.03,"Bond St & Fulton St",4479.06,40.700003,-73.92834,40.6896218879,-73.9830426872,member
3339000,tripdata_4,E77954E461BCA117,electric_bike,"2026-05-19 21:35:50.071","2026-05-19 21:51:30.961","Pulaski St & Marcus Garvey Blvd",4656.03,"Bond St & Fulton St",4479.06,40.6933982,-73.939877,40.6896218879,-73.9830426872,casual
3339500,tripdata_4,6BBA42CC8A9B22A5,electric_bike,"2026-05-21 08:30:54.428","2026-05-21 08:33:45.423","Lawrence St & Willoughby St",4596.09,"Bond St & Fulton St",4479.06,40.69236178,-73.98631746,40.6896218879,-73.9830426872,member
3340000,tripdata_4,709B9ECE9190B399,electric_bike,"2026-05-18 18:22:07.380","2026-05-18 18:25:35.147","Bond St & Bergen St",4404.1,"Bond St & Fulton St",4479.06,40.6849668,-73.98620772,40.6896218879,-73.9830426872,member
3340500,tripdata_4,5C9D2EA0E4C5E8B1,classic_bike,"2026-05-26 17:59:29.666","2026-05-26 18:08:21.492","W 51 St & 6 Ave",6740.1,"11 Ave & W 41 St",6726.01,40.7606597,-73.98042047,40.76030096,-73.99884222,member
3341000,tripdata_4,09AE2A6CB63F5E34,electric_bike,"2026-05-26 11:57:40.658","2026-05-26 12:02:48.047","Atlantic Ave & Furman St",4614.04,"Pacific St & Smith St",4446.03,40.69165183,-73.9999786,40.687880939612775,-73.98939281702042,member
3341500,tripdata_4,311B4432CEA1E156,electric_bike,"2026-05-28 10:17:26.914","2026-05-28 10:21:48.662","W 37 St & 10 Ave",6611.02,"11 Ave & W 41 St",6726.01,40.75660359,-73.9979009,40.76030096,-73.99884222,member
3342000,tripdata_4,7C5E2A90CFA93444,electric_bike,"2026-05-29 07:38:52.507","2026-05-29 07:43:47.985","9 Ave & W 33 St",6492.08,"11 Ave & W 41 St",6726.01,40.752568,-73.996765,40.76030096,-73.99884222,member
3342500,tripdata_4,6E7B47977C721576,electric_bike,"2026-05-17 17:27:13.012","2026-05-17 17:53:00.912","W 56 St & 6 Ave",6809.07,"48 Ave & 5 St",6212.04,40.76340613,-73.97722479,40.744363287066875,-73.9558732509613,member
3343000,tripdata_4,4C15D97534697C48,electric_bike,"2026-05-27 21:13:32.212","2026-05-27 21:25:05.742","Duane St & Hudson St",5359.12,"Bond St & Fulton St",4479.06,40.71703,-74.00925,40.6896218879,-73.9830426872,member
3343500,tripdata_4,F81E17E14B15D2A8,classic_bike,"2026-05-15 18:37:39.118","2026-05-15 19:16:30.840","5 Ave & E 72 St",7100.07,"48 Ave & 5 St",6212.04,40.77282817,-73.96685276,40.744363287066875,-73.9558732509613,casual
3344000,tripdata_4,F5242A2BD8E1BB29,classic_bike,"2026-05-19 17:34:09.384","2026-05-19 17:44:25.154","27 St & Hunter St",6310.06,"48 Ave & 5 St",6212.04,40.7485,-73.941275,40.744363287066875,-73.9558732509613,member
3344500,tripdata_4,8E15D51195B24C8A,electric_bike,"2026-05-22 16:19:34.131","2026-05-22 16:26:06.355","India St Pier",5794.05,"Bedford Ave & Nassau Ave",5550.05,40.731734785883454,-73.9612390102593,40.72311651,-73.95212324,member
3345000,tripdata_4,EE02B41744F59408,electric_bike,"2026-05-29 09:09:12.600","2026-05-29 09:28:29.389","Broad St & Bridge St",4962.08,"Broadway & Morris St",5033.01,40.70365182,-74.01167797,40.705945132708806,-74.01321887969969,member
3345500,tripdata_4,1E7D7A5FDDFE38CB,electric_bike,"2026-05-15 23:00:51.725","2026-05-15 23:04:39.746","Powers St & Olive St",5210.01,"Devoe St & Lorimer St",5259.06,40.71323,-73.93894,40.71335226222875,-73.9491033554077,casual
3346000,tripdata_4,1085E9321C1292BD,classic_bike,"2026-05-24 23:23:32.163","2026-05-24 23:29:43.737","Albany Ave & Fulton St",4237.02,"Pacific St & Utica Ave",4154.02,40.6800105,-73.938475,40.6767,-73.93051,member
3346500,tripdata_4,C3FF837E2051C2DA,classic_bike,"2026-05-15 15:03:16.349","2026-05-15 15:07:34.335","Broadway & W 153 St",8089.05,"St Nicholas Ave & W 157 St",8085.09,40.831327,-73.946665,40.832314,-73.94102,member
3347000,tripdata_4,C8B773C72E92BC45,classic_bike,"2026-05-27 06:32:46.130","2026-05-27 06:41:36.723","E 31 St & 3 Ave",6239.08,"W 33 St & 10 Ave",6492.04,40.74394314,-73.97966069,40.753773368360385,-73.99937599897385,member
3347500,tripdata_4,D28466FC7E80DCA4,classic_bike,"2026-05-20 15:13:30.858","2026-05-20 15:21:02.702","Centre St & Chambers St",5207.01,"Fulton St & Broadway",5175.08,40.71273266,-74.0046073,40.711066,-74.009447,member
3348000,tripdata_4,D7B4E92BBC547195,electric_bike,"2026-05-22 13:41:20.130","2026-05-22 13:49:44.487","Willoughby St & Fleet St",4628.05,"Fulton St & Waverly Ave",4345.11,40.69196566,-73.9813018,40.683238654603414,-73.96599590778351,member
3348500,tripdata_4,C6B4B928CEE0E3CE,classic_bike,"2026-05-25 09:34:41.884","2026-05-25 09:39:31.293","Eastern Pkwy & Brooklyn Ave",3871.02,"Eastern Pkwy & Brooklyn Ave",3871.02,40.66939,-73.94514,40.66939,-73.94514,member
3349000,tripdata_4,0B248F5D8987CAD2,classic_bike,"2026-05-16 09:52:45.500","2026-05-16 10:05:38.702","E 7 St & Ave A",5626.07,"Fulton St & Broadway",5175.08,40.72621788,-73.98379855,40.711066,-74.009447,member
3349500,tripdata_4,9555C9DC6B6140F7,classic_bike,"2026-05-22 15:41:31.067","2026-05-22 16:10:06.583","South St & Whitehall St",4846.01,"Driggs Ave & N 9 St",5411.08,40.70122128,-74.01234218,40.71816969454208,-73.95520135760307,member
3350000,tripdata_4,60537482DCB69866,electric_bike,"2026-05-30 23:42:45.695","2026-05-30 23:46:47.149","President St & Nostrand Ave",3839.02,"Eastern Pkwy & Brooklyn Ave",3871.02,40.66811,-73.9505,40.66939,-73.94514,member
3350500,tripdata_4,0B7EC0351EDCCCBC,classic_bike,"2026-05-25 16:57:20.015","2026-05-25 17:15:28.608","Myrtle Ave & Fleet Pl",4628.07,"Fulton St & Broadway",5175.08,40.693534,-73.981909,40.711066,-74.009447,member
3351000,tripdata_4,18276D349A89FD16,electric_bike,"2026-05-15 01:42:38.357","2026-05-15 01:45:51.370","Peck Slip & South St",5096.12,"Fulton St & Broadway",5175.08,40.7075188830923,-74.00108054280281,40.711066,-74.009447,member
3351500,tripdata_4,4CB629DE402B9AE6,electric_bike,"2026-05-16 15:47:27.374","2026-05-16 15:58:14.196","Scholes St & Manhattan Ave",5108.01,"Driggs Ave & N 9 St",5411.08,40.70870368,-73.9448625,40.71816969454208,-73.95520135760307,member
3352000,tripdata_4,25369DCDB1CD99C1,electric_bike,"2026-05-29 13:09:48.789","2026-05-29 13:13:39.844","Kent Ave & N 3 St",5348.06,"Driggs Ave & N 9 St",5411.08,40.71797940978296,-73.96427449047715,40.71816969454208,-73.95520135760307,member
3352500,tripdata_4,99D11057FE667DDC,electric_bike,"2026-05-28 18:49:43.008","2026-05-28 18:57:07.947","Cathedral Pkwy & Broadway",7680.03,"Broadway & W 122 St",7783.18,40.804213,-73.96699104,40.8120562,-73.9612547,casual
3353000,tripdata_4,9489E07CBF337A99,electric_bike,"2026-05-17 20:22:50.744","2026-05-17 20:34:49.098","7 Ave S & Bleecker St",5805.07,"W 33 St & 10 Ave",6492.04,40.73213896287381,-74.00363802909851,40.753773368360385,-73.99937599897385,casual
3353500,tripdata_4,3EEEAAB30567C27E,classic_bike,"2026-05-20 12:16:06.393","2026-05-20 12:20:29.790","West St & Liberty St",5184.08,"Broadway & Morris St",5033.01,40.711444,-74.014847,40.705945132708806,-74.01321887969969,member
3354000,tripdata_4,C5360044ED67E54D,classic_bike,"2026-05-18 08:58:43.911","2026-05-18 09:20:09.910","Halsey St & Tompkins Ave",4319.07,"Driggs Ave & N 9 St",5411.08,40.6823687,-73.944118,40.71816969454208,-73.95520135760307,member
3354500,tripdata_4,3E4B3DB4E751E9A2,electric_bike,"2026-05-19 18:21:14.425","2026-05-19 18:26:05.522","N 11 St & Kent Ave",5489.04,"Devoe St & Lorimer St",5259.06,40.72248188638219,-73.95921930670738,40.71335226222875,-73.9491033554077,casual
3355000,tripdata_4,5A8C7114F881E785,classic_bike,"2026-05-15 21:24:10.971","2026-05-15 21:44:47.029","W 100 St & Broadway",7580.01,"Broadway & W 122 St",7783.18,40.7973721,-73.97041192,40.8120562,-73.9612547,member
3355500,tripdata_4,0F6E126EB4C58C68,electric_bike,"2026-05-26 12:09:41.311","2026-05-26 12:17:40.579","Devoe St & Lorimer St",5259.06,"Devoe St & Lorimer St",5259.06,40.71335226222875,-73.9491033554077,40.71335226222875,-73.9491033554077,member
3356000,tripdata_4,FA389FE7D8174461,electric_bike,"2026-05-15 10:18:17.917","2026-05-15 10:36:13.463","5 Ave & E 30 St",6248.08,"Fulton St & Broadway",5175.08,40.7459849,-73.98629487,40.711066,-74.009447,member
3356500,tripdata_4,B30BBDF7B8EFD80A,electric_bike,"2026-05-23 22:07:54.954","2026-05-23 22:15:56.803","Ashland Pl & Dekalb Ave",4513.09,"Fulton St & Waverly Ave",4345.11,40.690065,-73.978776,40.683238654603414,-73.96599590778351,member
3357000,tripdata_4,CF825154765ED8CF,electric_bike,"2026-05-27 15:14:39.499","2026-05-27 15:20:21.996","Hanson Pl & Ashland Pl",4395.07,"Fulton St & Waverly Ave",4345.11,40.68506807308177,-73.97790759801863,40.683238654603414,-73.96599590778351,member
3357500,tripdata_4,9300C6C7BBD722DE,classic_bike,"2026-05-19 16:57:30.505","2026-05-19 17:03:47.026","Hope St & Union Ave",5187.03,"Driggs Ave & N 9 St",5411.08,40.71167351,-73.95141312,40.71816969454208,-73.95520135760307,member
3358000,tripdata_4,FE053D666CEB688D,electric_bike,"2026-05-29 10:33:56.451","2026-05-29 10:52:36.228","Hudson St & W 13 St",6115.06,"Broadway & Morris St",5033.01,40.74005708567285,-74.0052741765976,40.705945132708806,-74.01321887969969,member
3358500,tripdata_4,6DB74F5FC04CFBCA,electric_bike,"2026-05-28 20:13:57.543","2026-05-28 20:28:17.558","Stewart Ave & Johnson Ave",5123.07,"Driggs Ave & N 9 St",5411.08,40.70869,-73.92587,40.71816969454208,-73.95520135760307,member
3359000,tripdata_4,3785ADF86568589B,electric_bike,"2026-05-27 10:04:39.243","2026-05-27 10:18:56.161","DeKalb Ave & S Portland Ave",4546.06,"Fulton St & Broadway",5175.08,40.68967018552252,-73.97527355121376,40.711066,-74.009447,member
3359500,tripdata_4,E1CC403DAB8A8C5E,classic_bike,"2026-05-17 12:43:34.680","2026-05-17 12:59:16.657","3 St & Prospect Park West",3865.05,"Fulton St & Waverly Ave",4345.11,40.668132,-73.97363831,40.683238654603414,-73.96599590778351,member
3360000,tripdata_4,5E926ACECA2EC89C,electric_bike,"2026-05-26 17:13:01.289","2026-05-26 17:14:40.136","Leonard St & Maujer St",5148.03,"Devoe St & Lorimer St",5259.06,40.7103685423523,-73.94705951213837,40.71335226222875,-73.9491033554077,member
3360500,tripdata_4,85C2F5A7DD9B8A9C,electric_bike,"2026-05-17 18:49:20.087","2026-05-17 18:56:33.836","Park Pl & Carlton Ave",4125.13,"Fulton St & Waverly Ave",4345.11,40.677358,-73.97211,40.683238654603414,-73.96599590778351,member
3361000,tripdata_4,CC6644228C3B10E5,classic_bike,"2026-05-21 15:41:12.665","2026-05-21 15:42:32.413","E 17 St & Beverley Rd",3148.08,"Rugby Rd & Beverley Rd",3113.06,40.64466,-73.96322,40.64435,-73.96591,member
3361500,tripdata_4,5E1291060B04030F,electric_bike,"2026-05-26 12:46:26.584","2026-05-26 12:51:43.104","W 52 St & 11 Ave",6926.01,"W 33 St & 10 Ave",6492.04,40.76727216,-73.99392888,40.753773368360385,-73.99937599897385,member
3362000,tripdata_4,BC60350E071C2846,electric_bike,"2026-05-28 08:47:21.718","2026-05-28 08:58:25.785","Suffolk St & Stanton St",5445.02,"Fulton St & Broadway",5175.08,40.72066442,-73.98517977,40.711066,-74.009447,member
3362500,tripdata_4,6F77B8FD4355BCF8,classic_bike,"2026-05-30 14:44:07.229","2026-05-30 14:48:20.542","Bedford Ave & Nassau Ave",5550.05,"Driggs Ave & N 9 St",5411.08,40.72311651,-73.95212324,40.71816969454208,-73.95520135760307,member
3363000,tripdata_4,7B8CA176497847CA,electric_bike,"2026-05-17 20:16:00.026","2026-05-17 20:21:21.893","Kent Ave & Grand St",5388.01,"Driggs Ave & N 9 St",5411.08,40.716425,-73.96594,40.71816969454208,-73.95520135760307,member
3363500,tripdata_4,CB38717DCBCBFEFF,classic_bike,"2026-05-25 14:48:17.049","2026-05-25 14:54:30.274","Graham Ave & Grand St",5178.06,"Driggs Ave & N 9 St",5411.08,40.711863,-73.944024,40.71816969454208,-73.95520135760307,casual
3364000,tripdata_4,A77E2F6A55256C86,electric_bike,"2026-05-31 15:17:23.388","2026-05-31 15:26:32.791","McKibbin St & Manhattan Ave",4996.08,"Driggs Ave & N 9 St",5411.08,40.70510918,-73.94407279,40.71816969454208,-73.95520135760307,member
3364500,tripdata_4,A3E98F00D50DF468,electric_bike,"2026-05-20 15:35:50.665","2026-05-20 15:39:29.086","Roebling St & N 4 St",5267.09,"Driggs Ave & N 9 St",5411.08,40.71469,-73.95739,40.71816969454208,-73.95520135760307,member
3365000,tripdata_4,57E1E595859C0355,electric_bike,"2026-05-19 19:55:12.470","2026-05-19 20:03:20.488","S 2 St & Kent Ave",5276.04,"Devoe St & Lorimer St",5259.06,40.714731,-73.966612,40.71335226222875,-73.9491033554077,member
3365500,tripdata_4,854AA33E0EF1F760,electric_bike,"2026-05-15 11:02:03.921","2026-05-15 11:09:09.898","Parkside Ave & Flatbush Ave",3480.04,"Winthrop St & Albany Ave",3535.03,40.65563,-73.95968,40.6577,-73.9398,member
3366000,tripdata_4,882756E584A2D434,classic_bike,"2026-05-29 09:39:39.408","2026-05-29 09:52:41.883","E 78 St & 2 Ave",7057.07,"E 56 St & Madison Ave",6732.01,40.7727966,-73.95577801,40.761573,-73.972628,member
3366500,tripdata_4,1640198864F6C58F,classic_bike,"2026-05-30 14:42:56.889","2026-05-30 14:50:15.000","E 54 St & 1 Ave",6608.09,"2 Ave & E 72 St",6925.09,40.756265,-73.964179,40.7687620293096,-73.95840793848038,casual
3367000,tripdata_4,1C0C6F0491FCE5DF,electric_bike,"2026-05-28 15:47:58.913","2026-05-28 16:00:50.346","W 64 St & Thelonious Monk Circle",7123.04,"E 77 St & 3 Ave",7092.06,40.77515953434235,-73.98918695747852,40.77314236,-73.95856158,member
3367500,tripdata_4,B5D767C8FC507313,electric_bike,"2026-05-26 17:23:50.134","2026-05-26 17:31:34.679","W 54 St & 9 Ave",6920.05,"E 56 St & Madison Ave",6732.01,40.76604,-73.98737,40.761573,-73.972628,casual
3368000,tripdata_4,5CE2F00E3DF5824A,electric_bike,"2026-05-16 20:17:24.556","2026-05-16 20:34:02.834","Cooper Square & Astor Pl",5712.03,"2 Ave & E 72 St",6925.09,40.72951496224949,-73.99075269699097,40.7687620293096,-73.95840793848038,member
3368500,tripdata_4,1CA2770F806042DC,classic_bike,"2026-05-25 09:35:55.006","2026-05-25 09:37:56.978","Broadway & W 61 St",7014.12,"Broadway & W 58 St",6948.1,40.77003010255044,-73.9819684624672,40.76695317,-73.98169333,member
3369000,tripdata_4,B2290A19EB4C1039,electric_bike,"2026-05-19 19:17:09.934","2026-05-19 19:48:26.226","7 Ave S & Bleecker St",5805.07,"E 81 St & York Ave",7084.12,40.73213896287381,-74.00363802909851,40.7728384,-73.94989233,member
3369500,tripdata_4,90B5C46EA616BA3D,electric_bike,"2026-05-19 12:06:13.394","2026-05-19 12:19:48.988","61 St & 60 Ln",4830.02,"61 St & 60 Ln",4830.02,40.70055,-73.8943,40.70055,-73.8943,member
3370000,tripdata_4,2ABDF30D8FA9CECF,electric_bike,"2026-05-30 08:54:42.848","2026-05-30 09:08:51.745","11 Ave & W 27 St",6425.04,"Broadway & W 58 St",6948.1,40.751396,-74.005226,40.76695317,-73.98169333,casual
3370500,tripdata_4,F946A34F3E2DF384,electric_bike,"2026-05-18 13:00:41.888","2026-05-18 13:04:49.771","W 48 St &  Rockefeller Plaza",6626.11,"E 56 St & Madison Ave",6732.01,40.75776935448309,-73.97929430007935,40.761573,-73.972628,member
3371000,tripdata_4,50C70DE8DE50BD94,electric_bike,"2026-05-29 23:43:29.534","2026-05-29 23:50:36.072","Roebling St & N 4 St",5267.09,"Banker St & Meserole Ave",5633.04,40.71469,-73.95739,40.72606,-73.95621,member
3371500,tripdata_4,80D7E0D54DD0022E,electric_bike,"2026-05-27 08:40:39.377","2026-05-27 08:58:57.457","E 1 St & 1 Ave",5593.01,"Broadway & W 58 St",6948.1,40.72335597960796,-73.98864984512329,40.76695317,-73.98169333,member
3372000,tripdata_4,16D9E8832706F211,electric_bike,"2026-05-31 17:50:28.776","2026-05-31 17:58:16.707","Bushwick Ave & Dekalb Ave",4680.05,"Central Ave & Covert St",4550.05,40.69502,-73.92825,40.68929,-73.90951,member
3372500,tripdata_4,14192AB45A7C830C,electric_bike,"2026-05-28 18:43:34.089","2026-05-28 19:03:30.819","E 19 St & 3 Ave",5938.01,"Vesey Pl & River Terrace",5297.02,40.73624527,-73.98473765,40.7153379,-74.01658354,member
3373000,tripdata_4,F2B393E2451EB4A6,electric_bike,"2026-05-26 19:22:19.464","2026-05-26 19:34:51.636","Amsterdam Ave & W 79 St",7311.02,"W 56 St & 10 Ave",6955.01,40.7829391,-73.9786517,40.768254,-73.988639,casual
3373500,tripdata_4,7A11A0C0C5226688,electric_bike,"2026-05-27 10:49:06.234","2026-05-27 10:54:54.565","5 Ave & E 63 St",6904.06,"Broadway & W 58 St",6948.1,40.766368,-73.971518,40.76695317,-73.98169333,member
3374000,tripdata_4,CB01D689A9060F22,electric_bike,"2026-05-15 09:22:21.378","2026-05-15 09:27:12.271","74 St & 37 Ave",6332.06,"71 St & 32 Ave",6612.09,40.74908,-73.89172,40.75675,-73.89595,member
3374500,tripdata_4,9F1D0E287EDCDF06,electric_bike,"2026-05-22 17:02:48.158","2026-05-22 17:11:09.675","Washington St & Gansevoort St",6039.06,"Vesey Pl & River Terrace",5297.02,40.739323,-74.008119,40.7153379,-74.01658354,member
3375000,tripdata_4,CE00007563276A65,electric_bike,"2026-05-30 19:45:17.597","2026-05-30 20:02:37.685","E 44 St & Lexington Ave",6464.09,"Broadway & W 58 St",6948.1,40.752643,-73.974996,40.76695317,-73.98169333,casual
3375500,tripdata_4,A30E349F54B0B41E,classic_bike,"2026-05-28 18:42:08.086","2026-05-28 19:08:16.245","11 Ave & W 27 St",6425.04,"Vesey Pl & River Terrace",5297.02,40.751396,-74.005226,40.7153379,-74.01658354,casual
3376000,tripdata_4,6DCBCDE14C384765,electric_bike,"2026-05-30 12:26:34.481","2026-05-30 12:31:38.315","Lafayette Ave & Ft Greene Pl",4470.09,"Lexington Ave & Classon Ave",4452.03,40.68700231292619,-73.97664964199066,40.68676793,-73.95928168,member
3376500,tripdata_4,E03DAE79E4A15923,electric_bike,"2026-05-21 09:37:16.086","2026-05-21 09:42:31.848","31 Ave & 86 St",6709.05,"75 St & 35 Ave",6408.08,40.75958,-73.88219,40.75091,-73.89111,member
3377000,tripdata_4,DDCB5E70532E3BCD,classic_bike,"2026-05-15 06:19:14.943","2026-05-15 06:27:20.641","W 51 St & Rockefeller Plaza",6700.14,"W 56 St & 10 Ave",6955.01,40.75973805251143,-73.97811613976955,40.768254,-73.988639,member
3377500,tripdata_4,B359B00FFA39B244,classic_bike,"2026-05-25 16:53:19.417","2026-05-25 17:01:21.150","W 45 St & 8 Ave",6676.02,"W 56 St & 10 Ave",6955.01,40.75929124,-73.98859651,40.768254,-73.988639,member
3378000,tripdata_4,7EF5399EF9B673BF,electric_bike,"2026-05-21 14:39:00.329","2026-05-21 14:44:34.955","Amsterdam Ave & W 73 St",7260.09,"Broadway & W 58 St",6948.1,40.77966809007312,-73.98093044757842,40.76695317,-73.98169333,casual
3378500,tripdata_4,75F61B22F9880B31,electric_bike,"2026-05-21 09:25:28.740","2026-05-21 09:33:23.807","9 Ave & W 33 St",6492.08,"W 56 St & 10 Ave",6955.01,40.752568,-73.996765,40.768254,-73.988639,member
3379000,tripdata_4,ABDDA64AFF6CFD3F,electric_bike,"2026-05-16 00:00:55.166","2026-05-16 00:03:27.756","E 80 St & 2 Ave",7121.02,"2 Ave & E 72 St",6925.09,40.77391390238118,-73.9543953537941,40.7687620293096,-73.95840793848038,member
3379500,tripdata_4,13C8EDE57DAF6594,electric_bike,"2026-05-31 16:26:51.378","2026-05-31 17:57:40.568","W 16 St & The High Line",6233.05,"Broadway & W 58 St",6948.1,40.74334935,-74.00681753,40.76695317,-73.98169333,casual
3380000,tripdata_4,7FFE368B8F521639,electric_bike,"2026-05-28 21:03:21.439","2026-05-28 21:27:00.063","8 Ave & W 38 St",6526.05,"E 81 St & York Ave",7084.12,40.75461,-73.99177,40.7728384,-73.94989233,member
3380500,tripdata_4,118CA7CD8CECEC46,electric_bike,"2026-05-19 15:13:50.925","2026-05-19 15:39:07.117","Adam Clayton Powell Blvd & W 130 St",7774.02,"Broadway & W 58 St",6948.1,40.812346,-73.946168,40.76695317,-73.98169333,member
3381000,tripdata_4,BAA3A0B2C2184308,classic_bike,"2026-05-29 16:09:57.699","2026-05-29 16:46:51.396","Washington St & Laight St",5509.02,"E 77 St & 3 Ave",7092.06,40.72231,-74.0106,40.77314236,-73.95856158,member
3381500,tripdata_4,15AA1E461E198A14,electric_bike,"2026-05-18 09:02:31.346","2026-05-18 09:06:34.834","8 Ave & W 49 St",6747.07,"W 56 St & 10 Ave",6955.01,40.76171227910671,-73.98655101656914,40.768254,-73.988639,member
3382000,tripdata_4,7428D1119A1D6CE5,classic_bike,"2026-05-31 17:52:22.664","2026-05-31 18:08:11.109","Montague St & Clinton St",4677.06,"Lexington Ave & Classon Ave",4452.03,40.6942715,-73.9923272,40.68676793,-73.95928168,member
3382500,tripdata_4,8C3F3479DCCFEC7B,classic_bike,"2026-05-18 12:47:01.680","2026-05-18 12:52:08.098","E 76 St & Park Ave",7128.08,"2 Ave & E 72 St",6925.09,40.773763,-73.96222088,40.7687620293096,-73.95840793848038,member
3383000,tripdata_4,DEC1DA1579618A88,electric_bike,"2026-05-24 17:56:30.532","2026-05-24 18:05:59.695","E 51 St & Lexington Ave",6659.01,"E 77 St & 3 Ave",7092.06,40.75714758,-73.97207836,40.77314236,-73.95856158,member
3383500,tripdata_4,367C8C5D74EA3F0B,electric_bike,"2026-05-22 12:58:20.885","2026-05-22 13:04:35.710","61 St & 39 Ave",6307.07,"75 St & 35 Ave",6408.08,40.7471,-73.9028,40.75091,-73.89111,member
3384000,tripdata_4,046D46D583D2ABB0,classic_bike,"2026-05-30 10:16:23.438","2026-05-30 10:44:53.916","35 St & 34 Ave",6679.11,"E 77 St & 3 Ave",7092.06,40.7580583,-73.9242751,40.77314236,-73.95856158,member
3384500,tripdata_4,64FF4B59925A226B,electric_bike,"2026-05-24 18:46:57.319","2026-05-24 18:49:34.358","W 47 St & 10 Ave",6824.07,"W 56 St & 10 Ave",6955.01,40.76269882,-73.99301222,40.768254,-73.988639,member
3385000,tripdata_4,3180045DC08F2D2F,classic_bike,"2026-05-15 10:40:49.921","2026-05-15 10:55:54.214","E 58 St & 1 Ave (NE Corner)",6682.03,"E 81 St & York Ave",7084.12,40.75892386377695,-73.96226227283478,40.7728384,-73.94989233,member
3385500,tripdata_4,BAAA0A1FEF1AA53D,electric_bike,"2026-05-19 19:11:33.611","2026-05-19 19:36:33.637","E 47 St & Park Ave",6584.12,"9 Ave & W 33 St",6492.08,40.75510267,-73.97498696,40.752568,-73.996765,member
3386000,tripdata_4,E593B1F6044BF493,electric_bike,"2026-05-23 00:25:37.025","2026-05-23 00:28:43.292","11 St & 44 Rd",6319.04,"Davis St & Jackson Ave",6278.05,40.749207,-73.949373,40.745627,-73.945661,member
3386500,tripdata_4,586797EFCAA74C50,electric_bike,"2026-05-17 18:51:19.037","2026-05-17 18:55:41.236","Sterling St & Nostrand Ave",3657.06,"Crown St & Troy Ave",3751.05,40.66318,-73.95076,40.66559,-73.93712,member
3387000,tripdata_4,8CDE1CE07B658101,classic_bike,"2026-05-15 15:38:04.734","2026-05-15 16:18:48.991","Roosevelt Island Tramway",6599.01,"Leonard St & Nassau Ave",5550.09,40.757284,-73.9536,40.7239567849954,-73.94984364509583,casual
3387500,tripdata_4,77960D0B10FB3689,electric_bike,"2026-05-28 15:14:45.314","2026-05-28 15:19:42.599","Perry St & Greenwich Ave",5955.12,"W 21 St & 6 Ave",6140.05,40.735918,-74.000939,40.74173969,-73.99415556,member
3388000,tripdata_4,365E6A4B476358D9,electric_bike,"2026-05-29 19:51:21.834","2026-05-29 19:55:50.118","Greenpoint Ave & West St",5752.09,"Leonard St & Nassau Ave",5550.09,40.729803,-73.959099,40.7239567849954,-73.94984364509583,member
3388500,tripdata_4,CB8EABBB6DA116E6,electric_bike,"2026-05-18 17:04:34.260","2026-05-18 17:13:40.375","Broadway & W 38 St",6560.15,"W 21 St & 6 Ave",6140.05,40.7529728216068,-73.98734897375107,40.74173969,-73.99415556,member
3389000,tripdata_4,C319DA11F4B8A9C1,electric_bike,"2026-05-17 10:43:53.577","2026-05-17 11:07:31.462","69 St & 38 Ave",6298.04,"Leonard St & Nassau Ave",5550.09,40.74694504524519,-73.89650255441666,40.7239567849954,-73.94984364509583,member
3389500,tripdata_4,AD6EC42C29F9182E,electric_bike,"2026-05-26 15:18:51.805","2026-05-26 15:38:19.758","N 10 St & Berry St",5450.01,"Kosciuszko St & Nostrand Ave",4519.04,40.720253,-73.957082,40.69072549,-73.95133465,member
3390000,tripdata_4,902F6DE257443796,electric_bike,"2026-05-26 19:25:08.581","2026-05-26 19:44:53.649","Henry St & Grand St",5294.04,"Leonard St & Nassau Ave",5550.09,40.714211,-73.981095,40.7239567849954,-73.94984364509583,member
3390500,tripdata_4,A5F86D86E12F8C0A,electric_bike,"2026-05-30 16:45:37.609","2026-05-30 16:55:36.361","S Portland Ave & Hanson Pl",4354.05,"Kosciuszko St & Nostrand Ave",4519.04,40.68539567,-73.97431458,40.69072549,-73.95133465,member
3391000,tripdata_4,7202E02F68CE4A50,classic_bike,"2026-05-28 18:02:04.524","2026-05-28 18:29:25.593","Murray St & West St",5329.08,"9 Ave & W 33 St",6492.08,40.71503,-74.01246,40.752568,-73.996765,member
3391500,tripdata_4,FE2B5A1B67ECE450,electric_bike,"2026-05-30 09:49:15.563","2026-05-30 09:55:34.533","Franklin St & Dupont St",5944.01,"Davis St & Jackson Ave",6278.05,40.73564,-73.95866,40.745627,-73.945661,member
3392000,tripdata_4,6A30F732C2C60696,classic_bike,"2026-05-26 14:35:27.557","2026-05-26 14:38:19.216","Riverside Dr & W 138 St",7942.21,"Riverside Dr & W 138 St",7942.21,40.823168,-73.955857,40.823168,-73.955857,casual
3392500,tripdata_4,88CD60E3F03C5BAD,classic_bike,"2026-05-18 07:04:36.822","2026-05-18 07:39:18.957","E 76 St & Park Ave",7128.08,"St Nicholas Ave & W 134 St",7837.3,40.773763,-73.96222088,40.816234,-73.948222,member
3393000,tripdata_4,0BAD4F32A6881202,classic_bike,"2026-05-18 07:59:37.687","2026-05-18 08:19:46.303","Gramercy Park N & Gramercy Park E",6013.12,"W 21 St & 6 Ave",6140.05,40.73795,-73.98509,40.74173969,-73.99415556,member
3393500,tripdata_4,3293287454FF5D16,electric_bike,"2026-05-26 16:34:07.470","2026-05-26 16:41:01.807","W 42 St & Dyer Ave",6644.07,"9 Ave & W 33 St",6492.08,40.75898481399634,-73.99379968643188,40.752568,-73.996765,member
3394000,tripdata_4,FCB9AD1AEC5769C6,electric_bike,"2026-05-19 16:03:22.874","2026-05-19 16:12:24.559","E 45 St & 3 Ave",6464.08,"9 Ave & W 33 St",6492.08,40.75255434,-73.97282625,40.752568,-73.996765,member
3394500,tripdata_4,208CDBECA6A840FE,classic_bike,"2026-05-23 08:44:10.882","2026-05-23 08:48:56.357","W 20 St & 8 Ave",6224.05,"W 21 St & 6 Ave",6140.05,40.74345335,-74.00004031,40.74173969,-73.99415556,member
3395000,tripdata_4,C372916F20E5C108,electric_bike,"2026-05-21 10:01:18.622","2026-05-21 10:04:57.361","Eastern Pkwy & Washington Ave",3928.08,"Montgomery St & Franklin Ave",3776.05,40.6716493,-73.9631145,40.666439306870814,-73.9605563879013,casual
3395500,tripdata_4,5F4D73EEA45D0F47,electric_bike,"2026-05-21 09:46:50.706","2026-05-21 09:50:45.052","W 37 St & Broadway",6441.06,"9 Ave & W 33 St",6492.08,40.75227093837409,-73.98770570755005,40.752568,-73.996765,member
4194500,tripdata_5,5B4F5A642F59EFCD,electric_bike,"2026-05-18 21:21:53.378","2026-05-18 21:36:28.722","1 Ave & E 38 St",6230.02,"E 72 St & York Ave",6889.12,40.746202,-73.971822,40.76663814,-73.95348296,member
4195000,tripdata_5,0D2FE3B7FF7A01E8,electric_bike,"2026-05-19 21:40:03.149","2026-05-19 21:52:03.586","E 75 St & 3 Ave",6991.12,"W 90 St & Amsterdam Ave",7458.09,40.77112927,-73.95772297,40.79018,-73.97289,member
4195500,tripdata_5,69F3E75D07C1094C,electric_bike,"2026-05-30 10:25:06.261","2026-05-30 10:32:54.393","Queens Plaza North & Crescent St",6429.01,"3 Ave & E 62 St",6830.04,40.75110165,-73.94073717,40.76313,-73.96527,member
4196000,tripdata_5,183C6E516DFBB2BA,electric_bike,"2026-05-25 18:11:38.290","2026-05-25 18:27:12.587","Greenpoint Ave & West St",5752.09,"Kent Ave & N 3 St",5348.06,40.729803,-73.959099,40.71797940978296,-73.96427449047715,member
4196500,tripdata_5,3FCF40D0D5073D81,electric_bike,"2026-05-24 21:57:40.836","2026-05-24 22:01:44.104","Albany Ave & Carroll St",3791.02,"Maple St & Albany Ave",3608.06,40.6667,-73.93972,40.66155,-73.93974,member
4197000,tripdata_5,F3351EB1BB734CAF,electric_bike,"2026-05-29 12:20:04.355","2026-05-29 12:37:04.836","Driggs Ave & S 2 St",5235.1,"6 Ave & Walker St",5430.1,40.712628,-73.960575,40.7197920901383,-74.0052238852195,member
4197500,tripdata_5,BF1A6E15B58435AF,electric_bike,"2026-05-27 17:49:14.505","2026-05-27 17:58:03.834","Cumberland St & Lafayette Ave",4428.02,"Marcy Ave & Gates Ave",4401.04,40.68753406,-73.97265183,40.686679,-73.947417,member
4198000,tripdata_5,774D26584CDDE502,electric_bike,"2026-05-20 07:54:48.401","2026-05-20 08:05:35.584","Franklin Ave & E 169 St",8118.02,"Grand Concourse & E 164 St",8057.02,40.83169292241844,-73.90210601220633,40.829608,-73.921461,member
4198500,tripdata_5,58F2E6496DCDE14A,electric_bike,"2026-05-19 18:50:06.338","2026-05-19 18:57:48.544","W 17 St & 7 Ave",6107.08,"11 Ave & W 27 St",6425.04,40.74056423633952,-73.99852573871613,40.751396,-74.005226,member
4199000,tripdata_5,2A0169B3B49FAB2B,electric_bike,"2026-05-22 07:50:05.272","2026-05-22 08:04:59.817","36 St & Ditmars Blvd",7111.1,"38 Ave & 29 St",6538.11,40.774306,-73.908335,40.75473,-73.93367,member
4199500,tripdata_5,43384741990D95E5,electric_bike,"2026-05-26 07:56:18.632","2026-05-26 08:04:36.942","W 70 St & Amsterdam Ave",7207.08,"W 90 St & Amsterdam Ave",7458.09,40.77748046,-73.98288594,40.79018,-73.97289,member
4200000,tripdata_5,941DC8B088FF6C3B,electric_bike,"2026-05-19 13:30:29.594","2026-05-19 13:39:05.340","W 56 St & 6 Ave",6809.07,"E 72 St & York Ave",6889.12,40.76340613,-73.97722479,40.76663814,-73.95348296,member
4200500,tripdata_5,C42AA929EA137812,classic_bike,"2026-05-26 17:28:24.170","2026-05-26 17:38:00.729","7 Ave & Park Pl",4125.07,"Sterling Pl & Classon Ave",4033.18,40.6776147,-73.97324283,40.6739411,-73.96026,member
4201000,tripdata_5,FAFF4C8A970FCDD2,electric_bike,"2026-05-21 07:58:19.824","2026-05-21 08:01:00.074","Gerard Ave & McClellan St",8145.03,"Grand Concourse & E 164 St",8057.02,40.833909,-73.92112,40.829608,-73.921461,member
4201500,tripdata_5,D94A79CD38564044,electric_bike,"2026-05-25 20:23:37.234","2026-05-25 20:43:42.537","E 66 St & Madison Ave",6969.08,"11 Ave & W 27 St",6425.04,40.76800889305947,-73.96845281124115,40.751396,-74.005226,member
4202000,tripdata_5,416EE1338619D5B8,classic_bike,"2026-05-22 18:28:18.779","2026-05-22 18:37:05.268","5 Ave & E 78 St",7161.08,"E 72 St & York Ave",6889.12,40.77632142182271,-73.96427392959595,40.76663814,-73.95348296,member
4202500,tripdata_5,07E815811C62BF83,electric_bike,"2026-05-16 14:13:08.737","2026-05-16 14:30:39.117","W 89 St & Columbus Ave",7432.09,"3 Ave & E 62 St",6830.04,40.7882213,-73.97041561,40.76313,-73.96527,member
4203000,tripdata_5,9103225EE65AF574,electric_bike,"2026-05-28 07:05:51.801","2026-05-28 07:11:02.106","Brooklyn Ave & Dean St",4131.03,"Sterling Pl & Classon Ave",4033.18,40.67669,-73.94437,40.6739411,-73.96026,member
4203500,tripdata_5,4CE25284B0A359CB,classic_bike,"2026-05-28 18:57:22.141","2026-05-28 19:05:39.273","Albany St & Greenwich St",5145.02,"6 Ave & Walker St",5430.1,40.709267,-74.013247,40.7197920901383,-74.0052238852195,member
4204000,tripdata_5,CB8CC58B425C55F3,electric_bike,"2026-05-22 16:06:35.033","2026-05-22 16:13:02.839","Franklin St & Dupont St",5944.01,"Kent Ave & N 3 St",5348.06,40.73564,-73.95866,40.71797940978296,-73.96427449047715,member
4204500,tripdata_5,0DF22A2DAC51E0D3,classic_bike,"2026-05-31 14:19:16.823","2026-05-31 15:21:06.411","Prospect Park SW & 16 St",3498.09,"Parkside Ave & Ocean Ave",3448.02,40.657265,-73.974165,40.65485,-73.96217,casual
4205000,tripdata_5,58E8E418C05AD777,classic_bike,"2026-05-20 22:59:46.317","2026-05-20 23:14:21.676","Frost St & Debevoise Ave",5433.04,"Kent Ave & N 3 St",5348.06,40.71882,-73.93948,40.71797940978296,-73.96427449047715,member
4205500,tripdata_5,259967F4CE6FB7DA,classic_bike,"2026-05-30 14:24:29.269","2026-05-30 14:31:39.151","Parkside Ave & Flatbush Ave",3480.04,"Cortelyou Rd & E 19 St",3022.01,40.65563,-73.95968,40.64269,-73.96099,member
4206000,tripdata_5,3CC6B7D6B8BA1412,classic_bike,"2026-05-28 19:37:16.101","2026-05-28 19:38:34.910","11 Ave & W 27 St",6425.04,"11 Ave & W 27 St",6425.04,40.751396,-74.005226,40.751396,-74.005226,member
4206500,tripdata_5,329CD98502D581FF,electric_bike,"2026-05-26 18:35:02.998","2026-05-26 18:42:14.582","E 24 St & Park Ave S",6131.1,"11 Ave & W 27 St",6425.04,40.74096374,-73.98602213,40.751396,-74.005226,member
4207000,tripdata_5,376775AC751B038E,classic_bike,"2026-05-30 14:32:40.977","2026-05-30 14:39:22.046","E 84 St & 1 Ave",7180.02,"E 72 St & York Ave",6889.12,40.77565541,-73.95068615,40.76663814,-73.95348296,member
4207500,tripdata_5,BFA90BB8518D7058,electric_bike,"2026-05-19 18:00:20.529","2026-05-19 18:15:20.185","Vesey Pl & River Terrace",5297.02,"12 Ave & W 40 St",6765.01,40.7153379,-74.01658354,40.76087502,-74.00277668,member
4208000,tripdata_5,2A4D755631D046BE,electric_bike,"2026-05-29 04:29:46.191","2026-05-29 05:26:39.359","30 Ave & 41 St",6812.06,"31 St & Newtown Ave",6923.2,40.763422,-73.914142,40.7675487799971,-73.9209334552288,member
4208500,tripdata_5,953BBCD1280B741B,classic_bike,"2026-05-22 07:28:17.957","2026-05-22 07:31:31.877","Franklin St & W Broadway",5430.08,"Murray St & West St",5329.08,40.71911552,-74.00666661,40.71503,-74.01246,member
4209000,tripdata_5,5AE01769EED784EE,electric_bike,"2026-05-16 11:48:50.689","2026-05-16 11:51:07.170","Onderdonk Ave & Gates Ave",4994.1,"Wyckoff Ave & Gates Ave",4847.03,40.70413,-73.90737,40.699871408829885,-73.91171872615814,member
4209500,tripdata_5,19C18C7F7CB4AB8D,electric_bike,"2026-05-28 16:23:33.545","2026-05-28 16:33:03.431","Park Ave & E 42 St",6432.09,"1 Ave & E 18 St",5854.09,40.751873,-73.977706,40.733812191966315,-73.98054420948029,member
4210000,tripdata_5,038FF4595BC3D2E8,electric_bike,"2026-05-22 03:46:34.634","2026-05-22 03:50:13.060","2 Ave & E 29 St",6122.09,"1 Ave & E 18 St",5854.09,40.741723510974715,-73.97809267044067,40.733812191966315,-73.98054420948029,member
4210500,tripdata_5,98DB17CEB908DC00,electric_bike,"2026-05-20 22:37:03.252","2026-05-20 22:45:12.529","Stanton St & Norfolk St",5445.07,"E 16 St & Irving Pl",5938.11,40.720747,-73.986274,40.735367055605394,-73.98797392845154,casual
4211000,tripdata_5,35908AE166C181D6,electric_bike,"2026-05-16 20:28:14.690","2026-05-16 20:45:58.691","Franklin St & W Broadway",5430.08,"12 Ave & W 40 St",6765.01,40.71911552,-74.00666661,40.76087502,-74.00277668,casual
4211500,tripdata_5,0AFCE3A1D208A0F6,electric_bike,"2026-05-18 18:02:51.094","2026-05-18 18:16:30.356","W 13 St & 7 Ave",6030.04,"Murray St & West St",5329.08,40.73781509,-73.99994661,40.71503,-74.01246,member
4212000,tripdata_5,C10AB79D63344675,electric_bike,"2026-05-21 18:15:29.291","2026-05-21 18:29:13.145","W 15 St & 6 Ave",5989.02,"W 47 St & 10 Ave",6824.07,40.738046142482766,-73.99642959237099,40.76269882,-73.99301222,member
4212500,tripdata_5,81FD2B6493964761,electric_bike,"2026-05-22 15:57:54.314","2026-05-22 16:01:26.182","Broadway & E 21 St",6098.1,"1 Ave & E 18 St",5854.09,40.739888408589955,-73.98958593606949,40.733812191966315,-73.98054420948029,member
4213000,tripdata_5,7E8332340B805DA9,electric_bike,"2026-05-28 23:49:41.415","2026-05-28 23:56:34.409","W 10 St & Washington St",5847.06,"Murray St & West St",5329.08,40.73342399437081,-74.00851495563984,40.71503,-74.01246,member
4213500,tripdata_5,47512A412DFE1B1E,electric_bike,"2026-05-22 22:00:11.293","2026-05-22 22:13:42.668","Forsyth St & Canal St",5270.07,"Schermerhorn St & Hoyt St",4479.1,40.7158155,-73.99422366,40.6886263,-73.9851911,casual
4214000,tripdata_5,04EB340950A5ECF0,classic_bike,"2026-05-29 19:27:16.140","2026-05-29 19:36:27.592","31 St & Northern Blvd",6495.17,"31 St & Newtown Ave",6923.2,40.75186951421875,-73.93349289894103,40.7675487799971,-73.9209334552288,member
4214500,tripdata_5,7EF1169D9A7E8084,classic_bike,"2026-05-19 06:44:15.996","2026-05-19 06:51:11.559","Degraw St & Smith St",4298.05,"Schermerhorn St & Hoyt St",4479.1,40.6829151,-73.99318208,40.6886263,-73.9851911,member
4215000,tripdata_5,3B3E6BE8FD27AAB0,electric_bike,"2026-05-18 17:23:10.692","2026-05-18 17:37:43.706","Park Pl & Church St",5288.08,"Schermerhorn St & Hoyt St",4479.1,40.71334184275907,-74.00935515761375,40.6886263,-73.9851911,member
4215500,tripdata_5,C9497D54246516B7,electric_bike,"2026-05-29 16:00:52.963","2026-05-29 16:19:44.341","Columbus Ave & W 72 St",7175.05,"E 16 St & Irving Pl",5938.11,40.7770575,-73.97898475,40.735367055605394,-73.98797392845154,casual
4216000,tripdata_5,57D83C6620CF5202,classic_bike,"2026-05-18 19:55:30.615","2026-05-18 19:56:31.240","Broadway & W 36 St",6441.11,"Broadway & W 37 St",6441.02,40.751226078125995,-73.98772201748262,40.75172632,-73.98753523,member
4216500,tripdata_5,0D0140BD2CD7E0A6,electric_bike,"2026-05-29 22:27:16.445","2026-05-29 22:36:00.668","Greenwich St & Perry St",5922.04,"E 16 St & Irving Pl",5938.11,40.73498,-74.00697,40.735367055605394,-73.98797392845154,member
4217000,tripdata_5,37D7F6026630D008,electric_bike,"2026-05-19 20:10:32.618","2026-05-19 20:23:31.276","12 Ave & W 40 St",6765.01,"12 Ave & W 40 St",6765.01,40.76087502,-74.00277668,40.76087502,-74.00277668,casual
4217500,tripdata_5,C51C278A4EF4540E,classic_bike,"2026-05-19 08:25:41.911","2026-05-19 08:27:39.868","Calyer St & West St",5676.04,"Milton St & Franklin St",5752.07,40.72693,-73.95863,40.72906,-73.95779,member
4218000,tripdata_5,88029EA5C3911448,electric_bike,"2026-05-31 15:54:20.262","2026-05-31 15:57:30.201","Ave A & E 11 St",5703.13,"1 Ave & E 18 St",5854.09,40.72854745023944,-73.98175925016403,40.733812191966315,-73.98054420948029,member
4218500,tripdata_5,3EAD1E2B4B82FF2D,classic_bike,"2026-05-22 00:04:35.953","2026-05-22 00:11:30.101","W 20 St & 11 Ave",6306.07,"12 Ave & W 40 St",6765.01,40.746745,-74.007756,40.76087502,-74.00277668,member
4219000,tripdata_5,4DCE1B8B5F3F0484,classic_bike,"2026-05-29 16:08:52.262","2026-05-29 16:15:54.565","Church St & Worth St",5359.13,"Murray St & West St",5329.08,40.71688538495366,-74.00650128722191,40.71503,-74.01246,member
4219500,tripdata_5,918CFE6083D961BE,classic_bike,"2026-05-23 21:14:25.999","2026-05-23 21:22:11.057","Broadway & Madison St",4483.1,"Wyckoff Ave & Gates Ave",4847.03,40.68822,-73.91966,40.699871408829885,-73.91171872615814,member
4220000,tripdata_5,6FAA44D72DCBE6A5,electric_bike,"2026-05-18 11:29:56.774","2026-05-18 11:34:22.025","Hart St & Wyckoff Ave",4971.01,"Wyckoff Ave & Gates Ave",4847.03,40.704876,-73.919911,40.699871408829885,-73.91171872615814,member
4220500,tripdata_5,74A091F7E1488564,electric_bike,"2026-05-23 11:52:37.076","2026-05-23 11:54:22.375","E 11 St & Ave B",5659.11,"E 13 St & Ave A",5779.09,40.72746420692392,-73.97950418293476,40.72966729392978,-73.98067966103554,member
4221000,tripdata_5,19F6F53C17F08C40,classic_bike,"2026-05-21 07:13:27.503","2026-05-21 07:15:59.053","11 St & 43 Ave",6438.05,"21 St & Queens Plaza North",6471.02,40.75177,-73.94821,40.75325964,-73.94335788,member
4221500,tripdata_5,F7C4B67C0E375EFB,electric_bike,"2026-05-29 21:23:23.631","2026-05-29 21:47:20.517","Broad St & Bridge St",4962.08,"12 Ave & W 40 St",6765.01,40.70365182,-74.01167797,40.76087502,-74.00277668,member
4222000,tripdata_5,FF75048AF9B6A0DF,classic_bike,"2026-05-16 14:50:50.445","2026-05-16 14:53:59.221","Pacific St & Smith St",4446.03,"Schermerhorn St & Hoyt St",4479.1,40.687880939612775,-73.98939281702042,40.6886263,-73.9851911,member
4222500,tripdata_5,1BC5401DAF9469B8,electric_bike,"2026-05-18 07:48:58.943","2026-05-18 08:05:12.029","Willoughby Ave & Myrtle Ave",4759.02,"Milton St & Franklin St",5752.07,40.69757,-73.93098,40.72906,-73.95779,member
4223000,tripdata_5,ADBF02BF4986A236,classic_bike,"2026-05-22 21:34:50.433","2026-05-22 21:43:35.867","MacDougal St & Washington Sq",5797.01,"E 16 St & Irving Pl",5938.11,40.73226398,-73.99852205,40.735367055605394,-73.98797392845154,casual
4223500,tripdata_5,EC1F9C580A037059,electric_bike,"2026-05-21 22:49:51.319","2026-05-21 22:52:40.588","W 37 St & 10 Ave",6611.02,"W 47 St & 10 Ave",6824.07,40.75660359,-73.9979009,40.76269882,-73.99301222,member
4224000,tripdata_5,DB6B096BF00CF349,electric_bike,"2026-05-17 18:31:24.279","2026-05-17 18:37:27.939","2 Ave & E 29 St",6122.09,"E 13 St & Ave A",5779.09,40.741723510974715,-73.97809267044067,40.72966729392978,-73.98067966103554,member
4224500,tripdata_5,F314E8703C89206F,classic_bike,"2026-05-23 09:27:16.696","2026-05-23 09:47:00.283","Riverside Dr & W 104 St",7623.13,"12 Ave & W 40 St",6765.01,40.8013434,-73.9711457439,40.76087502,-74.00277668,member
4225000,tripdata_5,93FF29D951E53CA5,electric_bike,"2026-05-29 22:42:55.269","2026-05-29 22:53:44.495","Broadway & W 25 St",6173.08,"W 47 St & 10 Ave",6824.07,40.74286877312112,-73.98918628692627,40.76269882,-73.99301222,member
4225500,tripdata_5,08699C8FDC56962C,electric_bike,"2026-05-27 16:55:49.052","2026-05-27 17:08:14.386","Dock 72 Way & Market St",4804.02,"Milton St & Franklin St",5752.07,40.69985,-73.97141,40.72906,-73.95779,member
4226000,tripdata_5,58335F551367D908,electric_bike,"2026-05-25 16:02:07.632","2026-05-25 16:13:39.461","Park Ave & E 42 St",6432.09,"E 13 St & Ave A",5779.09,40.751873,-73.977706,40.72966729392978,-73.98067966103554,member
4226500,tripdata_5,13FF9CDF72636F3D,electric_bike,"2026-05-15 17:03:02.095","2026-05-15 17:15:07.780","Forsyth St & Canal St",5270.07,"1 Ave & E 18 St",5854.09,40.7158155,-73.99422366,40.733812191966315,-73.98054420948029,member
4227000,tripdata_5,644510D1ED0FA6A8,classic_bike,"2026-05-30 17:46:30.493","2026-05-30 17:55:45.169","Norfolk St & Broome St",5374.01,"E 13 St & Ave A",5779.09,40.7172274,-73.98802084,40.72966729392978,-73.98067966103554,member
4227500,tripdata_5,7FDA4E72205C676E,electric_bike,"2026-05-25 21:55:43.241","2026-05-25 22:09:35.753","10 Ave & W 28 St",6459.04,"W 47 St & 10 Ave",6824.07,40.75066386,-74.00176802,40.76269882,-73.99301222,casual
4228000,tripdata_5,3986C86E2061F909,electric_bike,"2026-05-18 17:26:54.568","2026-05-18 17:36:58.381","W 17 St & 7 Ave",6107.08,"1 Ave & E 18 St",5854.09,40.74056423633952,-73.99852573871613,40.733812191966315,-73.98054420948029,member
4228500,tripdata_5,43915483AAFEE057,electric_bike,"2026-05-21 18:16:29.613","2026-05-21 18:21:45.477","University Pl & E 14 St",5905.14,"E 13 St & Ave A",5779.09,40.734814,-73.992085,40.72966729392978,-73.98067966103554,member
4229000,tripdata_5,82C90235B69F253A,electric_bike,"2026-05-15 17:03:15.244","2026-05-15 17:07:02.364","E 6 St & Ave D",5506.14,"E 13 St & Ave A",5779.09,40.72228087,-73.97668709,40.72966729392978,-73.98067966103554,member
4229500,tripdata_5,C8D5B49D85E4B70B,electric_bike,"2026-05-22 07:46:25.745","2026-05-22 07:57:38.042","Underhill Ave & Lincoln Pl",4042.08,"Schermerhorn St & Hoyt St",4479.1,40.6740123,-73.9671457,40.6886263,-73.9851911,member
4230000,tripdata_5,E765D7C5974C21E9,classic_bike,"2026-05-20 07:23:18.795","2026-05-20 07:27:24.423","E 12 St & 3 Ave",5788.12,"1 Ave & E 18 St",5854.09,40.73223272,-73.98889957,40.733812191966315,-73.98054420948029,member
4230500,tripdata_5,C7625240A8C135AC,electric_bike,"2026-05-24 13:00:38.947","2026-05-24 13:14:46.430","77 St & 31 Ave",6718.02,"44 St & 48 Ave",6058.08,40.75886,-73.89081,40.73941387498411,-73.92131969332695,member
4231000,tripdata_5,2C02A8615EC33D2A,classic_bike,"2026-05-17 19:57:33.326","2026-05-17 20:24:09.389","Riverside Dr & W 72 St",7288.04,"12 Ave & W 40 St",6765.01,40.78057799010334,-73.98562431335449,40.76087502,-74.00277668,casual
4231500,tripdata_5,D4571823A1F47955,electric_bike,"2026-05-28 08:02:15.385","2026-05-28 08:07:27.676","DeKalb Ave & Vanderbilt Ave",4461.04,"Schermerhorn St & Hoyt St",4479.1,40.68940747,-73.96885458,40.6886263,-73.9851911,member
4232000,tripdata_5,0DEBA7F3D21121CA,electric_bike,"2026-05-29 20:33:56.806","2026-05-29 20:42:02.655","W 13 St & 5 Ave",5947.04,"1 Ave & E 18 St",5854.09,40.735445,-73.99431,40.733812191966315,-73.98054420948029,member
4232500,tripdata_5,282543B0A92DC6E9,electric_bike,"2026-05-21 08:19:10.202","2026-05-21 08:28:27.300","5 Ave & E 30 St",6248.08,"12 Ave & W 40 St",6765.01,40.7459849,-73.98629487,40.76087502,-74.00277668,member
4233000,tripdata_5,93A02CE269BBEA67,electric_bike,"2026-05-31 12:58:55.734","2026-05-31 13:19:15.058","Amsterdam Ave & W 82 St",7360.1,"12 Ave & W 40 St",6765.01,40.78524672,-73.97667321,40.76087502,-74.00277668,member
4233500,tripdata_5,7D9FEB4F4330F2F5,classic_bike,"2026-05-15 16:02:31.287","2026-05-15 16:11:40.037","1 Ave & E 38 St",6230.02,"E 16 St & Irving Pl",5938.11,40.746202,-73.971822,40.735367055605394,-73.98797392845154,member
4234000,tripdata_5,CF8A9016B9F0886F,electric_bike,"2026-05-29 19:17:25.036","2026-05-29 19:25:40.269","FDR Drive & E 35 St",6230.04,"E 13 St & Ave A",5779.09,40.744219,-73.97121214,40.72966729392978,-73.98067966103554,member
4234500,tripdata_5,346315C1069EA49E,electric_bike,"2026-05-19 13:39:26.794","2026-05-19 13:41:48.541","12 Ave & W 40 St",6765.01,"12 Ave & W 40 St",6765.01,40.76087502,-74.00277668,40.76087502,-74.00277668,casual
4235000,tripdata_5,02067BC33D2CE141,electric_bike,"2026-05-31 01:37:50.580","2026-05-31 01:46:19.440","Norfolk St & Broome St",5374.01,"1 Ave & E 18 St",5854.09,40.7172274,-73.98802084,40.733812191966315,-73.98054420948029,member
4235500,tripdata_5,471E6B364689C513,electric_bike,"2026-05-26 14:45:53.369","2026-05-26 14:55:38.504","Bleecker St & Crosby St",5679.08,"1 Ave & E 18 St",5854.09,40.72615604980408,-73.99510189890862,40.733812191966315,-73.98054420948029,member
4236000,tripdata_5,81229CBE1BFD4C4B,electric_bike,"2026-05-29 09:37:53.046","2026-05-29 09:49:22.894","Amsterdam Ave & W 79 St",7311.02,"12 Ave & W 40 St",6765.01,40.7829391,-73.9786517,40.76087502,-74.00277668,member
4236500,tripdata_5,11CDDF7CF1C6E2F9,classic_bike,"2026-05-31 20:12:14.229","2026-05-31 20:21:27.245","61 St & Woodside Ave",6191.06,"44 St & 48 Ave",6058.08,40.74501,-73.9036,40.73941387498411,-73.92131969332695,member
4237000,tripdata_5,E7E3296DCA098F73,electric_bike,"2026-05-19 04:22:19.084","2026-05-19 04:26:27.653","E 5 St & Ave A",5626.06,"E 13 St & Ave A",5779.09,40.72479007746337,-73.98430064320564,40.72966729392978,-73.98067966103554,member
4237500,tripdata_5,3E1506848D7891B4,electric_bike,"2026-05-19 19:56:44.744","2026-05-19 20:04:06.052","Lispenard St & Broadway",5391.06,"E 16 St & Irving Pl",5938.11,40.71939226,-74.00247214,40.735367055605394,-73.98797392845154,member
4238000,tripdata_5,511782DD1B5DE5EA,classic_bike,"2026-05-20 21:39:02.520","2026-05-20 21:49:36.604","Fulton St & Irving Pl",4263.12,"Schermerhorn St & Hoyt St",4479.1,40.68186,-73.959432,40.6886263,-73.9851911,member
4238500,tripdata_5,523C01ED946E8F8C,electric_bike,"2026-05-29 09:06:10.689","2026-05-29 09:11:51.971","Norman St & Wyckoff Ave",4654.01,"Myrtle Ave & 65 St",4862.04,40.69517,-73.90311,40.70117,-73.8904,member
4239000,tripdata_5,49B10A14E0730938,electric_bike,"2026-05-27 09:25:43.888","2026-05-27 09:33:14.108","W 24 St & 7 Ave",6257.03,"E 16 St & Irving Pl",5938.11,40.74487634,-73.99529885,40.735367055605394,-73.98797392845154,member
4239500,tripdata_5,4F886D65DC66BD28,electric_bike,"2026-05-25 13:35:27.385","2026-05-25 13:39:52.759","W 30 St & 10 Ave",6459.07,"12 Ave & W 40 St",6765.01,40.752694,-74.002353,40.76087502,-74.00277668,member
4240000,tripdata_5,9E7905FB4D9544F2,electric_bike,"2026-05-18 16:27:38.144","2026-05-18 17:29:51.278","E 170 St & Webster Ave",8156.03,"E 170 St & Sheridan Ave",8194.07,40.83617913677475,-73.90730146322765,40.838315,-73.912604,member
4240500,tripdata_5,606DDE557918E24E,electric_bike,"2026-05-28 18:25:45.824","2026-05-28 18:36:05.198","W 37 St & Broadway",6441.06,"1 Ave & E 18 St",5854.09,40.75227093837409,-73.98770570755005,40.733812191966315,-73.98054420948029,member
4241000,tripdata_5,D01DF71057C1CEE2,classic_bike,"2026-05-22 22:57:52.142","2026-05-22 23:03:27.390","E 14 St & 1 Ave",5779.1,"1 Ave & E 30 St",6079.03,40.73139303364151,-73.98286700248718,40.74144387,-73.97536082,member
4241500,tripdata_5,68A9E1CCE8D8E9BF,classic_bike,"2026-05-22 10:43:35.659","2026-05-22 10:45:16.856","Greenpoint Ave & West St",5752.09,"Calyer St & West St",5676.04,40.729803,-73.959099,40.72693,-73.95863,member
4242000,tripdata_5,23551065D6BDA73C,electric_bike,"2026-05-30 09:15:17.063","2026-05-30 09:28:22.566","Orchard St & Grand St",5343.11,"Calyer St & West St",5676.04,40.717318403855785,-73.99067759513855,40.72693,-73.95863,member
4242500,tripdata_5,9AC61C941F17E563,electric_bike,"2026-05-22 14:50:02.305","2026-05-22 15:13:21.747","Hudson St & N Moore St",5470.13,"Berkeley Pl & 7 Ave",4051.01,40.719887998,-74.0086269379,40.675146838709786,-73.97523209452629,member
4243000,tripdata_5,A3B38B4BA5BC10F7,classic_bike,"2026-05-17 11:24:03.041","2026-05-17 12:14:40.935","Broadway & E 14 St",5905.12,"Pier 40 - Hudson River Park",5696.03,40.73454567,-73.99074142,40.7277140777778,-74.01129573583603,member
4243500,tripdata_5,765702AB305D6A27,classic_bike,"2026-05-31 20:20:40.183","2026-05-31 20:29:49.871","W 31 St & 7 Ave",6331.01,"1 Ave & E 30 St",6079.03,40.749156,-73.9916,40.74144387,-73.97536082,member
4244000,tripdata_5,D7216C0DE08290E0,electric_bike,"2026-05-22 15:07:28.198","2026-05-22 15:16:15.692","E 33 St & 1 Ave",6197.08,"W 44 St & 5 Ave",6551.02,40.74322681432173,-73.97449783980846,40.75500254,-73.98014437,member
4244500,tripdata_5,35B95DC7D8BC6400,classic_bike,"2026-05-21 17:41:17.796","2026-05-21 17:47:17.241","Rivington St & Ridge St",5406.02,"E 2 St & 2 Ave",5593.02,40.71850211,-73.98329859,40.72502876,-73.99069656,member
4245000,tripdata_5,55796581AC599DA1,electric_bike,"2026-05-16 16:23:44.214","2026-05-16 16:57:37.511","W 44 St & 11 Ave",6756.05,"Warren St & W Broadway",5288.09,40.762009,-73.996975,40.71473993,-74.00910627,casual
4245500,tripdata_5,DCE520AD8AC4CDD7,electric_bike,"2026-05-18 17:55:44.553","2026-05-18 17:59:21.204","W 120 St & Claremont Ave",7745.07,"Riverside Dr & W 104 St",7623.13,40.8109494,-73.9634,40.8013434,-73.9711457439,member
4246000,tripdata_5,1BB40BC87A0370CD,electric_bike,"2026-05-19 16:41:21.275","2026-05-19 16:52:10.169","E 55 St & 2 Ave",6650.07,"1 Ave & E 30 St",6079.03,40.75797322,-73.96603308,40.74144387,-73.97536082,member
4246500,tripdata_5,C17F709A98939A78,electric_bike,"2026-05-31 15:14:50.383","2026-05-31 15:34:51.359","5 Ave & E 87 St",7323.09,"W 44 St & 5 Ave",6551.02,40.78232260730881,-73.95987510681152,40.75500254,-73.98014437,member
4247000,tripdata_5,523BDC5B8B17138B,classic_bike,"2026-05-29 17:43:29.073","2026-05-29 17:48:02.799","Cooper Square & Astor Pl",5712.03,"W 13 St & 5 Ave",5947.04,40.72951496224949,-73.99075269699097,40.735445,-73.99431,member
4247500,tripdata_5,2792B9F88D46B42D,classic_bike,"2026-05-17 18:41:28.951","2026-05-17 18:50:23.416","Grand St & Samuel Dickstein Plaza",5335.07,"Pike St & E Broadway",5270.05,40.71511871996496,-73.98417055606842,40.71406667,-73.99293911,member
4248000,tripdata_5,1C368BB02F4D5BFC,electric_bike,"2026-05-31 17:10:13.635","2026-05-31 17:24:01.880","E 77 St & 3 Ave",7092.06,"E 47 St & 1 Ave",6498.09,40.77314236,-73.95856158,40.75206862,-73.96784384,casual
4248500,tripdata_5,30E354E8836B0EA3,electric_bike,"2026-05-26 14:40:03.638","2026-05-26 14:55:08.505","8 Ave & W 16 St",6072.11,"E 9 St & Ave C",5616.01,40.740983,-74.001702,40.72521311,-73.97768752,casual
4249000,tripdata_5,1CB2B69D333A482E,electric_bike,"2026-05-16 00:58:24.815","2026-05-16 01:07:21.102","E 17 St & 2 Ave",5896.01,"E 47 St & 1 Ave",6498.09,40.73431166276575,-73.98372530937195,40.75206862,-73.96784384,casual
4249500,tripdata_5,FC89FFC1FEDE9CBF,electric_bike,"2026-05-30 20:23:28.363","2026-05-30 20:26:57.437","King St & Varick St",5687.11,"Pier 40 - Hudson River Park",5696.03,40.72789701409023,-74.00536268949507,40.7277140777778,-74.01129573583603,member
4250000,tripdata_5,270DDCE957A86B6D,classic_bike,"2026-05-31 13:00:08.164","2026-05-31 13:26:50.276","W 54 St & 9 Ave",6920.05,"Pier 40 - Hudson River Park",5696.03,40.76604,-73.98737,40.7277140777778,-74.01129573583603,member
4250500,tripdata_5,189A1BAA91A650B4,electric_bike,"2026-05-19 13:19:51.235","2026-05-19 13:40:18.493","E 1 St & 1 Ave",5593.01,"W 44 St & 5 Ave",6551.02,40.72335597960796,-73.98864984512329,40.75500254,-73.98014437,member
4251000,tripdata_5,E3607E759A0D48EB,classic_bike,"2026-05-20 18:19:48.324","2026-05-20 18:31:24.489","Nevins St & Schermerhorn St",4437.09,"4 Ave & 9 St",3955.05,40.68737247650719,-73.98176059126854,40.6705135,-73.98876585,member
4251500,tripdata_5,A613B7B9C7BE6940,classic_bike,"2026-05-31 18:44:17.119","2026-05-31 18:48:46.018","South St & Pike St",5159.07,"Pike St & E Broadway",5270.05,40.70991806921533,-73.99161100387573,40.71406667,-73.99293911,member
4252000,tripdata_5,2B0D874D9712C0D3,electric_bike,"2026-05-23 10:48:21.045","2026-05-23 10:55:38.682","Douglass St & 3 Ave",4217.02,"4 Ave & 9 St",3955.05,40.6802133,-73.98432695,40.6705135,-73.98876585,member
4252500,tripdata_5,EEE7B5F6E13A194D,electric_bike,"2026-05-15 01:54:27.916","2026-05-15 01:57:43.541","6 Ave & W 34 St",6364.1,"W 44 St & 5 Ave",6551.02,40.74964,-73.98805,40.75500254,-73.98014437,member
4253000,tripdata_5,EAF3464E7321D9FB,classic_bike,"2026-05-16 18:05:38.122","2026-05-16 18:11:56.625","Clinton St & Joralemon St",4605.04,"Warren St & Court St",4413.08,40.69239502,-73.99337909,40.686371,-73.99383324,member
4253500,tripdata_5,5A897B3D3FBFCA3B,electric_bike,"2026-05-19 10:43:25.040","2026-05-19 10:46:08.174","Albany St & Greenwich St",5145.02,"Warren St & W Broadway",5288.09,40.709267,-74.013247,40.71473993,-74.00910627,member
4254000,tripdata_5,3F8CDB99D7BB7E4B,electric_bike,"2026-05-22 10:34:23.730","2026-05-22 10:45:33.670","Court St & Huntington St",4077.07,"Berkeley Pl & 7 Ave",4051.01,40.67595768953126,-73.99894942833194,40.675146838709786,-73.97523209452629,member
4254500,tripdata_5,50EC67A8C4FB4DC4,classic_bike,"2026-05-26 19:31:21.754","2026-05-26 19:35:01.032","River Ter & Warren St",5368.03,"Warren St & W Broadway",5288.09,40.71759894980997,-74.01587963104248,40.71473993,-74.00910627,member
4255000,tripdata_5,1E45B6109BE27D74,classic_bike,"2026-05-22 16:20:21.464","2026-05-22 16:29:54.312","E 2 St & Ave B",5515.02,"Pike St & E Broadway",5270.05,40.72217444,-73.98368779,40.71406667,-73.99293911,member
4255500,tripdata_5,0FE3EE765EAD3E25,classic_bike,"2026-05-29 02:12:08.943","2026-05-29 02:41:10.697","1 Ave & E 16 St",5779.08,"Amity St & Court St",4488.1,40.73221853,-73.98165557,40.68841885589487,-73.9931417101234,casual
4256000,tripdata_5,EFBA9EA543CABB8B,classic_bike,"2026-05-22 18:01:26.141","2026-05-22 18:06:40.071","Gramercy Park N & Gramercy Park E",6013.12,"W 13 St & 5 Ave",5947.04,40.73795,-73.98509,40.735445,-73.99431,casual
4256500,tripdata_5,C171DE9966744214,electric_bike,"2026-05-15 08:50:36.614","2026-05-15 08:58:28.780","W 29 St & 9 Ave",6416.06,"W 44 St & 5 Ave",6551.02,40.7500727,-73.99839279,40.75500254,-73.98014437,member
4257000,tripdata_5,E61AD38339DE59D8,electric_bike,"2026-05-17 18:10:23.451","2026-05-17 18:14:59.587","Clark St & Henry St",4789.03,"Amity St & Court St",4488.1,40.69760127,-73.99344559,40.68841885589487,-73.9931417101234,casual
4257500,tripdata_5,CAEE4CB0B23D82F6,classic_bike,"2026-05-27 20:39:11.713","2026-05-27 21:00:02.493","8 Ave & W 27 St",6297.07,"W 13 St & 5 Ave",5947.04,40.747968,-73.996637,40.735445,-73.99431,member
4258000,tripdata_5,278F5F5DAEA3A6CD,electric_bike,"2026-05-28 17:22:15.954","2026-05-28 17:51:12.819","Broadway & E 19 St",5980.11,"Berkeley Pl & 7 Ave",4051.01,40.73829,-73.99006,40.675146838709786,-73.97523209452629,member
4258500,tripdata_5,17CAB3655DEF266D,electric_bike,"2026-05-19 09:49:21.263","2026-05-19 09:53:59.790","Wyckoff St & 3 Ave",4290.06,"Amity St & Court St",4488.1,40.6827549,-73.98258555,40.68841885589487,-73.9931417101234,member
4259000,tripdata_5,900030162E8D9668,electric_bike,"2026-05-28 12:11:35.788","2026-05-28 12:19:04.791","Broadway & Morris St",5033.01,"Warren St & W Broadway",5288.09,40.705945132708806,-74.01321887969969,40.71473993,-74.00910627,member
4259500,tripdata_5,76FBC32D1646168F,electric_bike,"2026-05-27 11:34:35.992","2026-05-27 11:46:05.149","W 10 St & Washington St",5847.06,"Warren St & W Broadway",5288.09,40.73342399437081,-74.00851495563984,40.71473993,-74.00910627,member
4260000,tripdata_5,8EBAA03D9B226774,electric_bike,"2026-05-15 17:57:02.146","2026-05-15 18:14:25.399","Flushing Ave & Woodward Ave",5225.02,"Eagle St & Manhattan Ave",5902.07,40.71246,-73.91873,40.735217,-73.954926,member
4260500,tripdata_5,A3F906AA009C30E1,electric_bike,"2026-05-19 09:31:51.888","2026-05-19 09:36:18.663","E 2 St & Ave B",5515.02,"E 2 St & 2 Ave",5593.02,40.72217444,-73.98368779,40.72502876,-73.99069656,member
4261000,tripdata_5,131C38047D83CD06,electric_bike,"2026-05-21 10:34:19.335","2026-05-21 10:38:58.132","7 Ave S & Bleecker St",5805.07,"E 2 St & 2 Ave",5593.02,40.73213896287381,-74.00363802909851,40.72502876,-73.99069656,member
4261500,tripdata_5,CD6E65412D2A7F49,electric_bike,"2026-05-21 19:41:42.528","2026-05-21 19:45:09.957","W 113 St & Broadway",7713.01,"Riverside Dr & W 104 St",7623.13,40.805973,-73.964928,40.8013434,-73.9711457439,member
4262000,tripdata_5,69792DC28FFD6AC3,electric_bike,"2026-05-19 17:09:59.107","2026-05-19 17:34:30.422","Broadway & Morris St",5033.01,"E 47 St & 1 Ave",6498.09,40.705945132708806,-74.01321887969969,40.75206862,-73.96784384,member
4262500,tripdata_5,2CB8F8CB09A1EAD6,classic_bike,"2026-05-27 08:40:03.588","2026-05-27 08:50:47.372","W 20 St & 7 Ave",6182.02,"Pier 40 - Hudson River Park",5696.03,40.74238787,-73.99726235,40.7277140777778,-74.01129573583603,member
4263000,tripdata_5,8875C660846660B7,electric_bike,"2026-05-19 06:29:33.902","2026-05-19 07:18:18.135","E 106 St & 1 Ave",7456.03,"Van Sinderen Ave & Truxton St",4161.01,40.7892529,-73.93956237,40.6786,-73.90369,member
4263500,tripdata_5,EC8C729F5C92F149,electric_bike,"2026-05-22 19:38:43.548","2026-05-22 20:21:45.187","Cadman Plaza E & Tillary St",4677.01,"Church Ave & E 45 St",3341.06,40.69597683,-73.99014892,40.65159,-73.93535,casual
4264000,tripdata_5,5BC8BDB5A429B191,classic_bike,"2026-05-18 13:41:32.894","2026-05-18 14:00:57.348","11 Ave & W 27 St",6425.04,"Warren St & W Broadway",5288.09,40.751396,-74.005226,40.71473993,-74.00910627,member
4264500,tripdata_5,0545E71CDD85B8BA,electric_bike,"2026-05-29 17:13:19.062","2026-05-29 17:22:15.879","Lafayette St & Jersey St",5561.06,"Warren St & W Broadway",5288.09,40.72456089,-73.99565293,40.71473993,-74.00910627,member
4265000,tripdata_5,DA555D2EFB610AD3,classic_bike,"2026-05-22 12:51:57.247","2026-05-22 12:57:55.182","E 2 St & Ave C",5476.03,"E 2 St & 2 Ave",5593.02,40.7208736,-73.98085795,40.72502876,-73.99069656,member
4265500,tripdata_5,EAB13EAB4A95AD5F,electric_bike,"2026-05-15 14:33:57.246","2026-05-15 14:40:24.943","34 Ave & 83 St",6518.13,"74 St & 37 Ave",6332.06,40.753935004830225,-73.88390148299196,40.74908,-73.89172,member
4266000,tripdata_5,2DAB8E3E63736B20,classic_bike,"2026-05-20 20:16:54.695","2026-05-20 20:28:36.972","E 12 St & Ave C",5616.08,"W 13 St & 5 Ave",5947.04,40.727243,-73.976831,40.735445,-73.99431,member
4266500,tripdata_5,7928C4DDC5D89853,electric_bike,"2026-05-28 15:54:09.124","2026-05-28 16:06:29.752","7 Ave & 40 St",3266.01,"Berkeley Pl & 7 Ave",4051.01,40.648169,-74.000057,40.675146838709786,-73.97523209452629,member
4267000,tripdata_5,2009B573C81B1E14,classic_bike,"2026-05-26 08:47:50.399","2026-05-26 08:49:46.829","Murray St & West St",5329.08,"Warren St & W Broadway",5288.09,40.71503,-74.01246,40.71473993,-74.00910627,member
4267500,tripdata_5,939F817D7F17E66E,electric_bike,"2026-05-23 10:47:01.862","2026-05-23 11:04:27.530","Lafayette Ave & Franklin Ave",4528.03,"12 St & 4 Ave",3882.01,40.689271,-73.957324,40.668603,-73.9904394,member
4268000,tripdata_5,65D77B17B6C4BFBA,electric_bike,"2026-05-29 16:11:18.907","2026-05-29 16:26:10.755","Hudson St & W 13 St",6115.06,"1 Ave & E 30 St",6079.03,40.74005708567285,-74.0052741765976,40.74144387,-73.97536082,member
4268500,tripdata_5,A9FDECA803502D4C,electric_bike,"2026-05-31 16:07:34.129","2026-05-31 16:10:30.688","Douglass St & 4 Ave",4175.14,"Berkeley Pl & 7 Ave",4051.01,40.6792788,-73.98154004,40.675146838709786,-73.97523209452629,member
4269000,tripdata_5,2B6F2FF491792CF8,electric_bike,"2026-05-24 14:27:29.451","2026-05-24 14:30:10.122","Ave A & E 14 St",5779.11,"E 9 St & Ave C",5616.01,40.73031071000895,-73.98047178983688,40.72521311,-73.97768752,member
4269500,tripdata_5,1248883FDF770388,electric_bike,"2026-05-25 15:26:29.576","2026-05-25 15:39:44.910","E 39 St & Lexington Ave",6389.09,"W 44 St & 5 Ave",6551.02,40.749498546025194,-73.97729203113158,40.75500254,-73.98014437,casual
4270000,tripdata_5,7F74DD376645FE46,electric_bike,"2026-05-21 09:37:27.467","2026-05-21 09:40:53.067","W 45 St & 8 Ave",6676.02,"W 44 St & 5 Ave",6551.02,40.75929124,-73.98859651,40.75500254,-73.98014437,casual
4270500,tripdata_5,8E97D57EFC21E9C3,electric_bike,"2026-05-19 16:19:05.561","2026-05-19 16:22:42.732","Lafayette St & Jersey St",5561.06,"E 2 St & 2 Ave",5593.02,40.72456089,-73.99565293,40.72502876,-73.99069656,member
4271000,tripdata_5,A19C48D3509D110E,electric_bike,"2026-05-15 20:37:08.768","2026-05-15 20:49:38.926","William St & Pine St",5065.12,"W 13 St & 5 Ave",5947.04,40.70717936,-74.00887308,40.735445,-73.99431,member
4271500,tripdata_5,A4A937C4521B4F6E,electric_bike,"2026-05-19 14:56:33.575","2026-05-19 15:08:34.327","Kent Ave & N 3 St",5348.06,"Pike St & E Broadway",5270.05,40.71797940978296,-73.96427449047715,40.71406667,-73.99293911,casual
4272000,tripdata_5,75FD2AC95F214A74,electric_bike,"2026-05-30 12:41:26.163","2026-05-30 13:00:13.081","62 St & 4 Ave",2923.01,"4 Ave & 9 St",3955.05,40.639859,-74.019776,40.6705135,-73.98876585,member
4272500,tripdata_5,0F7786D213E3DEE3,electric_bike,"2026-05-18 11:23:32.422","2026-05-18 11:33:31.930","W 22 St & 10 Ave",6306.06,"Pier 40 - Hudson River Park",5696.03,40.74691959,-74.00451887,40.7277140777778,-74.01129573583603,member
4273000,tripdata_5,D0C96A6CB564FC23,electric_bike,"2026-05-18 13:03:50.382","2026-05-18 13:20:26.922","Front St & Gold St",4927.04,"E 9 St & Ave C",5616.01,40.70224,-73.982578,40.72521311,-73.97768752,member
4273500,tripdata_5,669874C843B6E18F,electric_bike,"2026-05-16 14:01:13.430","2026-05-16 14:21:46.546","E 98 St & Park Ave",7443.17,"Riverside Dr & W 104 St",7623.13,40.78813,-73.95206,40.8013434,-73.9711457439,casual
4274000,tripdata_5,55A9AB291355A8CC,electric_bike,"2026-05-26 08:33:38.468","2026-05-26 08:42:39.536","Crotona Ave & E Fordham Rd",8502.04,"E 178 St & Monterey Ave",8351.06,40.8579,-73.88147,40.84749,-73.89464,casual
4274500,tripdata_5,53AFB4E7987BAF34,electric_bike,"2026-05-26 18:35:28.508","2026-05-26 18:47:24.098","S 3 St & Bedford Ave",5235.05,"E 2 St & 2 Ave",5593.02,40.71260486,-73.96264403,40.72502876,-73.99069656,member
4275000,tripdata_5,DAF8ECA947366048,electric_bike,"2026-05-26 16:21:57.954","2026-05-26 16:42:56.786","E 53 St & Madison Ave",6659.03,"Warren St & W Broadway",5288.09,40.7597108,-73.97402311,40.71473993,-74.00910627,member
4275500,tripdata_5,BCE1C523768F0DC7,electric_bike,"2026-05-30 20:28:18.001","2026-05-30 20:46:37.824","Delancey St & Eldridge St",5414.07,"Calyer St & West St",5676.04,40.719383,-73.991479,40.72693,-73.95863,member
4276000,tripdata_5,15CAAC31740F9146,electric_bike,"2026-05-22 19:55:30.613","2026-05-22 20:19:42.468","Jerome Ave & E 164 St",8096.02,"E 204 St & Webster Ave",8714.06,40.831444,-73.926226,40.87095,-73.87679,member
4276500,tripdata_5,6CF7274609779377,electric_bike,"2026-05-18 14:29:55.203","2026-05-18 14:41:32.671","Riverside Dr & W 138 St",7942.21,"Riverside Dr & W 104 St",7623.13,40.823168,-73.955857,40.8013434,-73.9711457439,member
4277000,tripdata_5,9255D6C301AB386B,electric_bike,"2026-05-17 17:32:46.262","2026-05-17 17:38:05.645","Ave A & E 11 St",5703.13,"E 2 St & 2 Ave",5593.02,40.72854745023944,-73.98175925016403,40.72502876,-73.99069656,casual
4277500,tripdata_5,148CDC244C77849B,electric_bike,"2026-05-22 20:51:04.726","2026-05-22 21:22:44.361","Front St & Pine St",4953.08,"Calyer St & West St",5676.04,40.70531,-74.00613,40.72693,-73.95863,casual
4278000,tripdata_5,A27D60C78C73EEBE,electric_bike,"2026-05-27 14:29:03.291","2026-05-27 14:31:16.732","Greenpoint Ave & Manhattan Ave",5785.05,"Calyer St & West St",5676.04,40.73026,-73.95394,40.72693,-73.95863,member
4278500,tripdata_5,1E53D5A22C667A66,electric_bike,"2026-05-15 17:39:12.346","2026-05-15 17:50:52.815","E 12 St & 3 Ave",5788.12,"Warren St & W Broadway",5288.09,40.73223272,-73.98889957,40.71473993,-74.00910627,member
4279000,tripdata_5,1E1A87BF2DDDB957,classic_bike,"2026-05-19 10:39:20.189","2026-05-19 10:49:43.433","E 6 St & Ave B",5584.04,"W 13 St & 5 Ave",5947.04,40.72453734,-73.98185424,40.735445,-73.99431,member
4279500,tripdata_5,39110243CC0F2DA0,electric_bike,"2026-05-30 15:43:00.352","2026-05-30 15:48:56.439","Bergen St & 4 Ave",4322.06,"4 Ave & 9 St",3955.05,40.68256425759694,-73.9798977971077,40.6705135,-73.98876585,member
4280000,tripdata_5,1E52FC2FE89D39F8,electric_bike,"2026-05-19 19:32:50.184","2026-05-19 19:47:31.938","Rivington St & Chrystie St",5453.01,"Pier 40 - Hudson River Park",5696.03,40.72110063,-73.9919254,40.7277140777778,-74.01129573583603,member
4280500,tripdata_5,5C827989D4BB9616,electric_bike,"2026-05-22 12:45:11.477","2026-05-22 12:56:57.118","Hudson St & Reade St",5359.1,"E 2 St & 2 Ave",5593.02,40.71625008,-74.0091059,40.72502876,-73.99069656,member
4281000,tripdata_5,9B29001A6B214105,electric_bike,"2026-05-28 17:25:12.103","2026-05-28 17:34:25.565","Vesey St & West St",5256.06,"Pier 40 - Hudson River Park",5696.03,40.714063,-74.014432,40.7277140777778,-74.01129573583603,member
4281500,tripdata_5,B246EF56173E12DA,electric_bike,"2026-05-15 07:46:46.333","2026-05-15 07:56:48.180","8 Ave & W 31 St",6450.05,"1 Ave & E 30 St",6079.03,40.7505853470215,-73.9946848154068,40.74144387,-73.97536082,member
4282000,tripdata_5,9C29E43689747B34,electric_bike,"2026-05-19 19:16:46.373","2026-05-19 19:32:23.150","Sterling Pl & Classon Ave",4033.18,"4 Ave & 9 St",3955.05,40.6739411,-73.96026,40.6705135,-73.98876585,member
4282500,tripdata_5,F954C77E9027445D,electric_bike,"2026-05-17 14:29:43.670","2026-05-17 14:59:09.025","E 82 St & East End Ave",7049.04,"Calyer St & West St",5676.04,40.7724607,-73.9468208,40.72693,-73.95863,casual
4283000,tripdata_5,A6BD59CFCED9C860,electric_bike,"2026-05-22 13:35:59.049","2026-05-22 13:40:48.534","Degraw St & Hoyt St",4258.07,"Warren St & Court St",4413.08,40.681990442707026,-73.99079024791718,40.686371,-73.99383324,member
4283500,tripdata_5,9D904DA8FB6C2B5E,electric_bike,"2026-05-22 17:10:04.606","2026-05-22 17:12:05.900","University Pl & E 14 St",5905.14,"W 13 St & 5 Ave",5947.04,40.734814,-73.992085,40.735445,-73.99431,member
4284000,tripdata_5,5786BFA2892037CB,electric_bike,"2026-05-22 17:03:43.087","2026-05-22 17:11:13.673","King St & Varick St",5687.11,"E 10 St & 5 Ave",5872.08,40.72789701409023,-74.00536268949507,40.73331967,-73.99510132,casual
4284500,tripdata_5,D843F49AAD211269,classic_bike,"2026-05-19 13:12:53.863","2026-05-19 13:37:27.467","5 Ave & E 72 St",7100.07,"E 50 St & Park Ave",6659.1,40.77282817,-73.96685276,40.757334,-73.974235,casual
4285000,tripdata_5,796EC938C5EEAEB4,electric_bike,"2026-05-20 08:57:31.929","2026-05-20 09:07:48.850","3 St & Prospect Park West",3865.05,"3 Ave & Carroll St",4143.04,40.668132,-73.97363831,40.677027,-73.9865,member
4285500,tripdata_5,D3F6EDE68A3A870F,classic_bike,"2026-05-22 20:19:08.848","2026-05-22 20:29:34.225","4 Ave & 26 St",3596.04,"53 St & 4 Ave",3169.07,40.660079,-73.998633,40.644862,-74.014531,member
4286000,tripdata_5,3EC2941790BB1C39,electric_bike,"2026-05-26 07:37:05.279","2026-05-26 07:54:04.968","N 7 St & Driggs Ave",5340.01,"Water St & Gouverneur Ln",4993.15,40.716967,-73.956388,40.70469667894968,-74.00803416967392,member
4286500,tripdata_5,4EBCBB700F1B1022,electric_bike,"2026-05-30 13:02:47.669","2026-05-30 13:16:00.756","Crotona Pkwy & Elsmere Pl",8252.03,"Grand Concourse & E 176 St",8340.01,40.84188,-73.8855,40.84761,-73.90745,member
4287000,tripdata_5,16DC7007802DD5D6,electric_bike,"2026-05-29 18:25:09.453","2026-05-29 18:31:51.668","69 St & 38 Ave",6298.04,"86 St & 37 Ave",6399.06,40.74694504524519,-73.89650255441666,40.75,-73.88062,casual
4287500,tripdata_5,E83C0D34ABEE8501,electric_bike,"2026-05-14 20:32:43.360","2026-05-14 20:52:52.910","3 Ave & E Tremont Ave",8315.03,"E 169 St & Webster Ave",8122.04,40.84649,-73.89616,40.834015,-73.908863,member
4288000,tripdata_5,0DD42EB859BB8089,electric_bike,"2026-05-19 07:21:00.059","2026-05-19 07:29:52.301","E 5 St & Ave A",5626.06,"1 Ave & E 42 St",6303.02,40.72479007746337,-73.98430064320564,40.7487575,-73.970127,member
4288500,tripdata_5,4947DEFA901B4D1B,electric_bike,"2026-05-20 23:10:30.903","2026-05-20 23:18:45.856","5 Ave & E 135 St",7769.06,"E 118 St & 3 Ave",7611.02,40.812191,-73.937838,40.799139,-73.9389152,member
4289000,tripdata_5,2680A1C5D5C564CC,electric_bike,"2026-05-23 10:45:02.974","2026-05-23 10:51:40.707","E 91 St & 2 Ave",7286.01,"E 103 St & 2 Ave",7436.16,40.78115276427915,-73.94963040947914,40.78864,-73.9436,member
4289500,tripdata_5,2B00C883D69F9165,classic_bike,"2026-05-29 22:24:53.011","2026-05-29 22:34:20.908","Main St & Plymouth St",4936.21,"Jay St & York St",4895.09,40.703781673548306,-73.99073392152786,40.70140317257725,-73.98672670125961,casual
4290000,tripdata_5,45811ACB6808670B,electric_bike,"2026-05-26 06:55:16.244","2026-05-26 07:05:45.534","Lafayette St & Grand St",5422.09,"Jay St & York St",4895.09,40.72028,-73.99879,40.70140317257725,-73.98672670125961,member
4290500,tripdata_5,71D6910321476706,electric_bike,"2026-05-19 17:24:02.842","2026-05-19 17:25:59.214","E 10 St & 5 Ave",5872.08,"E 10 St & 5 Ave",5872.08,40.73331967,-73.99510132,40.73331967,-73.99510132,casual
4291000,tripdata_5,D313AE83552E1731,classic_bike,"2026-05-16 19:29:00.523","2026-05-16 19:42:52.668","W 4 St & 7 Ave S",5880.02,"Hudson St & Reade St",5359.1,40.73401143,-74.00293877,40.71625008,-74.0091059,member
4291500,tripdata_5,255E47B394AC4C19,electric_bike,"2026-05-16 10:02:52.080","2026-05-16 10:12:54.161","President St & Hoyt St",4184.08,"Jay St & York St",4895.09,40.680057,-73.991753,40.70140317257725,-73.98672670125961,member
4292000,tripdata_5,2245B054A82ECD5A,electric_bike,"2026-05-17 12:45:54.785","2026-05-17 13:09:32.443","Menahan St & Central Ave",4672.01,"Jay St & York St",4895.09,40.69543,-73.9196,40.70140317257725,-73.98672670125961,member
4292500,tripdata_5,626D736E3F7B6389,electric_bike,"2026-05-26 18:08:31.798","2026-05-26 18:29:57.736","E 47 St & 2 Ave",6498.1,"30 Ave & 41 St",6812.06,40.75323098,-73.97032517,40.763422,-73.914142,member
4293000,tripdata_5,B4AE00DEDCB16BD6,classic_bike,"2026-05-15 05:32:55.475","2026-05-15 05:34:38.448","Bayard St & Baxter St",5351.03,"Centre St & Worth St",5279.03,40.71602118,-73.99974372,40.71494807,-74.00234482,member
4293500,tripdata_5,B886E1746C336B38,electric_bike,"2026-05-26 09:27:06.804","2026-05-26 09:52:38.544","W 39 St & 9 Ave",6644.04,"Centre St & Worth St",5279.03,40.75645824,-73.99372222,40.71494807,-74.00234482,member
4294000,tripdata_5,129771F82D4A6B71,classic_bike,"2026-05-15 09:12:55.720","2026-05-15 09:26:38.471","4 Ave & 3 St",4028.04,"Warren St & Smith St",4371.01,40.673746,-73.985649,40.685424009970184,-73.99127773940563,member
4294500,tripdata_5,C8F5C5E87B64F9CE,electric_bike,"2026-05-19 07:37:53.249","2026-05-19 07:45:50.556","St Johns Pl & Utica Ave",3966.01,"Monroe St & Patchen Ave",4491.09,40.6705,-73.9308,40.68814,-73.92693,member
4295000,tripdata_5,9E07886E33C0AF27,classic_bike,"2026-05-22 13:51:28.299","2026-05-22 13:58:32.793","W 21 St & 6 Ave",6140.05,"W 20 St & 11 Ave",6306.07,40.74173969,-73.99415556,40.746745,-74.007756,member
4295500,tripdata_5,B4C1D68CF960524E,electric_bike,"2026-05-20 18:07:03.615","2026-05-20 18:30:05.757","Columbus Ave & W 59 St",6986.07,"Hudson St & Reade St",5359.1,40.76931,-73.98464,40.71625008,-74.0091059,member
4296000,tripdata_5,C7DA8EE9870FDE04,electric_bike,"2026-05-26 09:10:05.819","2026-05-26 09:16:36.374","48 St & Barnett Ave",6358.05,"30 Ave & 41 St",6812.06,40.750016404259334,-73.91540944576263,40.763422,-73.914142,member
4296500,tripdata_5,439C165BAF10E85B,electric_bike,"2026-05-24 19:05:11.025","2026-05-24 19:10:18.612","Duffield St & Willoughby St",4596.05,"Jay St & York St",4895.09,40.69221589,-73.9842844,40.70140317257725,-73.98672670125961,casual
4297000,tripdata_5,1DF323CF92DDDC33,electric_bike,"2026-05-27 10:55:19.209","2026-05-27 10:58:26.228","Vesey Pl & River Terrace",5297.02,"Hudson St & Reade St",5359.1,40.7153379,-74.01658354,40.71625008,-74.0091059,member
4297500,tripdata_5,3193982D8DD5C0C7,electric_bike,"2026-05-28 18:50:56.636","2026-05-28 18:55:46.630","State St & Smith St",4522.07,"Jay St & York St",4895.09,40.68917,-73.9886,40.70140317257725,-73.98672670125961,member
4298000,tripdata_5,07CE45518E55D076,electric_bike,"2026-05-16 15:07:52.201","2026-05-16 15:19:28.538","Broadway & E 19 St",5980.11,"W 20 St & 11 Ave",6306.07,40.73829,-73.99006,40.746745,-74.007756,member
4298500,tripdata_5,15F105441DE9C7F5,classic_bike,"2026-05-26 17:14:07.628","2026-05-26 17:32:19.614","Lafayette St & Grand St",5422.09,"W 20 St & 11 Ave",6306.07,40.72028,-73.99879,40.746745,-74.007756,member
4299000,tripdata_5,C80B5141B7007674,electric_bike,"2026-05-22 16:13:10.971","2026-05-22 16:16:27.984","61 St & Woodside Ave",6191.06,"51 St & 43 Ave",6242.1,40.74501,-73.9036,40.74451,-73.91412,member
4299500,tripdata_5,DD430DE82C2FEE3E,electric_bike,"2026-05-17 12:34:42.035","2026-05-17 12:40:24.433","LaGuardia Pl & W 3 St",5721.14,"Hudson St & Reade St",5359.1,40.72917025,-73.99810231,40.71625008,-74.0091059,casual
4300000,tripdata_5,7AE855E6B76F8744,electric_bike,"2026-05-27 08:54:30.522","2026-05-27 09:03:24.968","E 27 St & 1 Ave",6004.06,"E 50 St & Park Ave",6659.1,40.739445,-73.976806,40.757334,-73.974235,member
4300500,tripdata_5,C8BAB12FF7B78E4D,electric_bike,"2026-05-30 17:12:15.524","2026-05-30 17:30:00.903","W 100 St & Manhattan Ave",7538.14,"E 118 St & 3 Ave",7611.02,40.795,-73.9645,40.799139,-73.9389152,member
4301000,tripdata_5,2CE9EBCA7E304A33,electric_bike,"2026-05-19 07:58:50.352","2026-05-19 08:02:10.548","E 58 St & 3 Ave",6762.02,"E 50 St & Park Ave",6659.1,40.76095756,-73.96724467,40.757334,-73.974235,member
4301500,tripdata_5,2B463415CB26FA0B,classic_bike,"2026-05-21 19:11:31.230","2026-05-21 19:23:42.428","81 St & 35 Ave",6442.08,"34 Ave & 48 St",6554.05,40.75179,-73.88568,40.75388,-73.914952,member
4302000,tripdata_5,B01B6F7A9A263875,electric_bike,"2026-05-16 18:20:22.178","2026-05-16 18:23:25.700","W 17 St & 8 Ave",6148.02,"W 20 St & 11 Ave",6306.07,40.74177603,-74.00149746,40.746745,-74.007756,member
4302500,tripdata_5,7DF6CFE5299111EF,electric_bike,"2026-05-16 13:37:43.327","2026-05-16 13:44:24.711","W 27 St & 7 Ave",6257.06,"W 20 St & 11 Ave",6306.07,40.74665,-73.99392,40.746745,-74.007756,member
4303000,tripdata_5,53DD4FB7A6BC512B,electric_bike,"2026-05-20 18:52:27.112","2026-05-20 18:54:05.110","Henry St & Middagh St",4861.05,"Jay St & York St",4895.09,40.7003,-73.991581,40.70140317257725,-73.98672670125961,member
4303500,tripdata_5,38271FB44EC75389,electric_bike,"2026-05-15 06:46:40.849","2026-05-15 07:03:56.264","31 Ave & Crescent St",6893.1,"E 50 St & Park Ave",6659.1,40.7658346,-73.9265474,40.757334,-73.974235,member
4304000,tripdata_5,9925F76D611FB4F6,classic_bike,"2026-05-17 08:38:07.838","2026-05-17 08:41:41.217","Henry St & Remsen St",4645.04,"Congress St & Clinton St",4455.1,40.69400964865994,-73.99465128779411,40.68825516598005,-73.99545192718506,member
4304500,tripdata_5,DB44EDDB3395018B,classic_bike,"2026-05-30 12:47:36.561","2026-05-30 12:54:13.306","W 47 St & 10 Ave",6824.07,"W 56 St & 8 Ave",6884.03,40.76269882,-73.99301222,40.765959181657976,-73.98313522338867,member
4305000,tripdata_5,A75B35BC20BD5868,electric_bike,"2026-05-15 15:26:08.884","2026-05-15 15:32:59.555","Carroll St & Columbia St",4348.07,"Warren St & Smith St",4371.01,40.6830456,-74.00348559,40.685424009970184,-73.99127773940563,casual
4305500,tripdata_5,99722671E7F93CCA,electric_bike,"2026-05-22 10:25:45.804","2026-05-22 10:30:15.658","10 St & 2 Ave",3922.02,"3 Ave & Carroll St",4143.04,40.671907,-73.993612,40.677027,-73.9865,member
4306000,tripdata_5,8E46F91F95D3E1EA,electric_bike,"2026-05-19 17:33:36.586","2026-05-19 17:48:41.256","Barclay St & Church St",5216.04,"Congress St & Clinton St",4455.1,40.71291224,-74.01020234,40.68825516598005,-73.99545192718506,member
4306500,tripdata_5,0A05DF80D1B35F73,electric_bike,"2026-05-15 17:33:48.562","2026-05-15 17:36:25.055","Broadway & 49 St",6587.04,"34 Ave & 48 St",6554.05,40.755389,-73.911517,40.75388,-73.914952,casual
4307000,tripdata_5,FDDBFF91501C1159,classic_bike,"2026-05-26 12:58:48.571","2026-05-26 13:04:55.937","W 21 St & 6 Ave",6140.05,"E 10 St & 5 Ave",5872.08,40.74173969,-73.99415556,40.73331967,-73.99510132,member
4307500,tripdata_5,F63617A2986DD9F3,electric_bike,"2026-05-22 17:57:59.333","2026-05-22 18:09:08.863","Hanson Pl & Ashland Pl",4395.07,"Jay St & York St",4895.09,40.68506807308177,-73.97790759801863,40.70140317257725,-73.98672670125961,member
4308000,tripdata_5,4FC5A2E56C6A3078,classic_bike,"2026-05-23 13:57:30.485","2026-05-23 14:10:13.011","Bialystoker Pl & Delancey St",5335.03,"Hudson St & Reade St",5359.1,40.71622644,-73.98261206,40.71625008,-74.0091059,member
4308500,tripdata_5,E9B61350A190848E,classic_bike,"2026-05-18 19:59:03.089","2026-05-18 20:06:17.091","Broadway & E 21 St",6098.1,"E 10 St & 5 Ave",5872.08,40.739888408589955,-73.98958593606949,40.73331967,-73.99510132,casual
4309000,tripdata_5,E50D0FEF3D6B4390,classic_bike,"2026-05-17 09:57:38.808","2026-05-17 10:03:52.743","King St & Varick St",5687.11,"Hudson St & Reade St",5359.1,40.72789701409023,-74.00536268949507,40.71625008,-74.0091059,member
4309500,tripdata_5,B186A8F9F42FC8ED,electric_bike,"2026-05-28 12:30:16.163","2026-05-28 12:46:34.663","Prospect Pl & Vanderbilt Ave",4157.15,"Jay St & York St",4895.09,40.67767534,-73.96902144,40.70140317257725,-73.98672670125961,member
4310000,tripdata_5,14AA4CF1BCC4D463,classic_bike,"2026-05-16 11:22:20.701","2026-05-16 11:44:20.084","Sterling Pl & 5 Ave",4208.01,"Jay St & York St",4895.09,40.678970070475735,-73.97855266928671,40.70140317257725,-73.98672670125961,casual
4310500,tripdata_5,D7D557B0ACA668ED,electric_bike,"2026-05-21 18:40:43.449","2026-05-21 18:50:49.326","E 58 St & Madison Ave",6839.04,"1 Ave & E 42 St",6303.02,40.76302594280519,-73.97209525108337,40.7487575,-73.970127,member
4311000,tripdata_5,59ADE624F05436F9,electric_bike,"2026-05-22 15:58:13.348","2026-05-22 16:10:39.211","E 63 St & 3 Ave",6830.02,"E 118 St & 3 Ave",7611.02,40.763954,-73.9646,40.799139,-73.9389152,member
4311500,tripdata_5,B6E640508924EC9F,electric_bike,"2026-05-25 01:17:35.849","2026-05-25 01:22:26.575","Hanson Pl & Ashland Pl",4395.07,"Warren St & Smith St",4371.01,40.68506807308177,-73.97790759801863,40.685424009970184,-73.99127773940563,member
4312000,tripdata_5,A412EE62AA7CDC6F,electric_bike,"2026-05-22 15:24:09.514","2026-05-22 15:27:28.625","Centre St & Worth St",5279.03,"Hudson St & Reade St",5359.1,40.71494807,-74.00234482,40.71625008,-74.0091059,member
4312500,tripdata_5,0BA27D487A2BB46B,electric_bike,"2026-05-19 15:37:38.356","2026-05-19 15:42:43.311","6 Ave & W 45 St",6593.15,"W 56 St & 8 Ave",6884.03,40.756951,-73.982631,40.765959181657976,-73.98313522338867,member
4313000,tripdata_5,11EC71E22A2A1947,electric_bike,"2026-05-20 22:38:19.661","2026-05-20 22:50:03.113","E 33 St & 5 Ave",6322.01,"1 Ave & E 42 St",6303.02,40.74765947,-73.98490707,40.7487575,-73.970127,member
4313500,tripdata_5,9964354267C6DB5D,electric_bike,"2026-05-27 12:33:02.476","2026-05-27 12:45:13.517","W 40 St & 7 Ave",6560.14,"E 10 St & 5 Ave",5872.08,40.754818,-73.988154,40.73331967,-73.99510132,member
4314000,tripdata_5,FF53ECD9E0C5910C,electric_bike,"2026-05-17 20:26:49.182","2026-05-17 20:42:02.811","FDR Drive & E 35 St",6230.04,"E 10 St & 5 Ave",5872.08,40.744219,-73.97121214,40.73331967,-73.99510132,casual
4314500,tripdata_5,4C24FAB1B01FDF03,classic_bike,"2026-05-25 17:48:10.565","2026-05-25 18:50:01.143","10 Ave & W 14 St",6157.04,"Cadman Plaza E & Tillary St",4677.01,40.741981599940225,-74.00831580162048,40.69597683,-73.99014892,casual
4315000,tripdata_5,864D3A698304935B,electric_bike,"2026-05-18 08:41:21.736","2026-05-18 08:49:32.105","1 Ave & E 30 St",6079.03,"W 40 St & 7 Ave",6560.14,40.74144387,-73.97536082,40.754818,-73.988154,member
4315500,tripdata_5,212ADAD0C6FA97A4,electric_bike,"2026-05-19 20:56:54.366","2026-05-19 20:59:40.323","Pacific St & Nostrand Ave",4140.03,"Lincoln Pl & Nostrand Ave",3952.07,40.6776,-73.94963,40.67077,-73.9507,member
4316000,tripdata_5,45AC678F8374256C,classic_bike,"2026-05-19 16:43:38.026","2026-05-19 16:59:33.710","Monroe St & Tompkins Ave",4434.06,"Prospect Pl & Vanderbilt Ave",4157.15,40.686203,-73.944694,40.67767534,-73.96902144,casual
4316500,tripdata_5,1A57F875F6170538,classic_bike,"2026-05-29 17:51:49.631","2026-05-29 18:01:38.998","Broadway & E 19 St",5980.11,"Bleecker St & Crosby St",5679.08,40.73829,-73.99006,40.72615604980408,-73.99510189890862,member
4317000,tripdata_5,BBCECAB3E852E0C6,classic_bike,"2026-05-24 19:23:26.594","2026-05-24 19:45:25.383","Eastern Pkwy & Kingston Ave",3902.06,"Lincoln Pl & Nostrand Ave",3952.07,40.66959,-73.94237,40.67077,-73.9507,member
4317500,tripdata_5,BEDDB715879D9C3B,electric_bike,"2026-05-16 19:36:37.997","2026-05-16 19:47:20.678","W 116 St & Amsterdam Ave",7692.11,"Lenox Ave & W 140 St",7872.03,40.8067581,-73.9607082,40.817245,-73.938787,member
4318000,tripdata_5,2EA117CADBFA161E,electric_bike,"2026-05-17 05:47:34.090","2026-05-17 06:46:20.376","W 20 St & 7 Ave",6182.02,"Centre St & Chambers St",5207.01,40.74238787,-73.99726235,40.71273266,-74.0046073,casual
4318500,tripdata_5,DFA8283F54E44C5E,electric_bike,"2026-05-27 11:58:40.363","2026-05-27 12:12:31.136","Bus Slip & State St",4889.06,"Centre St & Chambers St",5207.01,40.701907,-74.013942,40.71273266,-74.0046073,casual
4319000,tripdata_5,6F015FF39251A2C8,electric_bike,"2026-05-15 09:15:44.099","2026-05-15 09:31:45.485","3 Ave & Carroll St",4143.04,"Centre St & Chambers St",5207.01,40.677027,-73.9865,40.71273266,-74.0046073,member
4319500,tripdata_5,CB08D40CEA315381,electric_bike,"2026-05-17 13:11:11.466","2026-05-17 13:33:45.491","Van Brunt St & Wolcott St",4095.03,"Prospect Pl & Vanderbilt Ave",4157.15,40.6773429,-74.01275056,40.67767534,-73.96902144,member
4320000,tripdata_5,B9B152609A7D680E,electric_bike,"2026-05-25 19:41:05.263","2026-05-25 19:47:21.098","Pacific St & Nevins St",4362.04,"Prospect Pl & Vanderbilt Ave",4157.15,40.6853761,-73.98302136,40.67767534,-73.96902144,member
4320500,tripdata_5,98957103E02B9B62,classic_bike,"2026-05-28 16:14:11.774","2026-05-28 16:18:38.231","North Moore St & Greenwich St",5470.12,"Centre St & Chambers St",5207.01,40.72019521437465,-74.0103006362915,40.71273266,-74.0046073,member
4321000,tripdata_5,BBD08001805728FC,electric_bike,"2026-05-25 16:03:10.554","2026-05-25 16:18:25.649","Sands St & Jay St",4821.03,"Prospect Pl & Vanderbilt Ave",4157.15,40.700119,-73.9862,40.67767534,-73.96902144,casual
4321500,tripdata_5,879918E2104ED9E0,classic_bike,"2026-05-24 15:44:45.770","2026-05-24 15:55:52.873","E 7 St & Ave C",5545.01,"Bleecker St & Crosby St",5679.08,40.72412944090093,-73.97901266813278,40.72615604980408,-73.99510189890862,member
4322000,tripdata_5,9F31C817C5D809DF,classic_bike,"2026-05-30 05:34:21.486","2026-05-30 05:37:59.725","Myrtle Ave & Lewis Ave",4729.01,"Myrtle Ave & Marcy Ave",4707.03,40.69681963,-73.93756926,40.69539817,-73.94954908,member
4322500,tripdata_5,9C44A79B95905EE3,electric_bike,"2026-05-31 21:38:03.407","2026-05-31 21:43:27.034","E 10 St & 5 Ave",5872.08,"Greenwich St & Perry St",5922.04,40.73331967,-73.99510132,40.73498,-74.00697,member
4323000,tripdata_5,9BAD9F97FA0D37AF,classic_bike,"2026-05-26 15:58:06.616","2026-05-26 16:02:31.114","St Nicholas Ave & Manhattan Ave",7723.01,"Morningside Dr & Amsterdam Ave",7741.04,40.809725,-73.953149,40.81028506306003,-73.95736455917358,member
4323500,tripdata_5,F40E9C70E86658D5,classic_bike,"2026-05-29 12:04:00.759","2026-05-29 12:07:40.305","St James Pl & Oliver St",5238.05,"Centre St & Chambers St",5207.01,40.71307916,-73.99851193,40.71273266,-74.0046073,member
4324000,tripdata_5,3B720891C463C1BE,electric_bike,"2026-05-27 23:19:30.558","2026-05-27 23:33:00.506","DeKalb Ave & Hudson Ave",4513.06,"Myrtle Ave & Marcy Ave",4707.03,40.689888,-73.981013,40.69539817,-73.94954908,member
4324500,tripdata_5,43C58F835C1D2E2E,electric_bike,"2026-05-17 19:10:46.819","2026-05-17 19:19:09.658","Gansevoort St & Hudson St",6072.16,"Bleecker St & Crosby St",5679.08,40.73937600789778,-74.00520807425661,40.72615604980408,-73.99510189890862,casual
4325000,tripdata_5,9330C44D9E5EEBD7,electric_bike,"2026-05-19 20:15:02.541","2026-05-19 20:26:08.355","6 Ave & W 33 St",6364.07,"W 40 St & 7 Ave",6560.14,40.74901271,-73.98848395,40.754818,-73.988154,casual
4325500,tripdata_5,D125AE5321C1154D,electric_bike,"2026-05-26 23:05:09.154","2026-05-26 23:14:26.191","Marcy Ave & Gates Ave",4401.04,"Prospect Pl & Vanderbilt Ave",4157.15,40.686679,-73.947417,40.67767534,-73.96902144,member
4326000,tripdata_5,F9BF887738C2725B,electric_bike,"2026-05-31 10:02:50.101","2026-05-31 10:15:14.129","Willoughby Ave & Walworth St",4634.02,"Lincoln Pl & Nostrand Ave",3952.07,40.69331716,-73.95381995,40.67077,-73.9507,casual
4326500,tripdata_5,B505AEEBE6C74C8C,classic_bike,"2026-05-18 09:47:37.974","2026-05-18 09:57:49.944","E 6 St & Ave B",5584.04,"Stanton St & Chrystie St",5523.02,40.72453734,-73.98185424,40.72229346,-73.99147535,member
4327000,tripdata_5,FC65F6B472C1CC30,electric_bike,"2026-05-25 16:45:13.812","2026-05-25 17:13:46.596","Pier 61 at Chelsea Piers",6233.04,"Cadman Plaza E & Tillary St",4677.01,40.746872,-74.00821,40.69597683,-73.99014892,casual
4327500,tripdata_5,40F7B067B43E25DA,classic_bike,"2026-05-26 17:19:34.389","2026-05-26 17:33:22.072","W 34 St & 11 Ave",6578.01,"Greenwich St & Perry St",5922.04,40.75594159,-74.0021163,40.73498,-74.00697,member
4328000,tripdata_5,C615462ED649E497,electric_bike,"2026-05-28 18:12:32.370","2026-05-28 18:27:21.087","Bayard St & Baxter St",5351.03,"Centre St & Chambers St",5207.01,40.71602118,-73.99974372,40.71273266,-74.0046073,casual
4328500,tripdata_5,41E64A1180F8BC4C,electric_bike,"2026-05-29 11:50:02.409","2026-05-29 12:03:08.290","Sterling St & Nostrand Ave",3657.06,"Prospect Pl & Vanderbilt Ave",4157.15,40.66318,-73.95076,40.67767534,-73.96902144,casual
4329000,tripdata_5,8C1BFF0497870597,electric_bike,"2026-05-19 05:50:14.294","2026-05-19 05:58:48.013","E 33 St & 1 Ave",6197.08,"Stanton St & Chrystie St",5523.02,40.74322681432173,-73.97449783980846,40.72229346,-73.99147535,member
4329500,tripdata_5,94E2266A2ADE648D,classic_bike,"2026-05-25 17:34:30.655","2026-05-25 17:44:33.613","Wallabout St & Kent Ave",4826.04,"Myrtle Ave & Marcy Ave",4707.03,40.6991049,-73.960633406,40.69539817,-73.94954908,member
4330000,tripdata_5,0DC4BA0D5C75913E,electric_bike,"2026-05-27 20:20:20.370","2026-05-27 20:29:30.751","Lispenard St & Broadway",5391.06,"Stanton St & Chrystie St",5523.02,40.71939226,-74.00247214,40.72229346,-73.99147535,member
4330500,tripdata_5,5732B0FB951D3CD4,electric_bike,"2026-05-27 19:03:08.986","2026-05-27 19:09:00.372","Bergen St & Flatbush Ave",4281.08,"Prospect Pl & Vanderbilt Ave",4157.15,40.680944723477296,-73.97567331790923,40.67767534,-73.96902144,member
4331000,tripdata_5,29500F5D93F1D186,electric_bike,"2026-05-31 09:20:31.903","2026-05-31 09:48:38.542","3 St & 7 Ave",3905.15,"Bleecker St & Crosby St",5679.08,40.6703837,-73.97839676,40.72615604980408,-73.99510189890862,member
4331500,tripdata_5,23ECA1A0E546F21B,electric_bike,"2026-05-31 15:00:42.988","2026-05-31 15:08:20.950","Division St & Bowery",5311.08,"Stanton St & Chrystie St",5523.02,40.71419,-73.99673,40.72229346,-73.99147535,member
4332000,tripdata_5,1C819050770E8E47,electric_bike,"2026-05-25 10:39:42.543","2026-05-25 10:49:21.036","E 33 St & 1 Ave",6197.08,"Stanton St & Chrystie St",5523.02,40.74322681432173,-73.97449783980846,40.72229346,-73.99147535,member
4332500,tripdata_5,4667C5D56161CD4D,electric_bike,"2026-05-15 15:06:37.154","2026-05-15 15:16:53.465","Park Pl & Carlton Ave",4125.13,"Lincoln Pl & Nostrand Ave",3952.07,40.677358,-73.97211,40.67077,-73.9507,member
4333000,tripdata_5,4CBD9CC6494B192D,classic_bike,"2026-05-28 20:11:02.021","2026-05-28 20:23:35.731","Dean St & Franklin Ave",4107.13,"Pacific St & Thomas S. Boyland St",4023.05,40.67759206937376,-73.955637216568,40.67568,-73.91396,member
4333500,tripdata_5,4E48D88ACC426DB7,classic_bike,"2026-05-18 20:47:26.008","2026-05-18 20:52:19.599","River Ter & Warren St",5368.03,"Centre St & Chambers St",5207.01,40.71759894980997,-74.01587963104248,40.71273266,-74.0046073,member
4334000,tripdata_5,86C448899AB955D6,electric_bike,"2026-05-16 01:28:28.557","2026-05-16 01:35:07.623","Marcy Ave & Gates Ave",4401.04,"Lincoln Pl & Nostrand Ave",3952.07,40.686679,-73.947417,40.67077,-73.9507,casual
4334500,tripdata_5,A39D8CDC8F5D68DE,electric_bike,"2026-05-27 16:33:34.532","2026-05-27 16:42:18.305","W 20 St & 10 Ave",6306.01,"Bleecker St & Crosby St",5679.08,40.745686,-74.005141,40.72615604980408,-73.99510189890862,member
4335000,tripdata_5,20517A6A2BE23B6C,electric_bike,"2026-05-29 15:05:20.889","2026-05-29 15:37:38.661","Atlantic Ave & Fort Greene Pl",4354.07,"Centre St & Chambers St",5207.01,40.68382604,-73.97632328,40.71273266,-74.0046073,casual
4335500,tripdata_5,B816FA0402BF180C,electric_bike,"2026-05-29 11:50:38.316","2026-05-29 11:54:46.695","Howard St & Lafayette St",5422.04,"Stanton St & Chrystie St",5523.02,40.71910537,-73.99973337,40.72229346,-73.99147535,member
4336000,tripdata_5,B1EA711E8599EB08,electric_bike,"2026-05-20 00:19:29.208","2026-05-20 00:37:57.314","Clark St & Henry St",4789.03,"Lincoln Pl & Nostrand Ave",3952.07,40.69760127,-73.99344559,40.67077,-73.9507,member
4336500,tripdata_5,2C587292BEF83E61,electric_bike,"2026-05-25 18:45:44.355","2026-05-25 19:03:57.204","Metropolitan Ave & Bedford Ave",5308.04,"Stanton St & Chrystie St",5523.02,40.71534825,-73.96024116,40.72229346,-73.99147535,casual
4337000,tripdata_5,EC682D03D946DF33,classic_bike,"2026-05-15 10:06:38.919","2026-05-15 10:14:28.367","75 St & 35 Ave",6408.08,"55 St & Northern Blvd",6502.01,40.75091,-73.89111,40.75326,-73.90585,member
4337500,tripdata_5,738D091ED228F696,electric_bike,"2026-05-28 17:09:05.198","2026-05-28 17:16:22.515","Kane St & Clinton St",4455.11,"Coffey St & Conover St",4137.1,40.6861758,-73.99645295,40.677236,-74.015665,member
4338000,tripdata_5,BD83B0A50C260B58,electric_bike,"2026-05-20 12:55:53.509","2026-05-20 13:06:27.352","W 21 St & 6 Ave",6140.05,"W 40 St & 7 Ave",6560.14,40.74173969,-73.99415556,40.754818,-73.988154,member
4338500,tripdata_5,46766A7634BFE1C2,electric_bike,"2026-05-29 17:45:26.504","2026-05-29 17:49:58.724","Pulaski St & Throop Ave",4625.01,"Myrtle Ave & Marcy Ave",4707.03,40.693115,-73.943149,40.69539817,-73.94954908,member
4339000,tripdata_5,C34344938DD22765,classic_bike,"2026-05-25 23:42:07.291","2026-05-25 23:44:24.484","Stanton St & Chrystie St",5523.02,"Stanton St & Chrystie St",5523.02,40.72229346,-73.99147535,40.72229346,-73.99147535,casual
4339500,tripdata_5,B3A28F9732C0A54A,classic_bike,"2026-05-17 12:13:56.717","2026-05-17 12:20:05.643","W 16 St & The High Line",6233.05,"Greenwich St & Perry St",5922.04,40.74334935,-74.00681753,40.73498,-74.00697,member
4340000,tripdata_5,E45074656A278116,classic_bike,"2026-05-22 09:39:45.026","2026-05-22 09:53:18.837","1 Ave & E 6 St",5626.15,"Centre St & Chambers St",5207.01,40.72633085971696,-73.98616880178452,40.71273266,-74.0046073,member
4340500,tripdata_5,60D08356E391CAA7,electric_bike,"2026-05-17 15:32:04.038","2026-05-17 15:35:40.013","E 6 St & 2 Ave",5669.12,"Bleecker St & Crosby St",5679.08,40.727378693232225,-73.98840844631195,40.72615604980408,-73.99510189890862,member
4341000,tripdata_5,38FDE684439EB331,electric_bike,"2026-05-26 06:13:45.251","2026-05-26 06:19:08.560","8 Ave & W 38 St",6526.05,"Broadway & W 25 St",6173.08,40.75461,-73.99177,40.74286877312112,-73.98918628692627,member
4341500,tripdata_5,874496EAD5C5382B,electric_bike,"2026-05-21 09:15:51.141","2026-05-21 09:51:19.894","Riverside Dr & W 104 St",7623.13,"Bus Slip & State St",4889.06,40.8013434,-73.9711457439,40.701907,-74.013942,member
4342000,tripdata_5,6CE9F480AE19A920,electric_bike,"2026-05-28 12:22:25.780","2026-05-28 12:25:51.161","Pierrepont St & Monroe Pl",4718.08,"Concord St & Bridge St",4781.03,40.69535693320225,-73.99344027042389,40.69766564,-73.98476437,member
4342500,tripdata_5,1F0F33DD50E8897A,electric_bike,"2026-05-20 09:00:06.237","2026-05-20 09:23:51.963","W 52 St & 11 Ave",6926.01,"Bus Slip & State St",4889.06,40.76727216,-73.99392888,40.701907,-74.013942,member
4343000,tripdata_5,50A97D0F41A84CF3,electric_bike,"2026-05-18 16:47:31.036","2026-05-18 16:53:53.174","Washington Pl & 6 Ave",5838.09,"Broadway & W 25 St",6173.08,40.73224119,-74.00026394,40.74286877312112,-73.98918628692627,member
4343500,tripdata_5,1D0AED95AAEB0530,electric_bike,"2026-05-21 17:29:45.952","2026-05-21 17:39:23.448","27 St & Hunter St",6310.06,"42 Pl & Northern Blvd",6520.07,40.7485,-73.941275,40.753091,-73.920603,member
4344000,tripdata_5,AE0A6FD42972A4E9,electric_bike,"2026-05-17 10:54:09.819","2026-05-17 10:57:25.524","35 St & 34 Ave",6679.11,"36 Ave & 31 St",6572.08,40.7580583,-73.9242751,40.756540051858984,-73.929555582706,member
4344500,tripdata_5,05A244189800F360,electric_bike,"2026-05-20 17:49:59.662","2026-05-20 18:09:03.211","W 89 St & Columbus Ave",7432.09,"W 16 St & The High Line",6233.05,40.7882213,-73.97041561,40.74334935,-74.00681753,member
4345000,tripdata_5,523CEC70428E3D5A,electric_bike,"2026-05-29 09:45:57.424","2026-05-29 09:54:43.510","1 Ave & E 6 St",5626.15,"Broadway & W 25 St",6173.08,40.72633085971696,-73.98616880178452,40.74286877312112,-73.98918628692627,member
4345500,tripdata_5,BDAD829149660C5B,electric_bike,"2026-05-26 18:23:23.660","2026-05-26 18:32:20.478","Carmine St & 6 Ave",5763.03,"Broadway & W 25 St",6173.08,40.73038599,-74.00214988,40.74286877312112,-73.98918628692627,casual
4346000,tripdata_5,9F3ADBD6B7919082,electric_bike,"2026-05-26 22:52:07.079","2026-05-26 22:55:05.189","Newton Rd & 44 St",6743.06,"42 Pl & Northern Blvd",6520.07,40.7595701,-73.9142678,40.753091,-73.920603,member
4346500,tripdata_5,5978F0B83DD70040,classic_bike,"2026-05-23 12:46:35.105","2026-05-23 12:51:38.949","W 31 St & 7 Ave",6331.01,"Broadway & W 25 St",6173.08,40.749156,-73.9916,40.74286877312112,-73.98918628692627,member
4347000,tripdata_5,76D4C92C4A000DD5,electric_bike,"2026-05-19 23:33:20.675","2026-05-19 23:41:25.789","E 163 St & Tiffany St",7927.08,"3 Ave & E 169 St",8103.05,40.821075,-73.895069,40.832678,-73.905158,member
4347500,tripdata_5,015C7B7EE49C6057,classic_bike,"2026-05-31 12:07:20.369","2026-05-31 12:16:51.430","Rutland Rd & Brooklyn Ave",3576.1,"Sterling St & Bedford Ave",3665.06,40.65969,-73.94517,40.6627059,-73.9569115,member
4348000,tripdata_5,0F82B96C1F429480,electric_bike,"2026-05-19 18:17:36.548","2026-05-19 18:35:12.329","Washington St & Laight St",5509.02,"Broadway & W 38 St",6560.15,40.72231,-74.0106,40.7529728216068,-73.98734897375107,member
4348500,tripdata_5,76E6B31ADC170C1A,electric_bike,"2026-05-21 06:48:44.213","2026-05-21 06:56:56.005","Maple St & Flatbush Ave",3593.01,"Douglass St & 4 Ave",4175.14,40.66026,-73.96045,40.6792788,-73.98154004,member
4349000,tripdata_5,64D19E382FB164BC,classic_bike,"2026-05-29 20:56:20.801","2026-05-29 21:00:52.586","W 15 St & 7 Ave",6030.06,"W 16 St & The High Line",6233.05,40.73935542,-73.99931783,40.74334935,-74.00681753,casual
4349500,tripdata_5,2B9A4B21F523F769,electric_bike,"2026-05-22 14:29:26.990","2026-05-22 14:32:46.857","Park Ave & E 41 St",6432.08,"Broadway & W 38 St",6560.15,40.751581,-73.97791,40.7529728216068,-73.98734897375107,member
4350000,tripdata_5,EAE3672E2D3BAAE9,electric_bike,"2026-05-28 16:44:58.434","2026-05-28 16:56:45.006","E 45 St & 3 Ave",6464.08,"3 Ave & E 82 St",7154.1,40.75255434,-73.97282625,40.775744,-73.9563752,member
4350500,tripdata_5,4C24EF1CCA567AD0,classic_bike,"2026-05-18 17:54:10.615","2026-05-18 17:58:23.463","92 St & Astoria Blvd",6810.01,"25 Ave & 85 St",6817.15,40.76313,-73.8772,40.76328,-73.88404,member
4351000,tripdata_5,C4D79D89A4A38508,electric_bike,"2026-05-20 08:20:33.624","2026-05-20 08:25:27.819","6 Ave & W 33 St",6364.07,"Broadway & W 25 St",6173.08,40.74901271,-73.98848395,40.74286877312112,-73.98918628692627,member
4351500,tripdata_5,5AE8D406127763E7,classic_bike,"2026-05-22 12:10:21.779","2026-05-22 12:29:45.809","Van Brunt St & Wolcott St",4095.03,"Pearl St & York St",4895.15,40.6773429,-74.01275056,40.70140463410644,-73.98768022656441,member
4352000,tripdata_5,B4341B4CDE7AC9A1,electric_bike,"2026-05-30 14:01:56.473","2026-05-30 14:09:16.989","Gramercy Park N & Gramercy Park E",6013.12,"Broadway & W 25 St",6173.08,40.73795,-73.98509,40.74286877312112,-73.98918628692627,casual
4352500,tripdata_5,CD301D879484D767,electric_bike,"2026-05-16 17:12:42.170","2026-05-16 17:37:34.223","Duffield St & Willoughby St",4596.05,"Brooklyn Bridge Park - Pier 2",4756.04,40.69221589,-73.9842844,40.698458,-73.997178,member
4353000,tripdata_5,C081F18C97465E3F,electric_bike,"2026-05-29 15:13:00.782","2026-05-29 15:24:35.417","Flushing Ave & Vanderbilt Ave",4762.05,"Douglass St & 4 Ave",4175.14,40.69795031569544,-73.97077560424805,40.6792788,-73.98154004,member
4353500,tripdata_5,C4FDAAD415CF086D,electric_bike,"2026-05-26 13:37:47.662","2026-05-26 13:45:34.525","Broadway & 74 St",6332.1,"81 St & 34 Ave",6561.01,40.74653,-73.89121,40.75374,-73.88604,member
4354000,tripdata_5,7C941277084F6DAE,classic_bike,"2026-05-20 06:47:26.582","2026-05-20 06:49:03.974","9 Ave & W 18 St",6190.08,"W 16 St & The High Line",6233.05,40.74317449,-74.00366443,40.74334935,-74.00681753,member
4354500,tripdata_5,2AD256378C0FE787,electric_bike,"2026-05-28 12:43:16.457","2026-05-28 12:49:36.912","3 Ave & E 62 St",6830.04,"3 Ave & E 82 St",7154.1,40.76313,-73.96527,40.775744,-73.9563752,member
4355000,tripdata_5,383B31E315E7E3D4,electric_bike,"2026-05-29 19:41:28.476","2026-05-29 19:47:16.243","E 19 St & 3 Ave",5938.01,"Broadway & W 25 St",6173.08,40.73624527,-73.98473765,40.74286877312112,-73.98918628692627,member
4355500,tripdata_5,51B5A12BC817341A,electric_bike,"2026-05-16 20:53:24.072","2026-05-16 21:10:36.212","Montague St & Hicks St",4718.11,"Montague St & Hicks St",4718.11,40.69522407512035,-73.99598850939152,40.69522407512035,-73.99598850939152,member
4356000,tripdata_5,A21427D4F98B06AF,electric_bike,"2026-05-29 21:34:45.697","2026-05-29 21:49:51.902","Mott St & Prince St",5561.04,"Concord St & Bridge St",4781.03,40.72317958,-73.99480012,40.69766564,-73.98476437,casual
4356500,tripdata_5,24A19E52BCC60990,electric_bike,"2026-05-17 14:50:28.532","2026-05-17 15:12:02.233","E 2 St & Ave B",5515.02,"Brooklyn Bridge Park - Pier 2",4756.04,40.72217444,-73.98368779,40.698458,-73.997178,member
4357000,tripdata_5,D75C8887704F3B8E,electric_bike,"2026-05-17 19:35:07.859","2026-05-17 19:47:45.934","W 34 St & 11 Ave",6578.01,"W 16 St & The High Line",6233.05,40.75594159,-74.0021163,40.74334935,-74.00681753,casual
4357500,tripdata_5,24A3FA90E26AF375,classic_bike,"2026-05-26 17:48:46.325","2026-05-26 17:59:50.435","Pier 40 - Hudson River Park",5696.03,"W 16 St & The High Line",6233.05,40.7277140777778,-74.01129573583603,40.74334935,-74.00681753,member
4358000,tripdata_5,F02393EBE0FA09B1,electric_bike,"2026-05-22 17:51:56.394","2026-05-22 17:58:05.446","W 22 St & 8 Ave",6224.03,"Broadway & W 25 St",6173.08,40.74475148,-73.99915362,40.74286877312112,-73.98918628692627,member
4358500,tripdata_5,59A739AD3B1A331C,electric_bike,"2026-05-18 15:04:37.469","2026-05-18 15:09:08.256","Grand Concourse & E 167 St",8126.07,"E 161 St & Park Ave",7979.17,40.834263,-73.917641,40.824811,-73.916407,member
4359000,tripdata_5,1526079DDCE715A4,electric_bike,"2026-05-20 07:45:21.137","2026-05-20 07:51:43.964","Hanson Pl & Ashland Pl",4395.07,"Concord St & Bridge St",4781.03,40.68506807308177,-73.97790759801863,40.69766564,-73.98476437,member
4359500,tripdata_5,B3093ABD5A6F6D00,classic_bike,"2026-05-16 12:49:28.090","2026-05-16 13:10:38.366","Henry St & Grand St",5294.04,"Bus Slip & State St",4889.06,40.714211,-73.981095,40.701907,-74.013942,member
4360000,tripdata_5,58845262171E0EB0,electric_bike,"2026-05-26 17:10:34.765","2026-05-26 17:28:56.901","W 59 St & 10 Ave",7023.04,"Broadway & W 25 St",6173.08,40.770513,-73.988038,40.74286877312112,-73.98918628692627,member
4360500,tripdata_5,56740099B12E3985,electric_bike,"2026-05-31 20:52:38.573","2026-05-31 21:06:52.493","55 Dr & Maurice Ave",5579.04,"Wyckoff Ave & Stanhope St",4931.05,40.7261,-73.90917,40.703545,-73.917775,casual
4361000,tripdata_5,FEDD707A241F2B60,electric_bike,"2026-05-18 16:30:57.769","2026-05-18 16:42:33.895","Prospect Park West & 8 St",3722.04,"Sterling St & Bedford Ave",3665.06,40.66514681533792,-73.97637605667114,40.6627059,-73.9569115,member
4361500,tripdata_5,D962D9F84291D16D,electric_bike,"2026-05-29 08:02:45.009","2026-05-29 08:05:21.048","Crotona Pkwy & Bronx Park S",8325.12,"Boston Rd & E 178 St",8248.05,40.84784,-73.883,40.84096,-73.87923,member
4362000,tripdata_5,3B151FDF2C1FBD4D,electric_bike,"2026-05-25 13:25:22.927","2026-05-25 13:43:31.854","Central Park W & W 85 St",7354.01,"3 Ave & E 82 St",7154.1,40.78476,-73.969862,40.775744,-73.9563752,casual
4362500,tripdata_5,7F7D7265DB51139D,classic_bike,"2026-05-29 22:55:19.278","2026-05-29 23:38:39.045","Brooklyn Bridge Park - Pier 2",4756.04,"Brooklyn Bridge Park - Pier 2",4756.04,40.698458,-73.997178,40.698458,-73.997178,casual
4363000,tripdata_5,9E98DF0E60AA2296,classic_bike,"2026-05-14 20:00:14.337","2026-05-14 20:06:28.239","W 21 St & 6 Ave",6140.05,"W 16 St & The High Line",6233.05,40.74173969,-73.99415556,40.74334935,-74.00681753,casual
4363500,tripdata_5,D5CFB36E0E7D7FDA,classic_bike,"2026-05-29 14:48:56.059","2026-05-29 14:58:07.887","E 53 St & Madison Ave",6659.03,"Broadway & W 38 St",6560.15,40.7597108,-73.97402311,40.7529728216068,-73.98734897375107,member
4364000,tripdata_5,E30DABE78C15356A,electric_bike,"2026-05-25 11:54:17.566","2026-05-25 12:18:42.563","Atlantic Ave & Furman St",4614.04,"W 16 St & The High Line",6233.05,40.69165183,-73.9999786,40.74334935,-74.00681753,member
4364500,tripdata_5,FE13FB30DFAA668E,electric_bike,"2026-05-20 23:41:52.104","2026-05-20 23:45:02.624","St Ann's Ave & E 144 St",7755.03,"St Ann's Ave & E 144 St",7755.03,40.811112,-73.914932,40.811112,-73.914932,member
4365000,tripdata_5,C9D5C4CC7C9687A9,classic_bike,"2026-05-28 11:37:47.258","2026-05-28 12:10:39.561","St James Pl & Oliver St",5238.05,"Brooklyn Bridge Park - Pier 2",4756.04,40.71307916,-73.99851193,40.698458,-73.997178,casual
4365500,tripdata_5,ACBD432E7DAA83D1,electric_bike,"2026-05-15 12:41:32.018","2026-05-15 12:56:21.128","43 Ave & 42 St",6251.06,"Steinway St & 23 Ave",7009.02,40.74534682580983,-73.9219419658184,40.7713937,-73.9077436,member
4366000,tripdata_5,7A96F4F0A7F7011A,electric_bike,"2026-05-19 07:41:43.948","2026-05-19 07:46:38.149","35 Ave & 10 St",6806.06,"36 Ave & 31 St",6572.08,40.76315481910373,-73.93985509872437,40.756540051858984,-73.929555582706,member
4366500,tripdata_5,0BE562F08174B313,electric_bike,"2026-05-19 19:59:28.347","2026-05-19 20:06:41.134","Clinton St & 4 Place",4119.04,"Montague St & Hicks St",4718.11,40.6783563,-74.00014502,40.69522407512035,-73.99598850939152,member
4367000,tripdata_5,82AFD333BD0EDFC7,electric_bike,"2026-05-20 08:05:41.515","2026-05-20 08:14:43.187","25 Ave & 41 St",6943.07,"36 Ave & 31 St",6572.08,40.767666,-73.910963,40.756540051858984,-73.929555582706,member
4367500,tripdata_5,46A50C56BD0D8E5E,electric_bike,"2026-05-28 11:22:38.698","2026-05-28 12:23:00.863","Old Slip & South St",4993.13,"Pearl St & York St",4895.15,40.70336686695866,-74.007867872715,40.70140463410644,-73.98768022656441,casual
4368000,tripdata_5,1319EF110B070703,electric_bike,"2026-05-15 18:12:48.327","2026-05-15 19:08:27.047","Metropolitan Ave & Bedford Ave",5308.04,"2 Ave & 32 St",3532.02,40.71534825,-73.96024116,40.659176,-74.006584,casual
4368500,tripdata_5,432E46444EDF2CC1,classic_bike,"2026-05-20 06:50:26.441","2026-05-20 07:03:30.052","E 10 St & 5 Ave",5872.08,"Broadway & W 38 St",6560.15,40.73331967,-73.99510132,40.7529728216068,-73.98734897375107,member
4369000,tripdata_5,E36FDC999051000F,electric_bike,"2026-05-27 18:17:15.281","2026-05-27 18:24:26.275","46 St & Queens Blvd",6209.08,"36 Ave & 31 St",6572.08,40.74349759836971,-73.91860529780388,40.756540051858984,-73.929555582706,member
4369500,tripdata_5,1893E3276F78B565,classic_bike,"2026-05-21 10:39:09.409","2026-05-21 10:45:16.001","Washington Ave & Park Pl",4116.09,"Prospect Pl & 6 Ave",4166.08,40.675832,-73.963308,40.6793307,-73.97519523,member
4370000,tripdata_5,320A117966CB438C,electric_bike,"2026-05-17 14:06:18.854","2026-05-17 14:35:05.301","Fort Washington Ave & W 173 St",8320.01,"3 Ave & E 82 St",7154.1,40.84522,-73.940493,40.775744,-73.9563752,casual
4370500,tripdata_5,5A5BA3FAE391B24B,classic_bike,"2026-05-31 13:18:58.187","2026-05-31 13:23:19.770","Bedford Ave & Clarkson Ave",3439.03,"Sterling St & Bedford Ave",3665.06,40.65519,-73.9564,40.6627059,-73.9569115,member
4371000,tripdata_5,03E96977FEB8F384,electric_bike,"2026-05-18 12:57:34.098","2026-05-18 13:03:13.983","E 88 St & Park Ave",7293.1,"E 68 St & Madison Ave",6932.15,40.781410700190015,-73.95595908164978,40.7691572,-73.96703464,member
4371500,tripdata_5,C979F5DB9CCA8C95,electric_bike,"2026-05-26 10:02:51.114","2026-05-26 10:05:55.465","Graham Ave & Conselyea St",5291.05,"Driggs Ave & Lorimer St",5481.04,40.715143,-73.944507,40.72179134,-73.9504154,member
4372000,tripdata_5,19221D2838C4BC03,electric_bike,"2026-05-18 08:11:20.473","2026-05-18 08:22:29.253","W 100 St & Manhattan Ave",7538.14,"E 68 St & Madison Ave",6932.15,40.795,-73.9645,40.7691572,-73.96703464,member
4372500,tripdata_5,A4DA149AD96D87AB,electric_bike,"2026-05-25 15:45:29.374","2026-05-25 16:15:50.823","Forsyth St & Broome St",5453.05,"Central Ave & Starr St",4792.03,40.71893904,-73.99266288,40.700003,-73.92834,member
4373000,tripdata_5,63E10434FBEA31AB,classic_bike,"2026-05-19 07:37:11.276","2026-05-19 07:38:37.702","Washington Ave & Park Ave",4724.03,"Flushing Ave & Vanderbilt Ave",4762.05,40.69610226,-73.96751037,40.69795031569544,-73.97077560424805,member
4373500,tripdata_5,C6513C6C0F4A19B7,electric_bike,"2026-05-27 21:33:36.788","2026-05-27 21:54:06.854","Bergen St & 4 Ave",4322.06,"Central Ave & Starr St",4792.03,40.68256425759694,-73.9798977971077,40.700003,-73.92834,member
4374000,tripdata_5,9CF66C9E4643452F,classic_bike,"2026-05-20 07:11:16.352","2026-05-20 07:13:02.311","Lenox Ave & W 133 St",7790.04,"W 135 St & Lenox Terrace Pl",7832.04,40.81296,-73.941878,40.813619,-73.939336,member
4374500,tripdata_5,ED523628D5619ACF,electric_bike,"2026-05-15 23:56:59.217","2026-05-16 00:32:35.049","Pacific St & Nevins St",4362.04,"W 54 St & 11 Ave",6955.05,40.6853761,-73.98302136,40.768333,-73.992573,member
4375000,tripdata_5,3E17A944E189495D,electric_bike,"2026-05-17 17:04:41.125","2026-05-17 17:15:54.473","E 54 St & 1 Ave",6608.09,"E 72 St & Park Ave",6998.08,40.756265,-73.964179,40.77118287540658,-73.96409422159195,casual
4375500,tripdata_5,5DBDDAA07FEA7981,classic_bike,"2026-05-27 20:39:36.395","2026-05-27 21:08:07.040","Park Circle & East Dr",3344.02,"Prospect Pl & Nostrand Ave",4025.02,40.651566,-73.972212,40.67428,-73.9503,member
4376000,tripdata_5,9AAD73231679C5BB,electric_bike,"2026-05-21 17:24:21.454","2026-05-21 17:35:22.524","E 48 St & 5 Ave",6626.01,"W 54 St & 11 Ave",6955.05,40.75724567911726,-73.97805914282799,40.768333,-73.992573,member
4376500,tripdata_5,8CAAC0C2F070678A,electric_bike,"2026-05-28 16:36:05.247","2026-05-28 16:39:03.677","E 61 St & Madison Ave",6801.16,"E 72 St & Park Ave",6998.08,40.764752828526326,-73.97037800510203,40.77118287540658,-73.96409422159195,member
4377000,tripdata_5,80C28D797C3590C5,electric_bike,"2026-05-16 12:44:51.449","2026-05-16 12:59:28.263","E 44 St & 2 Ave",6422.09,"Broadway & W 61 St",7014.12,40.75118387463277,-73.97138714790344,40.77003010255044,-73.9819684624672,member
4377500,tripdata_5,4022428FDDBC7E9A,electric_bike,"2026-05-28 11:44:34.798","2026-05-28 11:47:24.283","W 56 St & 8 Ave",6884.03,"Broadway & W 61 St",7014.12,40.765959181657976,-73.98313522338867,40.77003010255044,-73.9819684624672,member
4378000,tripdata_5,4D7FD695C66F8D27,classic_bike,"2026-05-20 18:17:31.102","2026-05-20 18:43:35.516","S 2 St & Kent Ave",5276.04,"McDonald Ave & Vanderbilt St",3394.03,40.714731,-73.966612,40.651654,-73.981231,member
4378500,tripdata_5,E956180719D03244,electric_bike,"2026-05-20 06:14:38.204","2026-05-20 06:17:19.555","E 81 St & Park Ave",7188.1,"E 88 St & Park Ave",7293.1,40.77677702,-73.9590097,40.781410700190015,-73.95595908164978,member
4379000,tripdata_5,D4E94096780DB004,classic_bike,"2026-05-14 22:07:38.500","2026-05-14 22:25:59.483","Ave C & E 16 St",5769.06,"William St & Pine St",5065.12,40.72984830346529,-73.97455215454102,40.70717936,-74.00887308,member
4379500,tripdata_5,75B4D44615034A21,electric_bike,"2026-05-22 17:53:18.139","2026-05-22 18:01:03.765","W 95 St & Broadway",7541.01,"W 111 St & 5 Ave",7587.16,40.7937704,-73.971888,40.79752078124755,-73.9489397406578,member
4380000,tripdata_5,C679668D2B86B23D,electric_bike,"2026-05-16 16:01:54.189","2026-05-16 16:46:18.438","Leonard St & Church St",5359.11,"E 72 St & Park Ave",6998.08,40.717571,-74.005549,40.77118287540658,-73.96409422159195,member
4380500,tripdata_5,B93AC38A4BEBA445,electric_bike,"2026-05-31 10:21:40.729","2026-05-31 10:37:22.799","W 94 St & Central Park W",7453.08,"E 88 St & Park Ave",7293.1,40.790431,-73.965894,40.781410700190015,-73.95595908164978,member
4381000,tripdata_5,DA92ED5A16A53C87,electric_bike,"2026-05-16 10:15:03.732","2026-05-16 10:29:49.213","3 Ave & E 112 St",7543.15,"E 68 St & Madison Ave",6932.15,40.795508,-73.941606,40.7691572,-73.96703464,member
4381500,tripdata_5,71029D3DCD361792,classic_bike,"2026-05-22 14:18:52.018","2026-05-22 14:19:58.877","5 Ave & E 135 St",7769.06,"W 135 St & Lenox Terrace Pl",7832.04,40.812191,-73.937838,40.813619,-73.939336,member
4382000,tripdata_5,931A6485A9BA1626,electric_bike,"2026-05-18 12:40:42.604","2026-05-18 12:43:55.267","Strong St & University Ave",8707.04,"Giles Pl & Fort Independence St",8786.01,40.87119,-73.89918,40.87869,-73.89862,member
4382500,tripdata_5,97015C0C654CA414,electric_bike,"2026-05-19 07:44:36.786","2026-05-19 08:07:41.055","Driggs Ave & N Henry St",5542.04,"E 68 St & Madison Ave",6932.15,40.72325,-73.94308,40.7691572,-73.96703464,member
4383000,tripdata_5,AC164ECF8D26E047,classic_bike,"2026-05-20 07:27:46.362","2026-05-20 07:30:38.786","Graham Ave & Herbert St",5403.05,"Driggs Ave & Lorimer St",5481.04,40.71929301,-73.94500379,40.72179134,-73.9504154,member
4383500,tripdata_5,557080A6531DDE46,classic_bike,"2026-05-28 18:35:42.629","2026-05-28 18:48:29.880","Kent Ave & Grand St",5388.01,"Flushing Ave & Vanderbilt Ave",4762.05,40.716425,-73.96594,40.69795031569544,-73.97077560424805,casual
4384000,tripdata_5,6DB9F9E6D5891B92,electric_bike,"2026-05-24 19:59:45.951","2026-05-24 20:06:20.899","Central Park W & W 85 St",7354.01,"E 72 St & Park Ave",6998.08,40.78476,-73.969862,40.77118287540658,-73.96409422159195,member
4384500,tripdata_5,E7BFE7CE31B25974,electric_bike,"2026-05-20 17:32:12.777","2026-05-20 18:04:55.001","Convent Ave & W 135 St",7860.08,"W 54 St & 11 Ave",6955.05,40.818215,-73.950988,40.768333,-73.992573,member
4385000,tripdata_5,AECE767F7D776627,electric_bike,"2026-05-24 15:19:28.230","2026-05-24 15:25:22.236","W 70 St & Amsterdam Ave",7207.08,"Broadway & W 61 St",7014.12,40.77748046,-73.98288594,40.77003010255044,-73.9819684624672,member
4385500,tripdata_5,60D57A2308F6A009,electric_bike,"2026-05-20 09:33:38.404","2026-05-20 09:38:18.018","W 42 St & Dyer Ave",6644.07,"W 54 St & 11 Ave",6955.05,40.75898481399634,-73.99379968643188,40.768333,-73.992573,member
4386000,tripdata_5,4555C9781AF7189A,electric_bike,"2026-05-31 14:56:37.536","2026-05-31 15:13:34.867","Willoughby Ave & Myrtle Ave",4759.02,"Driggs Ave & Lorimer St",5481.04,40.69757,-73.93098,40.72179134,-73.9504154,member
4386500,tripdata_5,A0F510B7B6C16A0D,electric_bike,"2026-05-15 19:39:59.283","2026-05-15 20:00:20.611","Prospect Pl & Underhill Ave",4116.08,"Central Ave & Starr St",4792.03,40.6769694,-73.96579,40.700003,-73.92834,member
4387000,tripdata_5,7D8453F27B74BD14,electric_bike,"2026-05-22 12:53:28.572","2026-05-22 13:05:18.057","Central Park S & Grand Army Plaza",6839.15,"E 88 St & Park Ave",7293.1,40.764555,-73.973473,40.781410700190015,-73.95595908164978,member
4387500,tripdata_5,50F345E5623623AE,electric_bike,"2026-05-16 19:25:08.998","2026-05-16 19:36:20.559","W 76 St & Columbus Ave",7281.09,"E 88 St & Park Ave",7293.1,40.7801839724239,-73.97728532552719,40.781410700190015,-73.95595908164978,member
4388000,tripdata_5,3F0DF0D1D426716B,electric_bike,"2026-05-15 19:54:02.727","2026-05-15 20:11:34.099","1 Ave & E 18 St",5854.09,"E 33 St & Park Ave",6280.13,40.733812191966315,-73.98054420948029,40.74652543,-73.98214281,casual
4388500,tripdata_5,684BAF6F856F060B,electric_bike,"2026-05-18 11:02:01.067","2026-05-18 11:06:34.760","W 44 St & 11 Ave",6756.05,"W 54 St & 11 Ave",6955.05,40.762009,-73.996975,40.768333,-73.992573,member
4389000,tripdata_5,8EFED47089F7050E,electric_bike,"2026-05-24 18:44:58.056","2026-05-24 18:53:43.317","Prospect Pl & Vanderbilt Ave",4157.15,"Prospect Pl & Nostrand Ave",4025.02,40.67767534,-73.96902144,40.67428,-73.9503,casual
4389500,tripdata_5,1EDB013A6AEB2CC3,electric_bike,"2026-05-19 06:38:53.736","2026-05-19 06:46:59.858","E 72 St & Park Ave",6998.08,"E 72 St & Park Ave",6998.08,40.77118287540658,-73.96409422159195,40.77118287540658,-73.96409422159195,member
4390000,tripdata_5,39C8874B9C3DD654,electric_bike,"2026-05-27 20:22:52.574","2026-05-27 20:42:16.928","Amsterdam Ave & W 73 St",7260.09,"E 88 St & Park Ave",7293.1,40.77966809007312,-73.98093044757842,40.781410700190015,-73.95595908164978,member
4390500,tripdata_5,C1E4756DFB3D2466,electric_bike,"2026-05-22 09:20:42.571","2026-05-22 09:27:45.967","Amsterdam Ave & W 73 St",7260.09,"E 72 St & Park Ave",6998.08,40.77966809007312,-73.98093044757842,40.77118287540658,-73.96409422159195,member
4391000,tripdata_5,E9A3A7A192CA3F54,electric_bike,"2026-05-22 07:53:43.446","2026-05-22 07:58:35.602","Park Ave & E 124 St",7682.01,"W 111 St & 5 Ave",7587.16,40.8045555,-73.9396861,40.79752078124755,-73.9489397406578,member
4391500,tripdata_5,EFF6E7FFCC884462,electric_bike,"2026-05-17 13:14:21.248","2026-05-17 13:23:59.319","Amsterdam Ave & W 82 St",7360.1,"E 72 St & Park Ave",6998.08,40.78524672,-73.97667321,40.77118287540658,-73.96409422159195,member
4392000,tripdata_5,762FF906E3BF4ABF,electric_bike,"2026-05-17 09:13:43.773","2026-05-17 09:23:07.873","Amsterdam Ave & W 79 St",7311.02,"E 68 St & Madison Ave",6932.15,40.7829391,-73.9786517,40.7691572,-73.96703464,member
4392500,tripdata_5,D8A58BE2DD5BD91B,electric_bike,"2026-05-27 21:17:22.878","2026-05-27 21:34:33.811","Flushing Ave & Clermont Ave",4804.03,"Central Ave & Starr St",4792.03,40.69804052908624,-73.97148517679594,40.700003,-73.92834,casual
4393000,tripdata_5,1CF8D622217542B8,electric_bike,"2026-05-17 18:21:55.478","2026-05-17 18:33:02.161","Riverside Dr & W 72 St",7288.04,"W 54 St & 11 Ave",6955.05,40.78057799010334,-73.98562431335449,40.768333,-73.992573,casual
4393500,tripdata_5,5EDB38DB7FEF7740,electric_bike,"2026-05-20 23:28:13.403","2026-05-20 23:30:36.483","George St & Wilson Ave",4906.07,"Central Ave & Starr St",4792.03,40.702997,-73.92997,40.700003,-73.92834,member
4394000,tripdata_5,672FA125CC9482CE,electric_bike,"2026-05-29 12:23:56.857","2026-05-29 12:56:38.839","E 114 St & 1 Ave",7540.02,"E 33 St & Park Ave",6280.13,40.7945663,-73.9362541,40.74652543,-73.98214281,member
4394500,tripdata_5,A6415DEE053EFE51,classic_bike,"2026-05-31 20:01:29.908","2026-05-31 20:20:59.534","W 54 St & 11 Ave",6955.05,"W 54 St & 11 Ave",6955.05,40.768333,-73.992573,40.768333,-73.992573,member
4395000,tripdata_5,6E695722EEAAA626,electric_bike,"2026-05-18 15:25:51.713","2026-05-18 15:46:21.636","64 St & Woodbine St",5057.09,"Driggs Ave & Lorimer St",5481.04,40.70809,-73.89549,40.72179134,-73.9504154,member
4395500,tripdata_5,4315D3677034D0C9,classic_bike,"2026-05-17 16:05:03.033","2026-05-17 16:41:17.491","Kent Ave & Division Ave",5021.05,"Flushing Ave & Vanderbilt Ave",4762.05,40.706563674670925,-73.9683187007904,40.69795031569544,-73.97077560424805,member
4396000,tripdata_5,CBACF0CC06583ACB,electric_bike,"2026-05-25 12:53:43.604","2026-05-25 12:59:29.131","St Nicholas Ave & W 126 St",7756.1,"W 111 St & 5 Ave",7587.16,40.8114323,-73.9518776,40.79752078124755,-73.9489397406578,casual
4396500,tripdata_5,EAE9ABADCC67D8B3,electric_bike,"2026-05-27 15:42:38.567","2026-05-27 15:48:36.345","Park Ave & E 42 St",6432.09,"E 33 St & Park Ave",6280.13,40.751873,-73.977706,40.74652543,-73.98214281,casual
4397000,tripdata_5,350B0019ACB565EA,classic_bike,"2026-05-18 10:29:41.580","2026-05-18 10:33:40.200","Rutgers St & Henry St",5230.02,"Cherry St",5181.04,40.71332151208186,-73.99009689688683,40.71219906,-73.97948148,member
4397500,tripdata_5,2CAD9693191161A0,electric_bike,"2026-05-26 02:17:31.075","2026-05-26 02:29:02.446","E 75 St & 3 Ave",6991.12,"E 33 St & Park Ave",6280.13,40.77112927,-73.95772297,40.74652543,-73.98214281,member
4398000,tripdata_5,8BFD840F34ED0379,electric_bike,"2026-05-19 17:59:04.239","2026-05-19 18:10:23.066","Plaza St West & Flatbush Ave",4010.13,"Flushing Ave & Vanderbilt Ave",4762.05,40.6750207,-73.97111473,40.69795031569544,-73.97077560424805,member
4398500,tripdata_5,C4150BE2F345A985,electric_bike,"2026-05-18 16:56:14.924","2026-05-18 17:00:47.470","Montague St & Clinton St",4677.06,"DeKalb Ave & Hudson Ave",4513.06,40.6942715,-73.9923272,40.689888,-73.981013,member
4399000,tripdata_5,0F564FB634028B92,classic_bike,"2026-05-30 16:49:16.891","2026-05-30 16:55:34.718","Broadway & 74 St",6332.1,"Queens Blvd & Albion Ave",6056.02,40.74653,-73.89121,40.73856,-73.88553,member
4399500,tripdata_5,0776502568795C96,electric_bike,"2026-05-22 11:24:18.031","2026-05-22 11:36:43.214","Howard St & Lafayette St",5422.04,"Hudson St & W 13 St",6115.06,40.71910537,-73.99973337,40.74005708567285,-74.0052741765976,member
4400000,tripdata_5,6375564B190DE84C,electric_bike,"2026-05-20 20:13:46.634","2026-05-20 20:15:06.595","Featherbed Ln & Nelson Ave",8327.15,"Nelson Ave & W 172 St",8290.01,40.846011,-73.919637,40.843965,-73.920999,member
4400500,tripdata_5,7F378301589BB3D7,electric_bike,"2026-05-15 17:43:54.189","2026-05-15 18:09:05.843","35 Ave & 37 St",6563.12,"Wards Meadow Comfort Station",7327.01,40.7557327,-73.9236611,40.78294,-73.93077,member
4401000,tripdata_5,82D3B639140DF6BA,electric_bike,"2026-05-26 11:24:39.925","2026-05-26 11:26:21.015","Willoughby St & Ashland Pl",4587.02,"DeKalb Ave & Hudson Ave",4513.06,40.69178,-73.97877,40.689888,-73.981013,member
4401500,tripdata_5,D7FA23A0E45CEE82,electric_bike,"2026-05-16 15:44:15.484","2026-05-16 15:46:25.443","E 132 St & Madison Ave",7748.02,"E 128 St & Madison Ave",7735.23,40.810224,-73.937195,40.80756,-73.939182,member
4402000,tripdata_5,0078CAB02122F707,classic_bike,"2026-05-19 19:47:14.592","2026-05-19 20:18:31.869","Main St & Plymouth St",4936.21,"DeKalb Ave & Hudson Ave",4513.06,40.703781673548306,-73.99073392152786,40.689888,-73.981013,member
4402500,tripdata_5,6B297248C5DA4005,electric_bike,"2026-05-15 15:15:28.299","2026-05-15 15:43:48.473","E 47 St & 2 Ave",6498.1,"Leonard St & Maujer St",5148.03,40.75323098,-73.97032517,40.7103685423523,-73.94705951213837,member
4403000,tripdata_5,6445DC39CCDDB71C,electric_bike,"2026-05-29 09:06:11.913","2026-05-29 09:33:04.057","28 St & 36 Ave",6614.01,"Hudson St & W 13 St",6115.06,40.757186,-73.932719,40.74005708567285,-74.0052741765976,member
4403500,tripdata_5,2F3A40602C710783,electric_bike,"2026-05-22 08:09:07.439","2026-05-22 08:14:20.621","W 21 St & 6 Ave",6140.05,"Hudson St & W 13 St",6115.06,40.74173969,-73.99415556,40.74005708567285,-74.0052741765976,member
4404000,tripdata_5,10B546A7167D57EE,classic_bike,"2026-05-29 19:23:15.001","2026-05-29 19:33:04.926","Grand St & Wythe Ave",5348.1,"Leonard St & Maujer St",5148.03,40.71575,-73.96433,40.7103685423523,-73.94705951213837,casual
4404500,tripdata_5,0591F9DC287A07A4,electric_bike,"2026-05-30 18:43:45.278","2026-05-30 18:52:22.651","Spring St & Hudson St",5653.12,"Hudson St & W 13 St",6115.06,40.72583996792375,-74.0076532959938,40.74005708567285,-74.0052741765976,casual
4405000,tripdata_5,36551E7AE9E8EF1A,classic_bike,"2026-05-19 09:04:08.508","2026-05-19 09:11:37.117","Perry St & Bleecker St",5922.07,"Hudson St & W 13 St",6115.06,40.73535398,-74.00483091,40.74005708567285,-74.0052741765976,member
4405500,tripdata_5,E7903F5FA7E30C9F,classic_bike,"2026-05-31 09:24:04.592","2026-05-31 09:26:50.498","W 15 St & 7 Ave",6030.06,"Hudson St & W 13 St",6115.06,40.73935542,-73.99931783,40.74005708567285,-74.0052741765976,member
4406000,tripdata_5,0C150773950E6532,classic_bike,"2026-05-27 00:25:12.100","2026-05-27 00:36:39.396","Graham Ave & Conselyea St",5291.05,"Driggs Ave & N Henry St",5542.04,40.715143,-73.944507,40.72325,-73.94308,member
4406500,tripdata_5,02FBB34F9E9857F6,electric_bike,"2026-05-19 10:34:27.442","2026-05-19 10:41:57.771","State St & Smith St",4522.07,"DeKalb Ave & Hudson Ave",4513.06,40.68917,-73.9886,40.689888,-73.981013,casual
4407000,tripdata_5,361EFFA27925276E,electric_bike,"2026-05-19 15:12:55.674","2026-05-19 15:19:13.313","Andrews Ave S & W 179 St",8483.02,"Nelson Ave & W 172 St",8290.01,40.855156,-73.91278,40.843965,-73.920999,member
4407500,tripdata_5,19DE75C88549216B,electric_bike,"2026-05-26 17:16:09.061","2026-05-26 17:23:57.449","Fulton St & Waverly Ave",4345.11,"DeKalb Ave & Hudson Ave",4513.06,40.683238654603414,-73.96599590778351,40.689888,-73.981013,casual
4408000,tripdata_5,2C476B3548BDB40E,electric_bike,"2026-05-25 01:12:02.717","2026-05-25 01:46:25.004","12 Ave & W 40 St",6765.01,"E 128 St & Madison Ave",7735.23,40.76087502,-74.00277668,40.80756,-73.939182,member
4408500,tripdata_5,9EB9F1D44A17E131,electric_bike,"2026-05-28 12:05:51.109","2026-05-28 12:31:50.210","Parkside Ave & Flatbush Ave",3480.04,"Leonard St & Maujer St",5148.03,40.65563,-73.95968,40.7103685423523,-73.94705951213837,casual
4409000,tripdata_5,D4D92EFCDFD931BF,electric_bike,"2026-05-27 15:52:11.186","2026-05-27 16:01:32.752","E 25 St & 2 Ave",6046.02,"Hudson St & W 13 St",6115.06,40.73912601,-73.97973776,40.74005708567285,-74.0052741765976,member
4409500,tripdata_5,DDECAACAB4EBDE65,electric_bike,"2026-05-20 20:31:18.459","2026-05-20 20:41:41.045","W 30 St & 10 Ave",6459.07,"Hudson St & W 13 St",6115.06,40.752694,-74.002353,40.74005708567285,-74.0052741765976,member
4410000,tripdata_5,5D87ADE998236467,classic_bike,"2026-05-30 12:34:19.968","2026-05-30 12:38:38.962","9 Ave & W 22 St",6266.06,"Hudson St & W 13 St",6115.06,40.7454973,-74.00197139,40.74005708567285,-74.0052741765976,member
4410500,tripdata_5,7296C3B815E78ABB,electric_bike,"2026-05-29 12:29:29.602","2026-05-29 12:32:09.763","Bushwick Ave & Stagg St",5140.06,"Leonard St & Maujer St",5148.03,40.709897,-73.94008,40.7103685423523,-73.94705951213837,member
4411000,tripdata_5,E092813E53444DCE,electric_bike,"2026-05-27 18:55:27.376","2026-05-27 19:11:51.679","E 1 St & 1 Ave",5593.01,"Hudson St & W 13 St",6115.06,40.72335597960796,-73.98864984512329,40.74005708567285,-74.0052741765976,casual
4411500,tripdata_5,A8EAB87DA0F8A0CE,electric_bike,"2026-05-26 04:44:44.803","2026-05-26 04:57:01.411","Halsey St & Tompkins Ave",4319.07,"DeKalb Ave & Hudson Ave",4513.06,40.6823687,-73.944118,40.689888,-73.981013,member
4412000,tripdata_5,213F8AD1D32EC323,electric_bike,"2026-05-20 07:34:05.727","2026-05-20 07:35:34.579","9 Ave & W 18 St",6190.08,"Hudson St & W 13 St",6115.06,40.74317449,-74.00366443,40.74005708567285,-74.0052741765976,member
4412500,tripdata_5,C3AF4DD1B2F07B7B,electric_bike,"2026-05-14 20:50:14.913","2026-05-14 21:07:22.882","Delancey St & Eldridge St",5414.07,"Hudson St & W 13 St",6115.06,40.719383,-73.991479,40.74005708567285,-74.0052741765976,casual
4413000,tripdata_5,E9B291DFAC754D68,electric_bike,"2026-05-29 08:59:19.272","2026-05-29 09:01:19.812","Lenox Ave & W 126 St",7720.03,"E 128 St & Madison Ave",7735.23,40.808442,-73.9452087,40.80756,-73.939182,member
4413500,tripdata_5,D89117B61E055866,electric_bike,"2026-05-26 14:27:52.571","2026-05-26 14:32:19.912","E 33 St & 1 Ave",6197.08,"E 44 St & Lexington Ave",6464.09,40.74322681432173,-73.97449783980846,40.752643,-73.974996,member
4414000,tripdata_5,71E3BD059C722FB3,classic_bike,"2026-05-22 06:18:36.556","2026-05-22 06:27:06.161","E 11 St & Ave B",5659.11,"W 13 St & 7 Ave",6030.04,40.72746420692392,-73.97950418293476,40.73781509,-73.99994661,member
4414500,tripdata_5,D8726BD2BD3B2782,electric_bike,"2026-05-16 12:22:39.700","2026-05-16 13:29:07.966","E 11 St & Ave B",5659.11,"Riverside Dr & W 78 St",7340.06,40.72746420692392,-73.97950418293476,40.78414472,-73.98362492,member
4415000,tripdata_5,24B8D7B92F1FCF81,electric_bike,"2026-05-19 16:12:38.813","2026-05-19 16:30:34.009","E 44 St & Lexington Ave",6464.09,"Rivington St & Ridge St",5406.02,40.752643,-73.974996,40.71850211,-73.98329859,member
4415500,tripdata_5,4E11EDD3A253B1DD,electric_bike,"2026-05-29 14:12:35.212","2026-05-29 14:16:19.747","E 47 St & 1 Ave",6498.09,"E 44 St & Lexington Ave",6464.09,40.75206862,-73.96784384,40.752643,-73.974996,member
4416000,tripdata_5,925C84E288F2BF1C,classic_bike,"2026-05-27 20:32:02.031","2026-05-27 21:07:18.669","Hudson Blvd W & W 36 St",6611.07,"E 5 St & Cooper Sq",5712.12,40.75676475086503,-73.99971440439913,40.72769,-73.990993,member
4416500,tripdata_5,FB673F23BDB2AA62,electric_bike,"2026-05-22 14:59:09.881","2026-05-22 15:11:00.625","W 26 St & 10 Ave",6382.05,"W 13 St & 7 Ave",6030.04,40.749717753,-74.002950346,40.73781509,-73.99994661,member
4417000,tripdata_5,C7FBDF5D1AD63D8C,electric_bike,"2026-05-16 05:38:33.967","2026-05-16 05:55:02.530","Bedford Ave & Nassau Ave",5550.05,"Lefferts Pl & Franklin Ave",4222.02,40.72311651,-73.95212324,40.680342423,-73.9557689392,casual
4417500,tripdata_5,3B1F4B0A0C547B31,classic_bike,"2026-05-20 07:32:31.251","2026-05-20 07:34:26.074","E 11 St & 3 Ave",5788.16,"E 15 St & 3 Ave",5863.07,40.73127,-73.98849,40.734232,-73.986923,member
4418000,tripdata_5,E3C78EFBB724D638,electric_bike,"2026-05-15 08:47:11.649","2026-05-15 08:50:04.620","E 48 St & 5 Ave",6626.01,"E 44 St & Lexington Ave",6464.09,40.75724567911726,-73.97805914282799,40.752643,-73.974996,member
4418500,tripdata_5,9E560DCE322BFD82,electric_bike,"2026-05-17 17:05:14.262","2026-05-17 17:10:04.771","Hope St & Union Ave",5187.03,"N 6 St & Bedford Ave",5379.1,40.71167351,-73.95141312,40.71745169,-73.95850939,member
4419000,tripdata_5,FE511A77F480EA03,electric_bike,"2026-05-15 21:33:48.889","2026-05-15 21:49:16.136","E 7 St & Ave C",5545.01,"N 6 St & Bedford Ave",5379.1,40.72412944090093,-73.97901266813278,40.71745169,-73.95850939,casual
4419500,tripdata_5,B35D7EEFB0709F9B,electric_bike,"2026-05-22 13:48:12.583","2026-05-22 13:52:19.234","E 12 St & 3 Ave",5788.12,"W 13 St & 7 Ave",6030.04,40.73223272,-73.98889957,40.73781509,-73.99994661,member
4420000,tripdata_5,9C78142B43BAF7C3,classic_bike,"2026-05-18 11:21:44.758","2026-05-18 11:27:42.414","E 15 St & 3 Ave",5863.07,"E 15 St & 3 Ave",5863.07,40.734232,-73.986923,40.734232,-73.986923,member
4420500,tripdata_5,51AEE1D1439FC2F0,electric_bike,"2026-05-17 13:29:47.024","2026-05-17 13:31:29.987","E 17 St & 2 Ave",5896.01,"E 15 St & 3 Ave",5863.07,40.73431166276575,-73.98372530937195,40.734232,-73.986923,member
4421000,tripdata_5,1746EFDF9A0E2CC2,electric_bike,"2026-05-22 17:40:11.836","2026-05-22 17:47:37.180","Washington Pl & 6 Ave",5838.09,"E 5 St & Cooper Sq",5712.12,40.73224119,-74.00026394,40.72769,-73.990993,member
4421500,tripdata_5,D005935A412D5DD3,classic_bike,"2026-05-28 13:18:18.342","2026-05-28 13:36:27.464","E 5 St & Cooper Sq",5712.12,"N 6 St & Bedford Ave",5379.1,40.72769,-73.990993,40.71745169,-73.95850939,member
4422000,tripdata_5,568E98B7F4942F35,classic_bike,"2026-05-30 12:44:51.202","2026-05-30 12:49:31.176","Driggs Ave & N Henry St",5542.04,"Calyer St & Jewel St",5743.02,40.72325,-73.94308,40.72984,-73.94839,member
4422500,tripdata_5,FCC85E751C4E94CD,electric_bike,"2026-05-20 18:22:31.437","2026-05-20 18:30:58.807","5 Ave & E 30 St",6248.08,"W 13 St & 7 Ave",6030.04,40.7459849,-73.98629487,40.73781509,-73.99994661,member
4423000,tripdata_5,B9F3B90D614E370B,electric_bike,"2026-05-17 13:51:56.466","2026-05-17 13:57:55.275","Gansevoort St & Hudson St",6072.16,"W 13 St & 7 Ave",6030.04,40.73937600789778,-74.00520807425661,40.73781509,-73.99994661,member
4423500,tripdata_5,0C5F665173E7A785,classic_bike,"2026-05-20 13:41:43.813","2026-05-20 13:45:59.444","E 53 St & Lexington Ave",6617.09,"E 44 St & Lexington Ave",6464.09,40.75828065,-73.97069431,40.752643,-73.974996,member
4424000,tripdata_5,01361E87B0642D71,electric_bike,"2026-05-15 16:55:34.183","2026-05-15 17:14:10.484","Schermerhorn St & Court St",4565.07,"Lewis Ave & Madison St",4425.02,40.6910363748993,-73.99201065301895,40.686312,-73.935775,member
4424500,tripdata_5,A3A0E34531987864,electric_bike,"2026-05-18 22:26:15.647","2026-05-18 22:36:46.341","Washington Pl & 6 Ave",5838.09,"Rivington St & Ridge St",5406.02,40.73224119,-74.00026394,40.71850211,-73.98329859,member
4425000,tripdata_5,F7C8382C60D0F53D,electric_bike,"2026-05-20 08:40:04.383","2026-05-20 08:43:19.072","Broadway & E 21 St",6098.1,"E 15 St & 3 Ave",5863.07,40.739888408589955,-73.98958593606949,40.734232,-73.986923,member
4425500,tripdata_5,907088F75ECC6413,classic_bike,"2026-05-27 16:58:05.878","2026-05-27 17:13:58.976","E 72 St & York Ave",6889.12,"E 44 St & Lexington Ave",6464.09,40.76663814,-73.95348296,40.752643,-73.974996,member
4426000,tripdata_5,1BDCEC2F2CD1F4BD,electric_bike,"2026-05-26 18:13:36.696","2026-05-26 18:23:58.449","Broadway & W 61 St",7014.12,"Riverside Dr & W 78 St",7340.06,40.77003010255044,-73.9819684624672,40.78414472,-73.98362492,member
4426500,tripdata_5,C2607415EB542E51,electric_bike,"2026-05-15 11:53:14.777","2026-05-15 11:56:26.419","Putnam Ave & Throop Ave",4392.04,"Pulaski St & Throop Ave",4625.01,40.6851532,-73.94111,40.693115,-73.943149,member
4427000,tripdata_5,AB70104C53D76A0F,electric_bike,"2026-05-28 16:59:17.749","2026-05-28 17:11:00.670","Manhattan Ave & Devoe St",5219.05,"Pulaski St & Throop Ave",4625.01,40.713532,-73.9459867,40.693115,-73.943149,casual
4427500,tripdata_5,13554B54FF1F8828,electric_bike,"2026-05-27 18:17:08.205","2026-05-27 18:38:39.332","Clinton St & Joralemon St",4605.04,"Montrose Ave & Bushwick Ave",5068.02,40.69239502,-73.99337909,40.70767788,-73.94016171,member
4428000,tripdata_5,CD2D78000AB4CBA9,classic_bike,"2026-05-17 00:19:58.052","2026-05-17 00:27:36.223","Rivington St & Chrystie St",5453.01,"E 15 St & 3 Ave",5863.07,40.72110063,-73.9919254,40.734232,-73.986923,member
4428500,tripdata_5,99AA9DD666A3DC2D,electric_bike,"2026-05-20 21:19:12.931","2026-05-20 21:44:59.434","Ash St & Manhattan Ave",6019.04,"N 6 St & Bedford Ave",5379.1,40.738095,-73.954867,40.71745169,-73.95850939,member
4429000,tripdata_5,76BC1BD58AE65CCD,classic_bike,"2026-05-29 18:29:29.627","2026-05-29 18:40:12.972","10 Ave & W 28 St",6459.04,"W 13 St & 7 Ave",6030.04,40.75066386,-74.00176802,40.73781509,-73.99994661,member
4429500,tripdata_5,B5767F7E1C6AC8AD,classic_bike,"2026-05-15 17:06:58.568","2026-05-15 17:23:47.306","Greenpoint Ave & West St",5752.09,"Montrose Ave & Bushwick Ave",5068.02,40.729803,-73.959099,40.70767788,-73.94016171,casual
4430000,tripdata_5,C3CF33CDF464E2EF,classic_bike,"2026-05-17 09:54:37.060","2026-05-17 10:01:34.951","W 27 St & 6 Ave",6215.07,"W 13 St & 7 Ave",6030.04,40.74526,-73.99062,40.73781509,-73.99994661,member
4430500,tripdata_5,41ECD33A4A25181D,electric_bike,"2026-05-26 18:07:14.011","2026-05-26 18:35:41.918","Kent Ave & N 7 St",5489.03,"N 6 St & Bedford Ave",5379.1,40.72036775298455,-73.96165072917938,40.71745169,-73.95850939,member
4431000,tripdata_5,071E35BCA6D37B05,electric_bike,"2026-05-26 17:52:25.490","2026-05-26 18:23:39.847","DeKalb Ave & S Portland Ave",4546.06,"Morgan Ave & Maspeth Ave",5354.01,40.68967018552252,-73.97527355121376,40.716657,-73.93637,member
4431500,tripdata_5,A3EA88097D3BC5B7,electric_bike,"2026-05-29 16:12:30.922","2026-05-29 17:01:10.874","Henry St & Degraw St",4380.08,"65 Pl & Central Ave",4937.03,40.6847514,-73.99917254,40.70264,-73.88981,casual
4432000,tripdata_5,18C6ADA0B9D53831,electric_bike,"2026-05-29 17:47:54.443","2026-05-29 17:51:51.058","9 Ave & W 22 St",6266.06,"W 20 St & 5 Ave",6098.02,40.7454973,-74.00197139,40.73972989238724,-73.99103969335556,member
4432500,tripdata_5,23B80F12D83CBBBB,electric_bike,"2026-05-28 17:58:07.150","2026-05-28 18:03:06.088","Adam Clayton Powell Blvd & W 123 St",7704.04,"Mt Morris Park W & W 120 St",7685.14,40.8078316,-73.949373,40.804038,-73.945925,member
4433000,tripdata_5,3025B16811883BAB,electric_bike,"2026-05-31 12:02:20.646","2026-05-31 12:12:02.197","W 30 St & 10 Ave",6459.07,"W 13 St & 7 Ave",6030.04,40.752694,-74.002353,40.73781509,-73.99994661,member
4433500,tripdata_5,699D1517006778F2,classic_bike,"2026-05-30 18:35:33.509","2026-05-30 18:50:30.123","3 St & Prospect Park West",3865.05,"Cortelyou Rd & E 8 St",2947.05,40.668132,-73.97363831,40.63874,-73.97063,casual
4434000,tripdata_5,BEEBF9FB8CBB6B06,electric_bike,"2026-05-26 16:40:26.977","2026-05-26 16:43:52.321","S 4 St & Wythe Ave",5204.05,"N 6 St & Bedford Ave",5379.1,40.71285887,-73.96590294,40.71745169,-73.95850939,member
4434500,tripdata_5,587F0185FAA77094,electric_bike,"2026-05-30 14:24:13.815","2026-05-30 14:30:04.419","Bedford Ave & S 9 St",5093.01,"N 6 St & Bedford Ave",5379.1,40.70853074,-73.96408963,40.71745169,-73.95850939,member
4435000,tripdata_5,160299C746EF970D,classic_bike,"2026-05-28 17:18:02.148","2026-05-28 17:27:17.953","Carroll St & 6 Ave",4019.06,"14 St & 5 Ave",3771.06,40.6740886,-73.9787282,40.666287,-73.98895053,member
4435500,tripdata_5,F43AD8CDB66AB62B,classic_bike,"2026-05-26 16:43:04.789","2026-05-26 17:07:50.789","Lawrence St & Willoughby St",4596.09,"Pulaski St & Throop Ave",4625.01,40.69236178,-73.98631746,40.693115,-73.943149,member
4436000,tripdata_5,EAFE55907BEB4AAB,electric_bike,"2026-05-28 16:17:53.201","2026-05-28 16:24:19.775","Great Jones St",5636.11,"Rivington St & Ridge St",5406.02,40.72743423,-73.99379025,40.71850211,-73.98329859,member
4436500,tripdata_5,45909C5E21A95D8F,electric_bike,"2026-05-27 16:51:39.096","2026-05-27 17:06:08.122","Driggs Ave & Lorimer St",5481.04,"Pulaski St & Throop Ave",4625.01,40.72179134,-73.9504154,40.693115,-73.943149,member
4437000,tripdata_5,642543FC02828DF6,electric_bike,"2026-05-17 14:14:15.727","2026-05-17 14:37:51.932","Pier 40 - Hudson River Park",5696.03,"Lefferts Pl & Franklin Ave",4222.02,40.7277140777778,-74.01129573583603,40.680342423,-73.9557689392,member
4437500,tripdata_5,7FE2464821D9069C,electric_bike,"2026-05-25 08:23:10.282","2026-05-25 08:41:43.297","Pulaski St & Throop Ave",4625.01,"Calyer St & Jewel St",5743.02,40.693115,-73.943149,40.72984,-73.94839,member
4438000,tripdata_5,A5F7354F9E79B9EC,electric_bike,"2026-05-26 09:07:54.022","2026-05-26 09:39:49.503","20 Ave & Shore Blvd",7391.02,"E 15 St & 3 Ave",5863.07,40.785994,-73.915098,40.734232,-73.986923,member
4438500,tripdata_5,AD72BBD8C4482A35,electric_bike,"2026-05-28 19:19:58.141","2026-05-28 19:24:41.134","Forsyth St & Grand St",5382.07,"Rivington St & Ridge St",5406.02,40.71779817737835,-73.99316132068634,40.71850211,-73.98329859,member
4439000,tripdata_5,131D40B2D8EC2438,classic_bike,"2026-05-26 18:10:19.626","2026-05-26 18:15:10.223","Wilson Ave & Moffat St",4507.07,"Halsey St & Evergreen Ave",4474.01,40.68906,-73.90506,40.68858,-73.91227,member
4439500,tripdata_5,8B3677958934D011,electric_bike,"2026-05-20 18:12:18.694","2026-05-20 18:15:51.506","S 2 St & Kent Ave",5276.04,"N 6 St & Bedford Ave",5379.1,40.714731,-73.966612,40.71745169,-73.95850939,member
4440000,tripdata_5,A6748E9345C01559,electric_bike,"2026-05-30 11:53:00.064","2026-05-30 12:11:48.216","W 74 St & Columbus Ave",7230.1,"W 20 St & 5 Ave",6098.02,40.7785669,-73.97754961,40.73972989238724,-73.99103969335556,member
4440500,tripdata_5,1D5C4CBD605B5C0B,electric_bike,"2026-05-31 15:24:22.118","2026-05-31 15:29:20.778","Chauncey St & Stuyvesant Ave",4196.05,"Lewis Ave & Madison St",4425.02,40.68012,-73.93168,40.686312,-73.935775,casual
4441000,tripdata_5,F3211FA21ADB49FD,classic_bike,"2026-05-27 09:48:40.017","2026-05-27 09:50:53.957","University Pl & E 14 St",5905.14,"W 13 St & 7 Ave",6030.04,40.734814,-73.992085,40.73781509,-73.99994661,member
4441500,tripdata_5,263F96C81155FEC5,classic_bike,"2026-05-28 13:00:04.169","2026-05-28 13:08:29.006","W 42 St & 6 Ave",6517.08,"E 44 St & Lexington Ave",6464.09,40.75492,-73.98455,40.752643,-73.974996,member
4442000,tripdata_5,010FAF46E7A51444,electric_bike,"2026-05-29 12:58:54.455","2026-05-29 13:04:29.793","Lafayette Ave & St James Pl",4494.04,"Lefferts Pl & Franklin Ave",4222.02,40.68851534,-73.9647628,40.680342423,-73.9557689392,member
4442500,tripdata_5,DC6EB83E30E14FE0,classic_bike,"2026-05-28 10:34:01.476","2026-05-28 11:04:45.923","E 2 St & Ave B",5515.02,"Spruce St & Nassau St",5137.1,40.72217444,-73.98368779,40.71146364,-74.00552427,casual
4443000,tripdata_5,ADB75C56057B7BE7,classic_bike,"2026-05-21 14:54:44.452","2026-05-21 14:56:32.995","Center Blvd & 51 Ave",6179.07,"55 Ave & Center Blvd",6104.01,40.743366080270214,-73.95960688591003,40.740288,-73.960697,member
4443500,tripdata_5,BE16673FF5FC7EF2,electric_bike,"2026-05-25 01:49:56.296","2026-05-25 02:05:57.018","1 Ave & E 30 St",6079.03,"Maiden Ln & Pearl St",5065.1,40.74144387,-73.97536082,40.70706456,-74.00731853,member
4444000,tripdata_5,96D8D3B5F5647F14,electric_bike,"2026-05-17 16:38:51.829","2026-05-17 16:43:15.137","30 Ave & 70 St",6727.02,"73 St & 25 Ave",6757.03,40.76013,-73.89741,40.76205,-73.895,member
